{"type":"FeatureCollection","source":"https://geoservices.big.go.id/rbi/rest/services/BATASWILAYAH/BATAS_KABKOTA_AR/MapServer","edition":"2026-06","features":[{"type":"Feature","properties":{"WADMPR":"Jambi"},"geometry":{"type":"MultiPolygon","coordinates":[[[[103.225825,-2.165433,0.0],[103.219569,-2.1718,0.0],[103.2098,-2.169528,0.0],[103.200639,-2.179347,0.0],[103.186969,-2.184194,0.0],[103.184039,-2.192375,0.0],[103.185044,-2.200922,0.0],[103.176831,-2.207919,0.0],[103.171322,-2.213339,0.0],[103.168722,-2.221022,0.0],[103.167364,-2.229383,0.0],[103.1696,-2.238431,0.0],[103.174986,-2.245561,0.0],[103.18717,-2.253423,0.0],[103.198222,-2.260556,0.0],[103.206111,-2.285556,0.0],[103.204167,-2.291111,0.0],[103.211306,-2.320278,0.0],[103.201111,-2.321611,0.0],[103.1865,-2.328167,0.0],[103.172306,-2.335139,0.0],[103.154042,-2.335583,0.0],[103.139925,-2.344722,0.0],[103.131667,-2.352778,0.0],[103.118611,-2.354083,0.0],[103.103056,-2.34775,0.0],[103.095056,-2.347306,0.0],[103.077703,-2.339639,0.0],[103.072972,-2.338722,0.0],[103.067117,-2.339861,0.0],[103.063064,-2.33625,0.0],[103.062614,-2.324556,0.0],[103.055181,-2.317342,0.0],[103.046397,-2.320667,0.0],[103.039298,-2.322186,0.0],[103.039817,-2.322461,0.0],[103.041325,-2.330554,0.0],[103.037228,-2.337479,0.0],[103.029326,-2.341625,0.0],[103.020336,-2.341269,0.0],[103.011703,-2.341186,0.0],[103.004672,-2.340242,0.0],[102.997639,-2.339522,0.0],[102.989744,-2.339525,0.0],[102.9816,-2.331975,0.0],[102.972342,-2.330222,0.0],[102.963533,-2.335697,0.0],[102.957703,-2.334867,0.0],[102.954843,-2.334867,0.0],[102.949111,-2.333231,0.0],[102.940714,-2.336178,0.0],[102.932918,-2.330569,0.0],[102.928622,-2.326878,0.0],[102.923696,-2.332119,0.0],[102.915001,-2.332478,0.0],[102.910974,-2.32453,0.0],[102.901103,-2.322844,0.0],[102.892769,-2.317339,0.0],[102.877617,-2.324556,0.0],[102.877314,-2.320583,0.0],[102.867542,-2.314517,0.0],[102.870011,-2.327578,0.0],[102.864503,-2.322994,0.0],[102.865208,-2.331894,0.0],[102.855936,-2.333536,0.0],[102.859994,-2.342389,0.0],[102.851625,-2.346103,0.0],[102.848431,-2.350094,0.0],[102.852133,-2.358219,0.0],[102.8532,-2.370244,0.0],[102.843528,-2.373967,0.0],[102.844917,-2.387783,0.0],[102.846689,-2.391347,0.0],[102.852408,-2.3974,0.0],[102.860411,-2.400089,0.0],[102.867147,-2.397708,0.0],[102.869119,-2.405189,0.0],[102.874642,-2.415169,0.0],[102.879247,-2.42435,0.0],[102.8719,-2.424958,0.0],[102.868964,-2.429461,0.0],[102.864931,-2.434244,0.0],[102.860892,-2.434089,0.0],[102.855733,-2.440211,0.0],[102.849489,-2.443083,0.0],[102.848544,-2.448736,0.0],[102.847719,-2.455114,0.0],[102.841014,-2.457253,0.0],[102.838925,-2.463039,0.0],[102.833614,-2.465644,0.0],[102.830192,-2.472003,0.0],[102.826078,-2.475078,0.0],[102.815711,-2.485411,0.0],[102.811908,-2.494492,0.0],[102.808414,-2.500547,0.0],[102.809519,-2.506633,0.0],[102.80835,-2.513294,0.0],[102.800825,-2.516706,0.0],[102.795569,-2.518183,0.0],[102.792914,-2.520531,0.0],[102.796974,-2.526444,0.0],[102.795294,-2.53165,0.0],[102.793944,-2.536061,0.0],[102.790189,-2.541694,0.0],[102.786675,-2.546694,0.0],[102.781458,-2.547661,0.0],[102.779019,-2.550914,0.0],[102.777514,-2.553958,0.0],[102.773083,-2.555369,0.0],[102.767403,-2.556247,0.0],[102.762656,-2.557639,0.0],[102.758286,-2.558522,0.0],[102.752039,-2.560369,0.0],[102.743728,-2.561247,0.0],[102.747336,-2.563758,0.0],[102.741694,-2.568406,0.0],[102.7372,-2.573967,0.0],[102.737217,-2.577925,0.0],[102.734808,-2.579433,0.0],[102.733789,-2.579461,0.0],[102.729736,-2.578939,0.0],[102.725383,-2.579603,0.0],[102.725203,-2.576247,0.0],[102.724197,-2.572114,0.0],[102.7239,-2.5675,0.0],[102.72665,-2.563378,0.0],[102.725628,-2.560372,0.0],[102.725228,-2.559117,0.0],[102.725111,-2.555861,0.0],[102.722617,-2.554814,0.0],[102.720078,-2.561614,0.0],[102.717631,-2.565392,0.0],[102.713389,-2.571189,0.0],[102.710947,-2.577217,0.0],[102.707625,-2.583775,0.0],[102.700979,-2.581892,0.0],[102.695046,-2.581973,0.0],[102.690114,-2.587181,0.0],[102.684928,-2.588864,0.0],[102.680325,-2.5909,0.0],[102.677333,-2.593617,0.0],[102.675403,-2.59675,0.0],[102.675467,-2.601322,0.0],[102.675361,-2.606586,0.0],[102.672683,-2.609139,0.0],[102.666933,-2.610472,0.0],[102.659547,-2.613356,0.0],[102.653961,-2.613044,0.0],[102.644942,-2.613928,0.0],[102.636481,-2.61175,0.0],[102.631139,-2.620089,0.0],[102.624514,-2.61535,0.0],[102.61415,-2.622189,0.0],[102.616114,-2.635342,0.0],[102.615797,-2.652719,0.0],[102.611343,-2.656715,0.0],[102.603817,-2.663467,0.0],[102.597537,-2.66749,0.0],[102.589861,-2.672409,0.0],[102.580642,-2.678317,0.0],[102.571044,-2.674283,0.0],[102.561983,-2.676075,0.0],[102.552664,-2.680108,0.0],[102.548439,-2.676972,0.0],[102.538842,-2.675181,0.0],[102.530589,-2.679211,0.0],[102.522764,-2.680108,0.0],[102.517604,-2.684223,0.0],[102.510406,-2.689964,0.0],[102.511214,-2.696236,0.0],[102.506997,-2.702958,0.0],[102.498103,-2.701164,0.0],[102.497144,-2.694444,0.0],[102.493492,-2.696683,0.0],[102.487639,-2.697761,0.0],[102.474422,-2.701614,0.0],[102.469089,-2.7043,0.0],[102.464569,-2.703406,0.0],[102.458242,-2.700342,0.0],[102.450381,-2.700717,0.0],[102.446311,-2.697078,0.0],[102.43655,-2.694444,0.0],[102.432844,-2.690833,0.0],[102.422814,-2.690833,0.0],[102.418022,-2.690411,0.0],[102.405564,-2.689069,0.0],[102.395428,-2.682958,0.0],[102.396603,-2.675628,0.0],[102.392083,-2.673119,0.0],[102.376717,-2.664844,0.0],[102.373057,-2.656167,0.0],[102.361803,-2.652078,0.0],[102.349603,-2.646608,0.0],[102.341194,-2.651167,0.0],[102.334417,-2.656636,0.0],[102.319217,-2.654814,0.0],[102.314481,-2.649344,0.0],[102.305222,-2.649336,0.0],[102.298178,-2.632933,0.0],[102.287844,-2.626565,0.0],[102.286431,-2.625639,0.0],[102.283556,-2.625667,0.0],[102.283234,-2.625643,0.0],[102.271308,-2.624473,0.0],[102.268807,-2.625143,0.0],[102.266198,-2.62601,0.0],[102.264397,-2.626754,0.0],[102.260297,-2.628179,0.0],[102.258556,-2.629547,0.0],[102.25458,-2.631408,0.0],[102.253024,-2.633275,0.0],[102.251592,-2.635391,0.0],[102.2495,-2.639167,0.0],[102.245193,-2.643239,0.0],[102.242838,-2.64699,0.0],[102.24141,-2.651082,0.0],[102.241382,-2.65583,0.0],[102.241886,-2.658316,0.0],[102.241886,-2.66079,0.0],[102.243082,-2.66653,0.0],[102.241241,-2.670154,0.0],[102.236444,-2.673866,0.0],[102.236159,-2.676779,0.0],[102.236558,-2.679977,0.0],[102.236558,-2.682547,0.0],[102.236469,-2.68541,0.0],[102.236801,-2.689609,0.0],[102.236087,-2.691215,0.0],[102.234153,-2.691514,0.0],[102.225959,-2.694804,0.0],[102.216504,-2.6986,0.0],[102.206306,-2.702694,0.0],[102.199482,-2.705759,0.0],[102.194185,-2.708403,0.0],[102.18898,-2.707659,0.0],[102.184519,-2.708998,0.0],[102.181514,-2.706735,0.0],[102.177527,-2.706166,0.0],[102.168444,-2.707194,0.0],[102.168336,-2.707412,0.0],[102.166911,-2.71055,0.0],[102.165729,-2.712776,0.0],[102.164361,-2.714203,0.0],[102.162933,-2.714798,0.0],[102.161743,-2.714917,0.0],[102.159661,-2.715929,0.0],[102.158233,-2.716464,0.0],[102.155557,-2.717654,0.0],[102.153356,-2.718308,0.0],[102.152047,-2.718784,0.0],[102.1505,-2.719855,0.0],[102.148954,-2.720985,0.0],[102.143624,-2.722032,0.0],[102.14131,-2.722577,0.0],[102.137343,-2.722415,0.0],[102.135583,-2.7225,0.0],[102.132683,-2.725112,0.0],[102.130389,-2.725825,0.0],[102.127872,-2.728028,0.0],[102.12573,-2.728861,0.0],[102.123945,-2.729694,0.0],[102.124302,-2.731597,0.0],[102.123232,-2.733263,0.0],[102.121685,-2.734096,0.0],[102.119662,-2.734572,0.0],[102.116093,-2.735523,0.0],[102.114071,-2.736713,0.0],[102.111453,-2.738498,0.0],[102.109444,-2.738722,0.0],[102.107634,-2.741225,0.0],[102.106635,-2.742653,0.0],[102.106207,-2.745223,0.0],[102.106079,-2.74778,0.0],[102.105482,-2.748452,0.0],[102.10414,-2.750452,0.0],[102.103884,-2.752156,0.0],[102.103289,-2.753347,0.0],[102.102457,-2.755292,0.0],[102.100461,-2.756982,0.0],[102.099552,-2.758461,0.0],[102.099194,-2.761,0.0],[102.098872,-2.762995,0.0],[102.098221,-2.765073,0.0],[102.097012,-2.766658,0.0],[102.096243,-2.767108,0.0],[102.094548,-2.767902,0.0],[102.09219,-2.769331,0.0],[102.090205,-2.769805,0.0],[102.088062,-2.769853,0.0],[102.085099,-2.770058,0.0],[102.082038,-2.76944,0.0],[102.080739,-2.768186,0.0],[102.078123,-2.766904,0.0],[102.07519,-2.765674,0.0],[102.073021,-2.764896,0.0],[102.07117,-2.765071,0.0],[102.069477,-2.765554,0.0],[102.067653,-2.766239,0.0],[102.066964,-2.766477,0.0],[102.063889,-2.768519,0.0],[102.063885,-2.768488,0.0],[102.063644,-2.768115,0.0],[102.063505,-2.767754,0.0],[102.063311,-2.76745,0.0],[102.063256,-2.766979,0.0],[102.06342,-2.76445,0.0],[102.062932,-2.764179,0.0],[102.061605,-2.764261,0.0],[102.060088,-2.764856,0.0],[102.059059,-2.765073,0.0],[102.05803,-2.765127,0.0],[102.056513,-2.76529,0.0],[102.054779,-2.765019,0.0],[102.053371,-2.764477,0.0],[102.052179,-2.763936,0.0],[102.050933,-2.763448,0.0],[102.0492,-2.76269,0.0],[102.047033,-2.762202,0.0],[102.045299,-2.761823,0.0],[102.043457,-2.761389,0.0],[102.041236,-2.761173,0.0],[102.039449,-2.760685,0.0],[102.03739,-2.759818,0.0],[102.036198,-2.759331,0.0],[102.034465,-2.758627,0.0],[102.033679,-2.758166,0.0],[102.03265,-2.758004,0.0],[102.030971,-2.756704,0.0],[102.029346,-2.755728,0.0],[102.027937,-2.755024,0.0],[102.026312,-2.753941,0.0],[102.025229,-2.753128,0.0],[102.023387,-2.751774,0.0],[102.022737,-2.750582,0.0],[102.022412,-2.748903,0.0],[102.021762,-2.747765,0.0],[102.021166,-2.746628,0.0],[102.020001,-2.7453,0.0],[102.018918,-2.744488,0.0],[102.017292,-2.743404,0.0],[102.015396,-2.742267,0.0],[102.01285,-2.740967,0.0],[102.010413,-2.739937,0.0],[102.009708,-2.738962,0.0],[102.009112,-2.737933,0.0],[102.008408,-2.736904,0.0],[102.00765,-2.73555,0.0],[102.006621,-2.734791,0.0],[102.005537,-2.733979,0.0],[102.004291,-2.733274,0.0],[102.003587,-2.732733,0.0],[102.003045,-2.731866,0.0],[102.00272,-2.730999,0.0],[102.002395,-2.73062,0.0],[102.001691,-2.729699,0.0],[102.000607,-2.728399,0.0],[101.999524,-2.726774,0.0],[101.998657,-2.725528,0.0],[101.996924,-2.724065,0.0],[101.996111,-2.724065,0.0],[101.994486,-2.723578,0.0],[101.992969,-2.723361,0.0],[101.99194,-2.723307,0.0],[101.990369,-2.723307,0.0],[101.989448,-2.723578,0.0],[101.988744,-2.723848,0.0],[101.987173,-2.724498,0.0],[101.98571,-2.724715,0.0],[101.984248,-2.72504,0.0],[101.983652,-2.725419,0.0],[101.982135,-2.726124,0.0],[101.980131,-2.726611,0.0],[101.978397,-2.726286,0.0],[101.977205,-2.72569,0.0],[101.976393,-2.72569,0.0],[101.975093,-2.725582,0.0],[101.974334,-2.725528,0.0],[101.973495,-2.725176,0.0],[101.97279,-2.724742,0.0],[101.971653,-2.723984,0.0],[101.970678,-2.723388,0.0],[101.969486,-2.7229,0.0],[101.968565,-2.722467,0.0],[101.967915,-2.722034,0.0],[101.967373,-2.721871,0.0],[101.966235,-2.721871,0.0],[101.96526,-2.721817,0.0],[101.964014,-2.721817,0.0],[101.962118,-2.72225,0.0],[101.96071,-2.723117,0.0],[101.959627,-2.724201,0.0],[101.95811,-2.725338,0.0],[101.957839,-2.726097,0.0],[101.95708,-2.726963,0.0],[101.955726,-2.72848,0.0],[101.954859,-2.729347,0.0],[101.953776,-2.730701,0.0],[101.952259,-2.730809,0.0],[101.950526,-2.731243,0.0],[101.949117,-2.731243,0.0],[101.947275,-2.731622,0.0],[101.946517,-2.732164,0.0],[101.946084,-2.732543,0.0],[101.943835,-2.732895,0.0],[101.94259,-2.732949,0.0],[101.941289,-2.732733,0.0],[101.939502,-2.732733,0.0],[101.938039,-2.732624,0.0],[101.936847,-2.732137,0.0],[101.934735,-2.731432,0.0],[101.93338,-2.731216,0.0],[101.932243,-2.731216,0.0],[101.931213,-2.731107,0.0],[101.93013,-2.731107,0.0],[101.929101,-2.731487,0.0],[101.927963,-2.731812,0.0],[101.925959,-2.732299,0.0],[101.92493,-2.732624,0.0],[101.923142,-2.73387,0.0],[101.921408,-2.734899,0.0],[101.919729,-2.735224,0.0],[101.918266,-2.736091,0.0],[101.915991,-2.736687,0.0],[101.914745,-2.737175,0.0],[101.912443,-2.738177,0.0],[101.911089,-2.738773,0.0],[101.909138,-2.739098,0.0],[101.907838,-2.739639,0.0],[101.90643,-2.74029,0.0],[101.905184,-2.740019,0.0],[101.903884,-2.739802,0.0],[101.901988,-2.738448,0.0],[101.900471,-2.737635,0.0],[101.899008,-2.737039,0.0],[101.897762,-2.736389,0.0],[101.89565,-2.734656,0.0],[101.893158,-2.733301,0.0],[101.891316,-2.732435,0.0],[101.88942,-2.732326,0.0],[101.88877,-2.732597,0.0],[101.887849,-2.733681,0.0],[101.886766,-2.734493,0.0],[101.886061,-2.735089,0.0],[101.884626,-2.73582,0.0],[101.882567,-2.735658,0.0],[101.880942,-2.735333,0.0],[101.879317,-2.735333,0.0],[101.877638,-2.734249,0.0],[101.876608,-2.733599,0.0],[101.875687,-2.732624,0.0],[101.874983,-2.732083,0.0],[101.874333,-2.731487,0.0],[101.873466,-2.731053,0.0],[101.872654,-2.730782,0.0],[101.871787,-2.730512,0.0],[101.871191,-2.729916,0.0],[101.868645,-2.728941,0.0],[101.867562,-2.728778,0.0],[101.866912,-2.728724,0.0],[101.865774,-2.728832,0.0],[101.864474,-2.728778,0.0],[101.863282,-2.729157,0.0],[101.861494,-2.72997,0.0],[101.860303,-2.730566,0.0],[101.859219,-2.73062,0.0],[101.859002,-2.730512,0.0],[101.85819,-2.729536,0.0],[101.857811,-2.728778,0.0],[101.856673,-2.727803,0.0],[101.85624,-2.726557,0.0],[101.855373,-2.725961,0.0],[101.854506,-2.724769,0.0],[101.853937,-2.723821,0.0],[101.853558,-2.721925,0.0],[101.853233,-2.719704,0.0],[101.853233,-2.716779,0.0],[101.853179,-2.715316,0.0],[101.852854,-2.713475,0.0],[101.8528,-2.712012,0.0],[101.851202,-2.710251,0.0],[101.850281,-2.708897,0.0],[101.849306,-2.707814,0.0],[101.848114,-2.706405,0.0],[101.847356,-2.704888,0.0],[101.845839,-2.703426,0.0],[101.844484,-2.702396,0.0],[101.843266,-2.701611,0.0],[101.842345,-2.700907,0.0],[101.840611,-2.700257,0.0],[101.839365,-2.70004,0.0],[101.837686,-2.699119,0.0],[101.836657,-2.698848,0.0],[101.834598,-2.697494,0.0],[101.833081,-2.696735,0.0],[101.83216,-2.696573,0.0],[101.831185,-2.69641,0.0],[101.829018,-2.697115,0.0],[101.827447,-2.697873,0.0],[101.826635,-2.698198,0.0],[101.825822,-2.698198,0.0],[101.825064,-2.697981,0.0],[101.824089,-2.697927,0.0],[101.822464,-2.697873,0.0],[101.821759,-2.697223,0.0],[101.821651,-2.696248,0.0],[101.821109,-2.69511,0.0],[101.820893,-2.694352,0.0],[101.820622,-2.693377,0.0],[101.819593,-2.692618,0.0],[101.818347,-2.691806,0.0],[101.817534,-2.691589,0.0],[101.816613,-2.691643,0.0],[101.815638,-2.69186,0.0],[101.814934,-2.692022,0.0],[101.814609,-2.692131,0.0],[101.812713,-2.692131,0.0],[101.812117,-2.692022,0.0],[101.81209,-2.691345,0.0],[101.811873,-2.690641,0.0],[101.811873,-2.690045,0.0],[101.812144,-2.688908,0.0],[101.812306,-2.688366,0.0],[101.812252,-2.687445,0.0],[101.813336,-2.686362,0.0],[101.814202,-2.686307,0.0],[101.815367,-2.685793,0.0],[101.815367,-2.683843,0.0],[101.814988,-2.681947,0.0],[101.814555,-2.680646,0.0],[101.814392,-2.678859,0.0],[101.814121,-2.677071,0.0],[101.813309,-2.675717,0.0],[101.81255,-2.675067,0.0],[101.811738,-2.67485,0.0],[101.810492,-2.674417,0.0],[101.808596,-2.673387,0.0],[101.807458,-2.67225,0.0],[101.804208,-2.670029,0.0],[101.802149,-2.669108,0.0],[101.79982,-2.668349,0.0],[101.797599,-2.667916,0.0],[101.796082,-2.667916,0.0],[101.795594,-2.667754,0.0],[101.795378,-2.666995,0.0],[101.794457,-2.664937,0.0],[101.792832,-2.662932,0.0],[101.790881,-2.660874,0.0],[101.789419,-2.659953,0.0],[101.78774,-2.658815,0.0],[101.786114,-2.657407,0.0],[101.785139,-2.655836,0.0],[101.784868,-2.655294,0.0],[101.783677,-2.655023,0.0],[101.781672,-2.654481,0.0],[101.779722,-2.653777,0.0],[101.778259,-2.652802,0.0],[101.777068,-2.651665,0.0],[101.775388,-2.650635,0.0],[101.773113,-2.649118,0.0],[101.771488,-2.647493,0.0],[101.769917,-2.646302,0.0],[101.769104,-2.645381,0.0],[101.768238,-2.644351,0.0],[101.767642,-2.64343,0.0],[101.766721,-2.642455,0.0],[101.766044,-2.640532,0.0],[101.765231,-2.638799,0.0],[101.764689,-2.637282,0.0],[101.763335,-2.63609,0.0],[101.762306,-2.63414,0.0],[101.760735,-2.631756,0.0],[101.760247,-2.630835,0.0],[101.757187,-2.627883,0.0],[101.755724,-2.626637,0.0],[101.754911,-2.625716,0.0],[101.754153,-2.624308,0.0],[101.75269,-2.622087,0.0],[101.751499,-2.620299,0.0],[101.750578,-2.618836,0.0],[101.749278,-2.616724,0.0],[101.748682,-2.616074,0.0],[101.747869,-2.615694,0.0],[101.745946,-2.614855,0.0],[101.743346,-2.613934,0.0],[101.740854,-2.613175,0.0],[101.737658,-2.612363,0.0],[101.73522,-2.610629,0.0],[101.735112,-2.609708,0.0],[101.734407,-2.608083,0.0],[101.733974,-2.60635,0.0],[101.733486,-2.604996,0.0],[101.732159,-2.602043,0.0],[101.731401,-2.600906,0.0],[101.730697,-2.600256,0.0],[101.730209,-2.59966,0.0],[101.729288,-2.598739,0.0],[101.728476,-2.597601,0.0],[101.727446,-2.595922,0.0],[101.726255,-2.593647,0.0],[101.725063,-2.5911,0.0],[101.724196,-2.589421,0.0],[101.723302,-2.588148,0.0],[101.721189,-2.586902,0.0],[101.719781,-2.585602,0.0],[101.717885,-2.583598,0.0],[101.716206,-2.582135,0.0],[101.715285,-2.581485,0.0],[101.714039,-2.580889,0.0],[101.712685,-2.579806,0.0],[101.710897,-2.578289,0.0],[101.70938,-2.576935,0.0],[101.709109,-2.575797,0.0],[101.708513,-2.574659,0.0],[101.70789,-2.57344,0.0],[101.707078,-2.572086,0.0],[101.705994,-2.570894,0.0],[101.705561,-2.569648,0.0],[101.705615,-2.568728,0.0],[101.705073,-2.567482,0.0],[101.704152,-2.566073,0.0],[101.703123,-2.565206,0.0],[101.701823,-2.564015,0.0],[101.700631,-2.56304,0.0],[101.700252,-2.562606,0.0],[101.69944,-2.561469,0.0],[101.697977,-2.56006,0.0],[101.697164,-2.55941,0.0],[101.696839,-2.558597,0.0],[101.69646,-2.557568,0.0],[101.695052,-2.55551,0.0],[101.693806,-2.553614,0.0],[101.692885,-2.552422,0.0],[101.691964,-2.551013,0.0],[101.689932,-2.549199,0.0],[101.688795,-2.548549,0.0],[101.687332,-2.547357,0.0],[101.685219,-2.546111,0.0],[101.684786,-2.544648,0.0],[101.683973,-2.542969,0.0],[101.683594,-2.542048,0.0],[101.683053,-2.541669,0.0],[101.68224,-2.54129,0.0],[101.680886,-2.540206,0.0],[101.679884,-2.538391,0.0],[101.678692,-2.536766,0.0],[101.678475,-2.535574,0.0],[101.677337,-2.532974,0.0],[101.675441,-2.531187,0.0],[101.673654,-2.530482,0.0],[101.672354,-2.529886,0.0],[101.671433,-2.529345,0.0],[101.670024,-2.528315,0.0],[101.667478,-2.527503,0.0],[101.666503,-2.527394,0.0],[101.665257,-2.527286,0.0],[101.661248,-2.52669,0.0],[101.659298,-2.525932,0.0],[101.656806,-2.525878,0.0],[101.655669,-2.526203,0.0],[101.654748,-2.526961,0.0],[101.653502,-2.528857,0.0],[101.652635,-2.530211,0.0],[101.652093,-2.532053,0.0],[101.651823,-2.532595,0.0],[101.649087,-2.535818,0.0],[101.646974,-2.538093,0.0],[101.645078,-2.53896,0.0],[101.641503,-2.539556,0.0],[101.637007,-2.540314,0.0],[101.635869,-2.540531,0.0],[101.635273,-2.541127,0.0],[101.632185,-2.543673,0.0],[101.628935,-2.544973,0.0],[101.62796,-2.545136,0.0],[101.625251,-2.545515,0.0],[101.623355,-2.546002,0.0],[101.619428,-2.546951,0.0],[101.612819,-2.547601,0.0],[101.612169,-2.548792,0.0],[101.610977,-2.549388,0.0],[101.609677,-2.549876,0.0],[101.609135,-2.549605,0.0],[101.608919,-2.548847,0.0],[101.608648,-2.547167,0.0],[101.607943,-2.544729,0.0],[101.606914,-2.54175,0.0],[101.605939,-2.539366,0.0],[101.604151,-2.535845,0.0],[101.60323,-2.535304,0.0],[101.601876,-2.53422,0.0],[101.600305,-2.533462,0.0],[101.597759,-2.53227,0.0],[101.594075,-2.531674,0.0],[101.590825,-2.531295,0.0],[101.590446,-2.531728,0.0],[101.589958,-2.532595,0.0],[101.589958,-2.533137,0.0],[101.590744,-2.536631,0.0],[101.590798,-2.538418,0.0],[101.591556,-2.541506,0.0],[101.591556,-2.54259,0.0],[101.590852,-2.54389,0.0],[101.590527,-2.544215,0.0],[101.589877,-2.544215,0.0],[101.587981,-2.543998,0.0],[101.584568,-2.542969,0.0],[101.583268,-2.542536,0.0],[101.582347,-2.542861,0.0],[101.578339,-2.543836,0.0],[101.574601,-2.544377,0.0],[101.572596,-2.545461,0.0],[101.570213,-2.546653,0.0],[101.568804,-2.54779,0.0],[101.568804,-2.548115,0.0],[101.568913,-2.550607,0.0],[101.569319,-2.553397,0.0],[101.569102,-2.55486,0.0],[101.568669,-2.556485,0.0],[101.568452,-2.558922,0.0],[101.567477,-2.561144,0.0],[101.566935,-2.563202,0.0],[101.566231,-2.566398,0.0],[101.564714,-2.570244,0.0],[101.564335,-2.570624,0.0],[101.563523,-2.570894,0.0],[101.562764,-2.571003,0.0],[101.561735,-2.571219,0.0],[101.559785,-2.571219,0.0],[101.556264,-2.57149,0.0],[101.552092,-2.571653,0.0],[101.54933,-2.572303,0.0],[101.547163,-2.572682,0.0],[101.545321,-2.572465,0.0],[101.542016,-2.571382,0.0],[101.541908,-2.571057,0.0],[101.542233,-2.569757,0.0],[101.542558,-2.567644,0.0],[101.542558,-2.565965,0.0],[101.541854,-2.564123,0.0],[101.541068,-2.561929,0.0],[101.54096,-2.560521,0.0],[101.540906,-2.557974,0.0],[101.540445,-2.55486,0.0],[101.540229,-2.552097,0.0],[101.54012,-2.54993,0.0],[101.540391,-2.548413,0.0],[101.54077,-2.546842,0.0],[101.541583,-2.545434,0.0],[101.542883,-2.543917,0.0],[101.54589,-2.541235,0.0],[101.545998,-2.540206,0.0],[101.545619,-2.539177,0.0],[101.545456,-2.537552,0.0],[101.545402,-2.534789,0.0],[101.545294,-2.531647,0.0],[101.544806,-2.529588,0.0],[101.545213,-2.52864,0.0],[101.545158,-2.52864,0.0],[101.546242,-2.527124,0.0],[101.547434,-2.526365,0.0],[101.547759,-2.525878,0.0],[101.547759,-2.525119,0.0],[101.54868,-2.523386,0.0],[101.549275,-2.522736,0.0],[101.549655,-2.521977,0.0],[101.549655,-2.521219,0.0],[101.549628,-2.518158,0.0],[101.549465,-2.515179,0.0],[101.549573,-2.512308,0.0],[101.549573,-2.510683,0.0],[101.549519,-2.510087,0.0],[101.548598,-2.508624,0.0],[101.547623,-2.507161,0.0],[101.547569,-2.505428,0.0],[101.548138,-2.503938,0.0],[101.549059,-2.502313,0.0],[101.549871,-2.500904,0.0],[101.550576,-2.499388,0.0],[101.551063,-2.498142,0.0],[101.550738,-2.49695,0.0],[101.550413,-2.49565,0.0],[101.550305,-2.494025,0.0],[101.550576,-2.493104,0.0],[101.551307,-2.491018,0.0],[101.551957,-2.489339,0.0],[101.552878,-2.486305,0.0],[101.553311,-2.484355,0.0],[101.553203,-2.482676,0.0],[101.553149,-2.481538,0.0],[101.553067,-2.478477,0.0],[101.553013,-2.476148,0.0],[101.553284,-2.47539,0.0],[101.554963,-2.474144,0.0],[101.555451,-2.473169,0.0],[101.555397,-2.472356,0.0],[101.554963,-2.470243,0.0],[101.554476,-2.467264,0.0],[101.554584,-2.466018,0.0],[101.555586,-2.464962,0.0],[101.558566,-2.462036,0.0],[101.559866,-2.460628,0.0],[101.560733,-2.458948,0.0],[101.560841,-2.456727,0.0],[101.560354,-2.455807,0.0],[101.559487,-2.453748,0.0],[101.557943,-2.4528,0.0],[101.556998,-2.451949,0.0],[101.556859,-2.451825,0.0],[101.556751,-2.451392,0.0],[101.556643,-2.449875,0.0],[101.556318,-2.449116,0.0],[101.555776,-2.448466,0.0],[101.554259,-2.44722,0.0],[101.552146,-2.445595,0.0],[101.549817,-2.444024,0.0],[101.548354,-2.442887,0.0],[101.546296,-2.441803,0.0],[101.5444,-2.441045,0.0],[101.542531,-2.43988,0.0],[101.540581,-2.439555,0.0],[101.539335,-2.439447,0.0],[101.538631,-2.438959,0.0],[101.53771,-2.438363,0.0],[101.535001,-2.436576,0.0],[101.532888,-2.435113,0.0],[101.531047,-2.434138,0.0],[101.529259,-2.433163,0.0],[101.526279,-2.431429,0.0],[101.525413,-2.431104,0.0],[101.523733,-2.430292,0.0],[101.522704,-2.429533,0.0],[101.521946,-2.429154,0.0],[101.520402,-2.428369,0.0],[101.519318,-2.427556,0.0],[101.517097,-2.426364,0.0],[101.514064,-2.424902,0.0],[101.511518,-2.42306,0.0],[101.509242,-2.421055,0.0],[101.507726,-2.420351,0.0],[101.506209,-2.420189,0.0],[101.502796,-2.419809,0.0],[101.500304,-2.420026,0.0],[101.498408,-2.419918,0.0],[101.497812,-2.419051,0.0],[101.496783,-2.41813,0.0],[101.494887,-2.416017,0.0],[101.493343,-2.414203,0.0],[101.491826,-2.411927,0.0],[101.491664,-2.410844,0.0],[101.491393,-2.410627,0.0],[101.488684,-2.409815,0.0],[101.487547,-2.408948,0.0],[101.484784,-2.407106,0.0],[101.48175,-2.405481,0.0],[101.480775,-2.404939,0.0],[101.478419,-2.402962,0.0],[101.47636,-2.40112,0.0],[101.475223,-2.401066,0.0],[101.474085,-2.401066,0.0],[101.473002,-2.40047,0.0],[101.471214,-2.398195,0.0],[101.468884,-2.397924,0.0],[101.467964,-2.397599,0.0],[101.466663,-2.39619,0.0],[101.465851,-2.395703,0.0],[101.463955,-2.394782,0.0],[101.462601,-2.393644,0.0],[101.460325,-2.392507,0.0],[101.459323,-2.39183,0.0],[101.457373,-2.390584,0.0],[101.45629,-2.389609,0.0],[101.454556,-2.388417,0.0],[101.453473,-2.387388,0.0],[101.452552,-2.387225,0.0],[101.450872,-2.386683,0.0],[101.449518,-2.386142,0.0],[101.448272,-2.385437,0.0],[101.447351,-2.384841,0.0],[101.446105,-2.384246,0.0],[101.444426,-2.383216,0.0],[101.443343,-2.382458,0.0],[101.440742,-2.380129,0.0],[101.439253,-2.378693,0.0],[101.437411,-2.377664,0.0],[101.435081,-2.376093,0.0],[101.434215,-2.376039,0.0],[101.432644,-2.376418,0.0],[101.430748,-2.376364,0.0],[101.429772,-2.375605,0.0],[101.427335,-2.374305,0.0],[101.425872,-2.373709,0.0],[101.423543,-2.372897,0.0],[101.421105,-2.372192,0.0],[101.420022,-2.371488,0.0],[101.418938,-2.370567,0.0],[101.418234,-2.369809,0.0],[101.417205,-2.367913,0.0],[101.416067,-2.366017,0.0],[101.415498,-2.36469,0.0],[101.41474,-2.364094,0.0],[101.41344,-2.363389,0.0],[101.412194,-2.362523,0.0],[101.409539,-2.360681,0.0],[101.40656,-2.358406,0.0],[101.405639,-2.356726,0.0],[101.403635,-2.355697,0.0],[101.40266,-2.355914,0.0],[101.401549,-2.356212,0.0],[101.400303,-2.356645,0.0],[101.398624,-2.356862,0.0],[101.396023,-2.357133,0.0],[101.393586,-2.356808,0.0],[101.389956,-2.356645,0.0],[101.384322,-2.356266,0.0],[101.382535,-2.356266,0.0],[101.378661,-2.35521,0.0],[101.377199,-2.353205,0.0],[101.375682,-2.352393,0.0],[101.373732,-2.350605,0.0],[101.371348,-2.348871,0.0],[101.369994,-2.3473,0.0],[101.370671,-2.347165,0.0],[101.37208,-2.347382,0.0],[101.374571,-2.346732,0.0],[101.377226,-2.346244,0.0],[101.380639,-2.345702,0.0],[101.381289,-2.345215,0.0],[101.381614,-2.343915,0.0],[101.38221,-2.34191,0.0],[101.383185,-2.340339,0.0],[101.384431,-2.338768,0.0],[101.385731,-2.338281,0.0],[101.387085,-2.338281,0.0],[101.387844,-2.338118,0.0],[101.387789,-2.337631,0.0],[101.38741,-2.336439,0.0],[101.385677,-2.334651,0.0],[101.384864,-2.333839,0.0],[101.383618,-2.33281,0.0],[101.382589,-2.331997,0.0],[101.381343,-2.331401,0.0],[101.378472,-2.331889,0.0],[101.376792,-2.332159,0.0],[101.376088,-2.332376,0.0],[101.374517,-2.331943,0.0],[101.372567,-2.331347,0.0],[101.369208,-2.329776,0.0],[101.366717,-2.328801,0.0],[101.364929,-2.328638,0.0],[101.3639,-2.328909,0.0],[101.361679,-2.328855,0.0],[101.358157,-2.328584,0.0],[101.355151,-2.327474,0.0],[101.354717,-2.32704,0.0],[101.35293,-2.325686,0.0],[101.351413,-2.324819,0.0],[101.3493,-2.323465,0.0],[101.346538,-2.321731,0.0],[101.344885,-2.320946,0.0],[101.343206,-2.320133,0.0],[101.342935,-2.319592,0.0],[101.342177,-2.318346,0.0],[101.340768,-2.31672,0.0],[101.34001,-2.316125,0.0],[101.337193,-2.314174,0.0],[101.334159,-2.312116,0.0],[101.33313,-2.311466,0.0],[101.331126,-2.310491,0.0],[101.328905,-2.309787,0.0],[101.3282,-2.309353,0.0],[101.327279,-2.307728,0.0],[101.326846,-2.306861,0.0],[101.324273,-2.305155,0.0],[101.322485,-2.304288,0.0],[101.320643,-2.303855,0.0],[101.318693,-2.303205,0.0],[101.317068,-2.300929,0.0],[101.315335,-2.299846,0.0],[101.312084,-2.299196,0.0],[101.311543,-2.298275,0.0],[101.310297,-2.296433,0.0],[101.308184,-2.294862,0.0],[101.305909,-2.293075,0.0],[101.303417,-2.291124,0.0],[101.301412,-2.289933,0.0],[101.299516,-2.289608,0.0],[101.297675,-2.289391,0.0],[101.297079,-2.28912,0.0],[101.296968,-2.288654,0.0],[101.292869,-2.288667,0.0],[101.286122,-2.276764,0.0],[101.281,-2.262683,0.0],[101.279722,-2.251,0.0],[101.278917,-2.244567,0.0],[101.276483,-2.227083,0.0],[101.275308,-2.216704,0.0],[101.2744,-2.208683,0.0],[101.272767,-2.19175,0.0],[101.26995,-2.173367,0.0],[101.267783,-2.155617,0.0],[101.2656,-2.13795,0.0],[101.263433,-2.12735,0.0],[101.263058,-2.123314,0.0],[101.261067,-2.1019,0.0],[101.257217,-2.095383,0.0],[101.241056,-2.097639,0.0],[101.241457,-2.093846,0.0],[101.243683,-2.072817,0.0],[101.239683,-2.066693,0.0],[101.234267,-2.0575,0.0],[101.225517,-2.0428,0.0],[101.216944,-2.023889,0.0],[101.211667,-2.015833,0.0],[101.206667,-2.0075,0.0],[101.201111,-1.998611,0.0],[101.195556,-1.990556,0.0],[101.190278,-1.982222,0.0],[101.185278,-1.973333,0.0],[101.180833,-1.965278,0.0],[101.175278,-1.958056,0.0],[101.171389,-1.951111,0.0],[101.167222,-1.945556,0.0],[101.162778,-1.939167,0.0],[101.157222,-1.9325,0.0],[101.154444,-1.923333,0.0],[101.148333,-1.914722,0.0],[101.144167,-1.907222,0.0],[101.138333,-1.898889,0.0],[101.137733,-1.889244,0.0],[101.138056,-1.88,0.0],[101.136944,-1.872222,0.0],[101.136111,-1.8625,0.0],[101.136389,-1.853889,0.0],[101.135833,-1.844167,0.0],[101.135833,-1.835833,0.0],[101.135556,-1.826389,0.0],[101.135278,-1.816389,0.0],[101.134722,-1.808333,0.0],[101.134168,-1.799722,0.0],[101.131666,-1.790281,0.0],[101.131932,-1.781391,0.0],[101.131947,-1.772501,0.0],[101.131387,-1.76333,0.0],[101.131941,-1.754449,0.0],[101.132813,-1.748596,0.0],[101.133053,-1.745278,0.0],[101.131387,-1.736108,0.0],[101.130557,-1.726947,0.0],[101.130882,-1.722524,0.0],[101.131111,-1.718056,0.0],[101.13056,-1.709166,0.0],[101.131114,-1.699996,0.0],[101.131111,-1.691386,0.0],[101.131666,-1.68472,0.0],[101.131667,-1.684719,0.0],[101.13455,-1.683843,0.0],[101.139441,-1.68583,0.0],[101.141567,-1.68838,0.0],[101.145731,-1.691605,0.0],[101.149725,-1.694165,0.0],[101.155829,-1.699164,0.0],[101.157183,-1.700944,0.0],[101.159041,-1.703884,0.0],[101.16054,-1.705318,0.0],[101.160833,-1.7075,0.0],[101.162612,-1.709047,0.0],[101.165109,-1.709546,0.0],[101.1675,-1.709722,0.0],[101.168378,-1.710236,0.0],[101.169177,-1.710605,0.0],[101.171312,-1.709109,0.0],[101.172808,-1.707672,0.0],[101.174233,-1.706091,0.0],[101.174722,-1.704722,0.0],[101.175013,-1.703664,0.0],[101.175487,-1.702467,0.0],[101.176912,-1.701198,0.0],[101.177957,-1.700695,0.0],[101.179216,-1.699665,0.0],[101.18,-1.697778,0.0],[101.181353,-1.696109,0.0],[101.182706,-1.694672,0.0],[101.183417,-1.692805,0.0],[101.183273,-1.691083,0.0],[101.1825,-1.689167,0.0],[101.183032,-1.687657,0.0],[101.183736,-1.686571,0.0],[101.185214,-1.685234,0.0],[101.185807,-1.684229,0.0],[101.185973,-1.682899,0.0],[101.186389,-1.680839,0.0],[101.187628,-1.679567,0.0],[101.189177,-1.677873,0.0],[101.191011,-1.676019,0.0],[101.191944,-1.679167,0.0],[101.193125,-1.680338,0.0],[101.193816,-1.681599,0.0],[101.194676,-1.684971,0.0],[101.194722,-1.688333,0.0],[101.194826,-1.691859,0.0],[101.194401,-1.6943,0.0],[101.194444,-1.696389,0.0],[101.194834,-1.698605,0.0],[101.195192,-1.700614,0.0],[101.195765,-1.702909,0.0],[101.196111,-1.705833,0.0],[101.196199,-1.708219,0.0],[101.196772,-1.710156,0.0],[101.197987,-1.712164,0.0],[101.2,-1.714722,0.0],[101.201984,-1.716034,0.0],[101.203982,-1.716462,0.0],[101.205525,-1.716772,0.0],[101.206693,-1.718181,0.0],[101.206944,-1.720556,0.0],[101.207839,-1.722199,0.0],[101.209337,-1.722843,0.0],[101.211263,-1.723056,0.0],[101.213473,-1.722479,0.0],[101.214686,-1.723052,0.0],[101.214722,-1.724444,0.0],[101.215948,-1.725083,0.0],[101.216803,-1.724748,0.0],[101.218039,-1.724411,0.0],[101.218657,-1.723932,0.0],[101.220034,-1.722926,0.0],[101.221412,-1.722302,0.0],[101.222778,-1.720556,0.0],[101.223881,-1.719286,0.0],[101.224545,-1.718711,0.0],[101.226234,-1.718406,0.0],[101.226828,-1.719617,0.0],[101.227115,-1.720669,0.0],[101.227116,-1.721578,0.0],[101.227593,-1.722821,0.0],[101.228333,-1.723611,0.0],[101.229923,-1.72344,0.0],[101.230683,-1.72277,0.0],[101.232013,-1.721859,0.0],[101.232345,-1.721572,0.0],[101.233034,-1.721284,0.0],[101.233605,-1.721116,0.0],[101.233818,-1.720948,0.0],[101.235031,-1.72121,0.0],[101.235436,-1.721736,0.0],[101.236039,-1.722758,0.0],[101.239148,-1.722249,0.0],[101.242271,-1.721059,0.0],[101.244439,-1.719236,0.0],[101.252881,-1.713833,0.0],[101.255864,-1.710649,0.0],[101.257529,-1.706604,0.0],[101.259786,-1.700402,0.0],[101.261306,-1.69887,0.0],[101.263207,-1.697784,0.0],[101.264347,-1.696762,0.0],[101.265265,-1.696155,0.0],[101.266691,-1.695771,0.0],[101.267705,-1.695674,0.0],[101.269111,-1.695451,0.0],[101.271932,-1.695352,0.0],[101.274817,-1.695763,0.0],[101.277068,-1.696111,0.0],[101.279129,-1.696332,0.0],[101.280873,-1.696426,0.0],[101.28287,-1.696423,0.0],[101.284106,-1.696581,0.0],[101.28618,-1.696899,0.0],[101.288209,-1.697279,0.0],[101.290017,-1.697851,0.0],[101.29157,-1.69804,0.0],[101.292965,-1.698007,0.0],[101.294265,-1.698005,0.0],[101.295248,-1.698131,0.0],[101.296557,-1.698451,0.0],[101.298649,-1.699054,0.0],[101.299505,-1.699053,0.0],[101.301281,-1.699147,0.0],[101.302517,-1.699496,0.0],[101.304134,-1.69994,0.0],[101.307179,-1.700925,0.0],[101.308965,-1.700986,0.0],[101.310423,-1.700953,0.0],[101.311722,-1.700409,0.0],[101.313401,-1.699706,0.0],[101.315529,-1.697332,0.0],[101.318489,-1.695006,0.0],[101.322508,-1.694239,0.0],[101.327723,-1.695547,0.0],[101.330563,-1.695216,0.0],[101.332331,-1.692758,0.0],[101.332683,-1.691083,0.0],[101.332487,-1.688088,0.0],[101.331083,-1.685417,0.0],[101.333319,-1.683953,0.0],[101.336503,-1.680706,0.0],[101.342806,-1.681639,0.0],[101.350361,-1.679889,0.0],[101.355667,-1.679361,0.0],[101.357784,-1.679916,0.0],[101.361651,-1.680452,0.0],[101.368551,-1.679441,0.0],[101.370693,-1.677537,0.0],[101.371644,-1.67563,0.0],[101.373189,-1.675272,0.0],[101.383153,-1.684783,0.0],[101.38434,-1.685892,0.0],[101.385682,-1.68692,0.0],[101.387296,-1.687925,0.0],[101.389367,-1.688983,0.0],[101.391142,-1.689714,0.0],[101.392379,-1.689936,0.0],[101.394353,-1.689803,0.0],[101.395381,-1.689975,0.0],[101.396191,-1.689673,0.0],[101.397743,-1.689256,0.0],[101.399042,-1.688394,0.0],[101.399897,-1.687405,0.0],[101.400254,-1.686914,0.0],[101.401353,-1.685904,0.0],[101.402081,-1.684915,0.0],[101.402871,-1.68353,0.0],[101.402932,-1.681694,0.0],[101.402742,-1.680251,0.0],[101.402625,-1.6798,0.0],[101.403156,-1.678555,0.0],[101.404513,-1.677252,0.0],[101.405875,-1.676134,0.0],[101.406666,-1.675528,0.0],[101.408892,-1.673866,0.0],[101.41106,-1.672683,0.0],[101.411911,-1.672553,0.0],[101.413307,-1.672488,0.0],[101.414749,-1.672916,0.0],[101.418247,-1.674358,0.0],[101.421659,-1.675029,0.0],[101.426114,-1.677227,0.0],[101.426619,-1.677536,0.0],[101.426631,-1.677536,0.0],[101.428371,-1.678595,0.0],[101.429971,-1.679683,0.0],[101.430782,-1.6816,0.0],[101.430845,-1.682659,0.0],[101.430159,-1.683179,0.0],[101.429216,-1.683559,0.0],[101.430149,-1.684759,0.0],[101.431339,-1.686329,0.0],[101.432348,-1.687424,0.0],[101.432985,-1.688756,0.0],[101.433499,-1.689708,0.0],[101.434094,-1.690752,0.0],[101.434468,-1.691757,0.0],[101.434849,-1.692074,0.0],[101.435224,-1.693465,0.0],[101.435941,-1.694089,0.0],[101.436197,-1.69453,0.0],[101.436268,-1.694758,0.0],[101.436439,-1.695086,0.0],[101.436661,-1.695536,0.0],[101.436925,-1.695866,0.0],[101.437271,-1.695827,0.0],[101.4375,-1.695781,0.0],[101.438196,-1.695826,0.0],[101.439872,-1.695183,0.0],[101.441487,-1.693083,0.0],[101.441522,-1.692125,0.0],[101.441989,-1.690323,0.0],[101.442451,-1.689616,0.0],[101.443272,-1.688621,0.0],[101.444455,-1.68752,0.0],[101.445971,-1.686749,0.0],[101.447255,-1.685995,0.0],[101.448517,-1.685281,0.0],[101.450645,-1.68485,0.0],[101.451543,-1.68418,0.0],[101.452242,-1.683419,0.0],[101.452919,-1.682846,0.0],[101.455068,-1.682673,0.0],[101.455168,-1.682905,0.0],[101.456723,-1.683285,0.0],[101.458904,-1.683277,0.0],[101.461085,-1.682554,0.0],[101.46367,-1.681715,0.0],[101.465788,-1.680322,0.0],[101.467544,-1.679725,0.0],[101.469189,-1.678864,0.0],[101.47001,-1.678629,0.0],[101.471674,-1.678053,0.0],[101.47285,-1.677149,0.0],[101.474453,-1.676806,0.0],[101.476546,-1.676726,0.0],[101.477254,-1.675899,0.0],[101.478513,-1.674409,0.0],[101.479631,-1.672842,0.0],[101.481185,-1.671111,0.0],[101.482452,-1.669646,0.0],[101.483399,-1.668438,0.0],[101.484908,-1.666745,0.0],[101.485138,-1.665534,0.0],[101.485251,-1.664022,0.0],[101.485531,-1.66373,0.0],[101.485827,-1.663471,0.0],[101.486032,-1.663262,0.0],[101.486258,-1.662994,0.0],[101.48646,-1.662717,0.0],[101.486652,-1.662356,0.0],[101.486794,-1.662034,0.0],[101.486932,-1.661684,0.0],[101.487047,-1.66138,0.0],[101.487158,-1.661077,0.0],[101.487254,-1.660794,0.0],[101.48732,-1.660514,0.0],[101.487383,-1.66018,0.0],[101.487452,-1.659846,0.0],[101.487548,-1.659512,0.0],[101.487657,-1.65929,0.0],[101.487816,-1.659071,0.0],[101.487949,-1.658898,0.0],[101.488145,-1.658673,0.0],[101.48841,-1.658421,0.0],[101.488901,-1.658049,0.0],[101.489133,-1.657767,0.0],[101.489308,-1.657475,0.0],[101.489531,-1.65718,0.0],[101.48973,-1.65701,0.0],[101.489953,-1.656888,0.0],[101.490367,-1.65677,0.0],[101.490002,-1.656646,0.0],[101.489693,-1.656671,0.0],[101.489016,-1.656672,0.0],[101.488624,-1.656469,0.0],[101.488017,-1.656302,0.0],[101.487661,-1.656231,0.0],[101.487351,-1.655968,0.0],[101.487173,-1.655646,0.0],[101.486994,-1.655347,0.0],[101.486994,-1.654904,0.0],[101.487065,-1.654558,0.0],[101.487159,-1.654318,0.0],[101.487313,-1.654019,0.0],[101.487598,-1.653696,0.0],[101.486591,-1.65231,0.0],[101.486297,-1.652531,0.0],[101.485727,-1.652866,0.0],[101.485546,-1.65279,0.0],[101.485308,-1.652656,0.0],[101.485071,-1.65217,0.0],[101.485022,-1.65169,0.0],[101.485041,-1.651346,0.0],[101.485145,-1.65126,0.0],[101.485297,-1.651154,0.0],[101.485725,-1.651087,0.0],[101.486247,-1.650684,0.0],[101.487183,-1.651346,0.0],[101.488366,-1.649964,0.0],[101.486977,-1.649163,0.0],[101.486596,-1.648828,0.0],[101.486378,-1.648542,0.0],[101.486463,-1.648407,0.0],[101.486681,-1.648173,0.0],[101.487009,-1.648022,0.0],[101.487322,-1.64782,0.0],[101.487522,-1.647705,0.0],[101.487921,-1.647454,0.0],[101.48817,-1.647303,0.0],[101.488825,-1.64685,0.0],[101.489039,-1.646735,0.0],[101.489317,-1.64657,0.0],[101.489546,-1.646352,0.0],[101.489701,-1.646017,0.0],[101.489986,-1.645815,0.0],[101.4904,-1.645758,0.0],[101.490771,-1.645829,0.0],[101.491099,-1.645979,0.0],[101.491298,-1.645921,0.0],[101.491462,-1.645792,0.0],[101.491804,-1.645569,0.0],[101.492211,-1.64539,0.0],[101.492626,-1.645507,0.0],[101.492775,-1.645525,0.0],[101.493108,-1.645668,0.0],[101.493666,-1.645895,0.0],[101.494819,-1.646222,0.0],[101.495117,-1.646365,0.0],[101.495664,-1.646783,0.0],[101.496032,-1.647129,0.0],[101.496174,-1.647461,0.0],[101.496178,-1.647463,0.0],[101.496562,-1.647328,0.0],[101.496875,-1.647411,0.0],[101.497225,-1.647461,0.0],[101.497695,-1.647432,0.0],[101.498037,-1.647338,0.0],[101.498714,-1.646878,0.0],[101.498949,-1.646677,0.0],[101.499198,-1.646469,0.0],[101.499355,-1.646296,0.0],[101.499454,-1.646045,0.0],[101.499625,-1.645901,0.0],[101.500117,-1.645691,0.0],[101.500148,-1.645679,0.0],[101.500242,-1.645597,0.0],[101.500353,-1.64544,0.0],[101.50047,-1.645336,0.0],[101.500587,-1.645271,0.0],[101.500868,-1.645187,0.0],[101.500996,-1.64517,0.0],[101.501093,-1.645178,0.0],[101.501487,-1.645311,0.0],[101.501635,-1.645322,0.0],[101.501727,-1.645316,0.0],[101.502497,-1.644936,0.0],[101.502601,-1.644917,0.0],[101.502729,-1.644913,0.0],[101.504282,-1.644949,0.0],[101.504937,-1.644934,0.0],[101.505166,-1.644925,0.0],[101.505506,-1.645167,0.0],[101.505668,-1.645301,0.0],[101.505858,-1.645511,0.0],[101.506079,-1.645779,0.0],[101.506135,-1.645657,0.0],[101.506236,-1.64556,0.0],[101.506475,-1.645502,0.0],[101.507286,-1.645347,0.0],[101.507575,-1.645326,0.0],[101.507975,-1.645309,0.0],[101.508125,-1.645293,0.0],[101.508378,-1.645198,0.0],[101.508536,-1.64508,0.0],[101.50887,-1.644748,0.0],[101.508944,-1.644627,0.0],[101.508987,-1.644486,0.0],[101.508961,-1.643814,0.0],[101.508937,-1.643615,0.0],[101.508881,-1.643387,0.0],[101.508866,-1.643207,0.0],[101.508916,-1.643023,0.0],[101.509048,-1.642895,0.0],[101.509247,-1.642834,0.0],[101.50942,-1.642836,0.0],[101.509579,-1.642876,0.0],[101.509769,-1.642995,0.0],[101.510053,-1.643153,0.0],[101.510277,-1.643223,0.0],[101.510437,-1.643223,0.0],[101.510551,-1.643174,0.0],[101.510643,-1.643081,0.0],[101.510724,-1.642945,0.0],[101.510737,-1.642832,0.0],[101.510741,-1.642407,0.0],[101.510687,-1.642283,0.0],[101.510625,-1.642162,0.0],[101.510566,-1.642018,0.0],[101.510565,-1.641875,0.0],[101.510622,-1.641742,0.0],[101.510761,-1.641634,0.0],[101.511555,-1.641517,0.0],[101.511982,-1.641445,0.0],[101.512344,-1.641381,0.0],[101.512638,-1.641362,0.0],[101.512844,-1.641373,0.0],[101.51301,-1.641386,0.0],[101.513178,-1.641384,0.0],[101.513353,-1.641356,0.0],[101.513469,-1.641279,0.0],[101.513985,-1.640823,0.0],[101.514215,-1.640618,0.0],[101.514448,-1.640484,0.0],[101.514658,-1.640376,0.0],[101.514864,-1.640256,0.0],[101.514972,-1.64018,0.0],[101.51506,-1.640053,0.0],[101.51514,-1.639743,0.0],[101.515236,-1.639176,0.0],[101.515317,-1.639021,0.0],[101.515437,-1.638895,0.0],[101.515575,-1.638836,0.0],[101.516205,-1.638673,0.0],[101.51643,-1.63854,0.0],[101.516519,-1.638435,0.0],[101.516575,-1.63828,0.0],[101.516635,-1.637676,0.0],[101.516688,-1.637531,0.0],[101.516749,-1.637458,0.0],[101.51686,-1.637399,0.0],[101.517309,-1.637206,0.0],[101.51744,-1.637111,0.0],[101.517562,-1.636981,0.0],[101.517864,-1.6365,0.0],[101.517901,-1.63639,0.0],[101.517907,-1.636249,0.0],[101.517878,-1.636105,0.0],[101.517842,-1.636021,0.0],[101.518688,-1.635966,0.0],[101.518738,-1.636008,0.0],[101.518796,-1.636028,0.0],[101.520502,-1.636058,0.0],[101.521011,-1.636085,0.0],[101.521665,-1.636078,0.0],[101.522497,-1.636061,0.0],[101.523253,-1.636095,0.0],[101.523335,-1.635394,0.0],[101.525452,-1.6336,0.0],[101.527592,-1.6302,0.0],[101.529503,-1.627543,0.0],[101.531023,-1.625202,0.0],[101.532456,-1.622748,0.0],[101.53399,-1.62062,0.0],[101.534788,-1.618561,0.0],[101.535852,-1.617201,0.0],[101.536349,-1.616106,0.0],[101.537146,-1.615193,0.0],[101.537184,-1.615155,0.0],[101.537384,-1.613645,0.0],[101.537775,-1.611824,0.0],[101.539415,-1.610564,0.0],[101.540522,-1.609075,0.0],[101.540759,-1.607695,0.0],[101.54172,-1.607243,0.0],[101.542851,-1.606871,0.0],[101.543959,-1.606369,0.0],[101.544684,-1.606096,0.0],[101.544722,-1.606095,0.0],[101.546026,-1.605028,0.0],[101.546782,-1.604141,0.0],[101.548007,-1.602157,0.0],[101.548651,-1.601086,0.0],[101.549874,-1.599781,0.0],[101.551252,-1.59945,0.0],[101.552556,-1.599118,0.0],[101.553247,-1.598278,0.0],[101.554168,-1.59725,0.0],[101.555591,-1.5963,0.0],[101.555897,-1.595034,0.0],[101.55655,-1.593617,0.0],[101.558582,-1.59285,0.0],[101.559132,-1.591247,0.0],[101.55975,-1.590251,0.0],[101.560948,-1.590177,0.0],[101.562169,-1.590256,0.0],[101.562893,-1.590288,0.0],[101.564345,-1.589286,0.0],[101.56535,-1.588714,0.0],[101.566271,-1.587793,0.0],[101.56664,-1.582911,0.0],[101.566678,-1.580711,0.0],[101.567582,-1.579257,0.0],[101.568648,-1.579099,0.0],[101.570292,-1.578238,0.0],[101.572518,-1.577059,0.0],[101.573409,-1.575866,0.0],[101.574896,-1.575757,0.0],[101.577182,-1.576067,0.0],[101.579301,-1.576267,0.0],[101.580321,-1.57682,0.0],[101.580764,-1.577845,0.0],[101.582204,-1.578467,0.0],[101.584582,-1.578817,0.0],[101.586663,-1.578473,0.0],[101.588037,-1.577344,0.0],[101.588412,-1.57527,0.0],[101.589079,-1.572828,0.0],[101.58963,-1.57174,0.0],[101.589903,-1.569693,0.0],[101.591391,-1.568593,0.0],[101.593085,-1.567975,0.0],[101.594835,-1.566888,0.0],[101.596265,-1.565908,0.0],[101.5981,-1.564492,0.0],[101.599503,-1.5634,0.0],[101.602363,-1.561146,0.0],[101.60425,-1.559494,0.0],[101.605567,-1.55795,0.0],[101.607488,-1.555329,0.0],[101.608317,-1.554367,0.0],[101.612402,-1.551449,0.0],[101.613862,-1.550048,0.0],[101.616319,-1.548431,0.0],[101.617067,-1.547599,0.0],[101.617081,-1.54754,0.0],[101.61725,-1.54603,0.0],[101.6174,-1.545791,0.0],[101.617608,-1.545602,0.0],[101.61765,-1.545528,0.0],[101.617686,-1.545403,0.0],[101.617715,-1.54527,0.0],[101.617774,-1.545177,0.0],[101.617942,-1.545086,0.0],[101.619277,-1.544902,0.0],[101.618745,-1.542268,0.0],[101.618381,-1.540627,0.0],[101.619257,-1.540345,0.0],[101.619601,-1.54018,0.0],[101.619772,-1.540074,0.0],[101.619943,-1.539937,0.0],[101.620103,-1.539748,0.0],[101.620254,-1.539529,0.0],[101.620842,-1.538308,0.0],[101.621322,-1.537378,0.0],[101.621358,-1.537284,0.0],[101.621391,-1.537055,0.0],[101.621572,-1.535492,0.0],[101.621753,-1.534228,0.0],[101.622057,-1.532564,0.0],[101.621961,-1.532277,0.0],[101.621961,-1.531703,0.0],[101.621912,-1.530842,0.0],[101.621911,-1.530173,0.0],[101.622148,-1.529168,0.0],[101.622526,-1.527924,0.0],[101.622762,-1.527016,0.0],[101.622764,-1.527015,0.0],[101.623713,-1.526536,0.0],[101.62452,-1.526104,0.0],[101.625422,-1.525529,0.0],[101.627132,-1.524906,0.0],[101.627845,-1.52457,0.0],[101.628414,-1.524091,0.0],[101.629032,-1.52366,0.0],[101.629411,-1.523325,0.0],[101.630077,-1.523324,0.0],[101.631027,-1.52337,0.0],[101.631874,-1.523406,0.0],[101.63559,-1.523416,0.0],[101.636807,-1.522419,0.0],[101.637846,-1.521969,0.0],[101.63844,-1.52161,0.0],[101.639033,-1.52131,0.0],[101.639537,-1.520831,0.0],[101.640428,-1.52083,0.0],[101.641319,-1.52059,0.0],[101.641765,-1.520559,0.0],[101.642269,-1.52017,0.0],[101.64209,-1.519453,0.0],[101.642145,-1.515926,0.0],[101.642164,-1.512578,0.0],[101.649239,-1.51245,0.0],[101.656311,-1.51229,0.0],[101.656287,-1.50149,0.0],[101.656162,-1.498424,0.0],[101.66061,-1.498189,0.0],[101.665615,-1.498346,0.0],[101.666277,-1.498328,0.0],[101.666959,-1.498325,0.0],[101.667983,-1.498272,0.0],[101.668616,-1.498265,0.0],[101.669708,-1.4983,0.0],[101.670669,-1.498317,0.0],[101.671317,-1.498342,0.0],[101.671968,-1.498352,0.0],[101.673265,-1.498401,0.0],[101.679804,-1.498057,0.0],[101.679807,-1.498055,0.0],[101.679954,-1.49734,0.0],[101.680132,-1.496652,0.0],[101.680546,-1.495934,0.0],[101.681197,-1.495278,0.0],[101.681555,-1.495186,0.0],[101.68209,-1.495185,0.0],[101.682595,-1.495334,0.0],[101.682981,-1.495573,0.0],[101.68344,-1.495832,0.0],[101.683467,-1.495838,0.0],[101.684021,-1.495661,0.0],[101.684585,-1.495421,0.0],[101.684971,-1.495062,0.0],[101.685118,-1.494584,0.0],[101.685504,-1.494135,0.0],[101.686068,-1.493925,0.0],[101.686544,-1.494463,0.0],[101.686899,-1.49409,0.0],[101.686897,-1.494086,0.0],[101.69108,-1.489932,0.0],[101.691193,-1.488806,0.0],[101.691081,-1.487093,0.0],[101.691137,-1.484867,0.0],[101.690911,-1.483383,0.0],[101.690598,-1.482035,0.0],[101.690823,-1.481473,0.0],[101.691359,-1.480488,0.0],[101.691755,-1.479527,0.0],[101.692207,-1.478734,0.0],[101.692208,-1.477658,0.0],[101.692123,-1.476323,0.0],[101.69235,-1.474906,0.0],[101.693146,-1.473885,0.0],[101.694137,-1.473028,0.0],[101.695007,-1.471973,0.0],[101.695764,-1.471164,0.0],[101.696326,-1.470407,0.0],[101.696752,-1.46964,0.0],[101.69695,-1.468846,0.0],[101.697405,-1.468078,0.0],[101.698122,-1.467647,0.0],[101.698778,-1.46707,0.0],[101.698988,-1.46644,0.0],[101.699119,-1.465783,0.0],[101.699697,-1.464653,0.0],[101.700221,-1.463498,0.0],[101.700927,-1.46213,0.0],[101.701076,-1.461146,0.0],[101.701078,-1.460198,0.0],[101.70112,-1.459193,0.0],[101.700861,-1.458485,0.0],[101.700565,-1.457562,0.0],[101.700331,-1.456727,0.0],[101.700383,-1.455458,0.0],[101.700515,-1.454874,0.0],[101.700833,-1.454343,0.0],[101.701214,-1.453603,0.0],[101.70149,-1.453137,0.0],[101.70198,-1.45282,0.0],[101.702622,-1.452781,0.0],[101.703158,-1.45266,0.0],[101.703309,-1.452125,0.0],[101.703568,-1.451525,0.0],[101.703567,-1.450641,0.0],[101.703698,-1.450211,0.0],[101.703957,-1.449693,0.0],[101.703997,-1.449056,0.0],[101.704543,-1.448657,0.0],[101.705119,-1.448164,0.0],[101.705485,-1.447958,0.0],[101.70607,-1.447584,0.0],[101.706639,-1.447056,0.0],[101.706821,-1.446668,0.0],[101.707048,-1.446351,0.0],[101.707025,-1.445898,0.0],[101.707071,-1.445491,0.0],[101.707479,-1.445127,0.0],[101.707616,-1.444648,0.0],[101.707865,-1.444467,0.0],[101.708159,-1.444581,0.0],[101.708453,-1.444875,0.0],[101.708793,-1.445079,0.0],[101.709155,-1.445306,0.0],[101.709178,-1.445555,0.0],[101.709336,-1.445737,0.0],[101.709676,-1.445828,0.0],[101.709948,-1.445488,0.0],[101.710039,-1.445171,0.0],[101.71072,-1.444718,0.0],[101.710924,-1.444174,0.0],[101.71113,-1.44372,0.0],[101.711565,-1.443424,0.0],[101.712135,-1.443287,0.0],[101.712145,-1.442994,0.0],[101.712199,-1.442489,0.0],[101.712342,-1.441913,0.0],[101.712343,-1.441481,0.0],[101.712308,-1.441121,0.0],[101.7126,-1.440828,0.0],[101.712924,-1.440555,0.0],[101.713173,-1.440332,0.0],[101.713423,-1.440111,0.0],[101.713647,-1.439898,0.0],[101.714075,-1.439496,0.0],[101.714355,-1.439211,0.0],[101.714966,-1.438695,0.0],[101.715413,-1.438394,0.0],[101.715954,-1.438059,0.0],[101.716306,-1.437846,0.0],[101.716821,-1.437448,0.0],[101.717484,-1.43698,0.0],[101.718044,-1.436602,0.0],[101.718494,-1.436278,0.0],[101.718955,-1.435978,0.0],[101.719223,-1.435756,0.0],[101.719353,-1.435605,0.0],[101.719456,-1.435388,0.0],[101.719584,-1.435161,0.0],[101.719719,-1.434852,0.0],[101.719849,-1.434653,0.0],[101.719992,-1.434453,0.0],[101.720188,-1.434187,0.0],[101.72035,-1.433885,0.0],[101.720653,-1.433216,0.0],[101.720579,-1.43314,0.0],[101.720211,-1.432994,0.0],[101.719904,-1.432882,0.0],[101.719794,-1.432679,0.0],[101.719952,-1.432478,0.0],[101.72031,-1.432277,0.0],[101.720721,-1.431986,0.0],[101.721011,-1.431716,0.0],[101.721367,-1.431459,0.0],[101.721659,-1.431294,0.0],[101.721784,-1.431189,0.0],[101.721802,-1.431095,0.0],[101.719977,-1.43113,0.0],[101.718111,-1.431139,0.0],[101.717105,-1.431205,0.0],[101.716544,-1.431221,0.0],[101.716394,-1.431067,0.0],[101.716044,-1.430798,0.0],[101.715808,-1.430554,0.0],[101.715336,-1.430172,0.0],[101.715258,-1.430009,0.0],[101.715134,-1.429811,0.0],[101.714833,-1.429647,0.0],[101.714576,-1.429522,0.0],[101.714315,-1.429505,0.0],[101.713979,-1.429489,0.0],[101.713816,-1.429476,0.0],[101.71373,-1.429358,0.0],[101.713653,-1.429211,0.0],[101.713589,-1.429054,0.0],[101.713524,-1.428883,0.0],[101.713405,-1.428808,0.0],[101.713285,-1.428807,0.0],[101.713023,-1.428848,0.0],[101.712821,-1.428824,0.0],[101.712769,-1.42871,0.0],[101.712773,-1.428522,0.0],[101.712806,-1.428344,0.0],[101.712911,-1.428165,0.0],[101.7128,-1.42785,0.0],[101.712516,-1.427561,0.0],[101.712111,-1.426722,0.0],[101.712115,-1.426565,0.0],[101.712223,-1.426425,0.0],[101.712206,-1.426264,0.0],[101.711984,-1.425929,0.0],[101.711811,-1.425784,0.0],[101.711789,-1.425781,0.0],[101.711337,-1.425544,0.0],[101.711284,-1.425524,0.0],[101.711032,-1.425415,0.0],[101.711019,-1.425417,0.0],[101.710754,-1.42536,0.0],[101.710402,-1.425275,0.0],[101.710213,-1.425199,0.0],[101.7102,-1.425075,0.0],[101.710332,-1.424919,0.0],[101.710576,-1.424883,0.0],[101.7106,-1.4249,0.0],[101.710837,-1.424954,0.0],[101.710875,-1.424969,0.0],[101.711052,-1.424955,0.0],[101.711239,-1.424874,0.0],[101.711294,-1.424779,0.0],[101.711264,-1.424677,0.0],[101.711354,-1.42457,0.0],[101.711596,-1.424382,0.0],[101.711603,-1.424381,0.0],[101.711798,-1.424214,0.0],[101.711949,-1.42399,0.0],[101.712006,-1.423766,0.0],[101.71208,-1.423561,0.0],[101.71208,-1.423376,0.0],[101.712067,-1.423249,0.0],[101.712044,-1.423153,0.0],[101.711986,-1.423098,0.0],[101.711869,-1.423039,0.0],[101.711789,-1.423072,0.0],[101.711744,-1.423193,0.0],[101.711661,-1.423342,0.0],[101.711563,-1.423307,0.0],[101.711468,-1.423159,0.0],[101.711466,-1.423145,0.0],[101.711488,-1.42297,0.0],[101.711587,-1.42287,0.0],[101.71161,-1.422838,0.0],[101.71165,-1.422731,0.0],[101.711558,-1.422646,0.0],[101.711548,-1.422627,0.0],[101.711422,-1.422547,0.0],[101.711326,-1.422477,0.0],[101.711263,-1.422395,0.0],[101.711284,-1.422256,0.0],[101.711313,-1.422216,0.0],[101.711494,-1.422015,0.0],[101.711527,-1.421995,0.0],[101.711778,-1.421889,0.0],[101.711358,-1.421731,0.0],[101.711059,-1.421436,0.0],[101.711041,-1.421423,0.0],[101.710768,-1.421036,0.0],[101.710749,-1.421015,0.0],[101.710586,-1.4207,0.0],[101.710543,-1.420381,0.0],[101.710524,-1.41995,0.0],[101.709809,-1.419876,0.0],[101.709264,-1.419922,0.0],[101.708881,-1.419935,0.0],[101.70883,-1.419546,0.0],[101.708632,-1.419119,0.0],[101.708616,-1.419072,0.0],[101.708419,-1.418658,0.0],[101.70818,-1.418366,0.0],[101.707781,-1.417712,0.0],[101.707432,-1.417272,0.0],[101.707202,-1.417276,0.0],[101.706963,-1.417429,0.0],[101.706689,-1.417587,0.0],[101.706447,-1.417395,0.0],[101.706435,-1.417372,0.0],[101.706224,-1.417126,0.0],[101.706031,-1.416923,0.0],[101.705952,-1.416813,0.0],[101.705931,-1.416645,0.0],[101.705726,-1.416493,0.0],[101.705358,-1.416278,0.0],[101.704786,-1.416089,0.0],[101.704556,-1.415932,0.0],[101.703861,-1.4155,0.0],[101.70353,-1.415254,0.0],[101.703309,-1.415046,0.0],[101.70309,-1.414844,0.0],[101.702876,-1.414629,0.0],[101.702646,-1.414477,0.0],[101.702444,-1.414371,0.0],[101.702231,-1.414296,0.0],[101.702091,-1.41417,0.0],[101.701927,-1.413981,0.0],[101.70156,-1.413545,0.0],[101.701207,-1.412933,0.0],[101.70096,-1.412486,0.0],[101.700633,-1.41188,0.0],[101.700265,-1.411256,0.0],[101.700127,-1.410745,0.0],[101.699867,-1.410051,0.0],[101.699581,-1.409254,0.0],[101.699439,-1.409151,0.0],[101.698705,-1.409098,0.0],[101.697912,-1.409006,0.0],[101.697289,-1.408867,0.0],[101.696609,-1.408714,0.0],[101.696132,-1.408462,0.0],[101.695806,-1.408278,0.0],[101.695418,-1.40819,0.0],[101.695126,-1.4081,0.0],[101.694788,-1.408057,0.0],[101.694471,-1.408119,0.0],[101.694268,-1.408212,0.0],[101.694109,-1.408314,0.0],[101.693944,-1.408382,0.0],[101.69371,-1.40843,0.0],[101.693861,-1.408273,0.0],[101.694056,-1.408083,0.0],[101.694168,-1.407858,0.0],[101.694194,-1.407639,0.0],[101.694157,-1.407359,0.0],[101.694084,-1.406874,0.0],[101.694053,-1.406416,0.0],[101.694092,-1.406043,0.0],[101.694165,-1.405384,0.0],[101.694384,-1.404585,0.0],[101.694673,-1.404034,0.0],[101.694799,-1.40379,0.0],[101.694855,-1.403535,0.0],[101.694893,-1.402903,0.0],[101.695026,-1.40239,0.0],[101.695261,-1.401858,0.0],[101.695402,-1.401478,0.0],[101.695488,-1.401505,0.0],[101.695602,-1.40155,0.0],[101.695735,-1.40155,0.0],[101.69584,-1.401526,0.0],[101.696073,-1.401479,0.0],[101.696168,-1.401449,0.0],[101.696308,-1.401421,0.0],[101.696454,-1.401399,0.0],[101.696655,-1.401333,0.0],[101.696756,-1.401286,0.0],[101.696819,-1.401202,0.0],[101.696863,-1.400809,0.0],[101.696902,-1.400619,0.0],[101.696924,-1.400404,0.0],[101.696923,-1.400199,0.0],[101.696918,-1.399931,0.0],[101.696837,-1.399659,0.0],[101.696857,-1.399541,0.0],[101.696865,-1.399436,0.0],[101.696858,-1.3993,0.0],[101.696824,-1.399188,0.0],[101.696806,-1.399057,0.0],[101.696821,-1.398917,0.0],[101.696816,-1.398617,0.0],[101.696671,-1.398175,0.0],[101.696583,-1.398035,0.0],[101.696475,-1.397853,0.0],[101.696425,-1.39775,0.0],[101.696401,-1.397667,0.0],[101.69641,-1.397591,0.0],[101.696433,-1.397532,0.0],[101.696379,-1.397355,0.0],[101.6964,-1.397279,0.0],[101.696441,-1.39721,0.0],[101.696482,-1.397166,0.0],[101.696525,-1.397093,0.0],[101.696517,-1.397035,0.0],[101.696466,-1.396988,0.0],[101.696367,-1.396969,0.0],[101.696125,-1.396935,0.0],[101.695957,-1.396938,0.0],[101.695876,-1.396925,0.0],[101.695808,-1.396928,0.0],[101.695738,-1.396912,0.0],[101.695689,-1.39685,0.0],[101.695482,-1.39671,0.0],[101.69539,-1.396655,0.0],[101.695335,-1.396584,0.0],[101.69526,-1.39654,0.0],[101.695157,-1.396441,0.0],[101.695067,-1.396331,0.0],[101.694971,-1.396248,0.0],[101.694851,-1.396046,0.0],[101.694863,-1.395948,0.0],[101.694856,-1.395836,0.0],[101.694813,-1.39575,0.0],[101.694706,-1.39568,0.0],[101.69463,-1.395644,0.0],[101.694598,-1.395572,0.0],[101.694628,-1.395518,0.0],[101.694716,-1.395461,0.0],[101.694864,-1.395383,0.0],[101.695076,-1.395246,0.0],[101.695209,-1.39512,0.0],[101.695272,-1.395015,0.0],[101.695317,-1.394901,0.0],[101.695321,-1.394802,0.0],[101.695299,-1.394704,0.0],[101.695264,-1.3946,0.0],[101.695201,-1.394487,0.0],[101.69502,-1.394224,0.0],[101.694931,-1.394087,0.0],[101.695025,-1.393998,0.0],[101.695343,-1.393756,0.0],[101.695772,-1.393482,0.0],[101.696144,-1.393249,0.0],[101.696894,-1.392911,0.0],[101.697285,-1.392771,0.0],[101.697653,-1.392611,0.0],[101.698106,-1.392321,0.0],[101.698445,-1.392055,0.0],[101.698758,-1.391771,0.0],[101.699162,-1.391286,0.0],[101.69944,-1.390919,0.0],[101.699678,-1.390658,0.0],[101.699933,-1.390363,0.0],[101.70022,-1.389956,0.0],[101.700501,-1.389624,0.0],[101.700807,-1.389391,0.0],[101.701391,-1.38888,0.0],[101.701845,-1.388581,0.0],[101.702398,-1.388327,0.0],[101.703046,-1.387947,0.0],[101.703447,-1.387674,0.0],[101.703845,-1.387387,0.0],[101.70419,-1.387104,0.0],[101.70468,-1.386754,0.0],[101.704939,-1.386549,0.0],[101.704992,-1.386371,0.0],[101.704954,-1.38606,0.0],[101.704902,-1.385751,0.0],[101.704864,-1.385448,0.0],[101.704849,-1.385147,0.0],[101.704894,-1.384859,0.0],[101.705114,-1.384223,0.0],[101.705551,-1.383497,0.0],[101.705924,-1.382911,0.0],[101.706227,-1.382401,0.0],[101.706553,-1.382109,0.0],[101.707019,-1.381912,0.0],[101.707521,-1.381756,0.0],[101.708267,-1.381652,0.0],[101.708793,-1.3816,0.0],[101.709383,-1.381522,0.0],[101.709925,-1.381391,0.0],[101.710311,-1.381104,0.0],[101.710658,-1.380561,0.0],[101.710815,-1.380382,0.0],[101.710913,-1.380213,0.0],[101.711035,-1.379805,0.0],[101.711163,-1.379387,0.0],[101.711273,-1.379138,0.0],[101.711436,-1.378888,0.0],[101.711876,-1.378739,0.0],[101.712168,-1.378581,0.0],[101.712288,-1.378354,0.0],[101.712338,-1.378196,0.0],[101.712355,-1.377789,0.0],[101.712516,-1.377526,0.0],[101.71254,-1.377399,0.0],[101.714083,-1.377417,0.0],[101.714821,-1.375819,0.0],[101.714972,-1.375921,0.0],[101.715529,-1.376129,0.0],[101.715825,-1.375785,0.0],[101.716041,-1.375089,0.0],[101.716193,-1.373967,0.0],[101.71742,-1.374122,0.0],[101.717705,-1.37344,0.0],[101.717703,-1.3724,0.0],[101.717952,-1.371754,0.0],[101.718343,-1.370749,0.0],[101.718983,-1.369816,0.0],[101.719578,-1.369065,0.0],[101.720683,-1.368784,0.0],[101.721438,-1.368617,0.0],[101.721797,-1.367984,0.0],[101.721653,-1.367518,0.0],[101.721546,-1.366944,0.0],[101.721852,-1.365698,0.0],[101.725633,-1.365523,0.0],[101.728172,-1.365286,0.0],[101.728178,-1.365235,0.0],[101.728032,-1.365079,0.0],[101.727768,-1.36469,0.0],[101.72753,-1.364165,0.0],[101.727434,-1.363471,0.0],[101.727172,-1.362946,0.0],[101.72653,-1.362277,0.0],[101.725627,-1.361967,0.0],[101.725279,-1.36181,0.0],[101.724813,-1.361198,0.0],[101.724527,-1.360376,0.0],[101.724241,-1.359611,0.0],[101.724165,-1.359209,0.0],[101.72405,-1.358751,0.0],[101.724183,-1.358301,0.0],[101.724261,-1.358219,0.0],[101.724461,-1.35804,0.0],[101.724889,-1.357498,0.0],[101.725146,-1.357055,0.0],[101.725182,-1.356791,0.0],[101.725218,-1.356548,0.0],[101.725218,-1.356284,0.0],[101.725256,-1.356013,0.0],[101.725184,-1.355727,0.0],[101.725101,-1.355676,0.0],[101.725102,-1.355651,0.0],[101.724611,-1.355139,0.0],[101.724987,-1.355279,0.0],[101.725358,-1.355316,0.0],[101.725833,-1.355488,0.0],[101.726128,-1.355669,0.0],[101.726413,-1.3561,0.0],[101.726499,-1.356272,0.0],[101.726594,-1.356405,0.0],[101.72687,-1.356166,0.0],[101.726945,-1.355621,0.0],[101.727078,-1.35542,0.0],[101.727714,-1.355342,0.0],[101.727961,-1.355055,0.0],[101.728132,-1.354902,0.0],[101.728046,-1.354481,0.0],[101.727611,-1.353778,0.0],[101.727637,-1.353619,0.0],[101.727581,-1.353251,0.0],[101.727411,-1.352699,0.0],[101.727176,-1.351956,0.0],[101.727265,-1.351695,0.0],[101.727322,-1.351385,0.0],[101.727286,-1.351055,0.0],[101.727299,-1.350761,0.0],[101.727267,-1.35049,0.0],[101.727315,-1.350181,0.0],[101.727356,-1.34994,0.0],[101.727435,-1.349762,0.0],[101.727406,-1.34959,0.0],[101.727375,-1.349472,0.0],[101.727221,-1.349258,0.0],[101.726974,-1.348993,0.0],[101.726835,-1.348859,0.0],[101.726632,-1.348514,0.0],[101.72646,-1.348192,0.0],[101.726353,-1.347883,0.0],[101.726219,-1.3477,0.0],[101.726014,-1.3475,0.0],[101.725784,-1.34715,0.0],[101.725675,-1.346709,0.0],[101.725595,-1.346197,0.0],[101.72548,-1.345638,0.0],[101.725238,-1.345126,0.0],[101.725222,-1.345115,0.0],[101.72493,-1.344439,0.0],[101.724787,-1.343863,0.0],[101.724711,-1.343462,0.0],[101.724681,-1.343015,0.0],[101.724664,-1.342656,0.0],[101.724321,-1.342265,0.0],[101.724,-1.342094,0.0],[101.723505,-1.34206,0.0],[101.722965,-1.341921,0.0],[101.722585,-1.341758,0.0],[101.722375,-1.341649,0.0],[101.722361,-1.34163,0.0],[101.722153,-1.341508,0.0],[101.722059,-1.341308,0.0],[101.721846,-1.341084,0.0],[101.721508,-1.340763,0.0],[101.721234,-1.340449,0.0],[101.720842,-1.340175,0.0],[101.720606,-1.340038,0.0],[101.719882,-1.339819,0.0],[101.719412,-1.339731,0.0],[101.719065,-1.339637,0.0],[101.718921,-1.339496,0.0],[101.718767,-1.339241,0.0],[101.718611,-1.339101,0.0],[101.718345,-1.339041,0.0],[101.718032,-1.338873,0.0],[101.717807,-1.338612,0.0],[101.717425,-1.338519,0.0],[101.716995,-1.338392,0.0],[101.716567,-1.338214,0.0],[101.716001,-1.338025,0.0],[101.715667,-1.337917,0.0],[101.714882,-1.337901,0.0],[101.714232,-1.337775,0.0],[101.713158,-1.337271,0.0],[101.713128,-1.337249,0.0],[101.712758,-1.337039,0.0],[101.712715,-1.337019,0.0],[101.712357,-1.336701,0.0],[101.712337,-1.336663,0.0],[101.712108,-1.336475,0.0],[101.711836,-1.336336,0.0],[101.711489,-1.336407,0.0],[101.711303,-1.336583,0.0],[101.71132,-1.336965,0.0],[101.711442,-1.337599,0.0],[101.711302,-1.338103,0.0],[101.711303,-1.338116,0.0],[101.711137,-1.338518,0.0],[101.711115,-1.338549,0.0],[101.71089,-1.338826,0.0],[101.710493,-1.339117,0.0],[101.71018,-1.339274,0.0],[101.709876,-1.339268,0.0],[101.709427,-1.339151,0.0],[101.709109,-1.339012,0.0],[101.708926,-1.338705,0.0],[101.708924,-1.338692,0.0],[101.70882,-1.338374,0.0],[101.708818,-1.338361,0.0],[101.708553,-1.338042,0.0],[101.708362,-1.337845,0.0],[101.708032,-1.337871,0.0],[101.707776,-1.338031,0.0],[101.707799,-1.338339,0.0],[101.707801,-1.338854,0.0],[101.707895,-1.339531,0.0],[101.708002,-1.340118,0.0],[101.708127,-1.340475,0.0],[101.708135,-1.340703,0.0],[101.708217,-1.341567,0.0],[101.708025,-1.342229,0.0],[101.707865,-1.342751,0.0],[101.70753,-1.343354,0.0],[101.707052,-1.343897,0.0],[101.706527,-1.344394,0.0],[101.706099,-1.344647,0.0],[101.705682,-1.344817,0.0],[101.705292,-1.344899,0.0],[101.704895,-1.344929,0.0],[101.704393,-1.344867,0.0],[101.704079,-1.344905,0.0],[101.703911,-1.345027,0.0],[101.703912,-1.345381,0.0],[101.703954,-1.345843,0.0],[101.704023,-1.346195,0.0],[101.703977,-1.346568,0.0],[101.703781,-1.346849,0.0],[101.703566,-1.346854,0.0],[101.703442,-1.346785,0.0],[101.703394,-1.34655,0.0],[101.703364,-1.34636,0.0],[101.703213,-1.346313,0.0],[101.702891,-1.346364,0.0],[101.702714,-1.346547,0.0],[101.702707,-1.346569,0.0],[101.702558,-1.34686,0.0],[101.702551,-1.346881,0.0],[101.702391,-1.346979,0.0],[101.702139,-1.34702,0.0],[101.701965,-1.346966,0.0],[101.701794,-1.346871,0.0],[101.701672,-1.346818,0.0],[101.701479,-1.346716,0.0],[101.701242,-1.346465,0.0],[101.701041,-1.346403,0.0],[101.700841,-1.346391,0.0],[101.700689,-1.346539,0.0],[101.700507,-1.346567,0.0],[101.700367,-1.346473,0.0],[101.700083,-1.346443,0.0],[101.699835,-1.3465,0.0],[101.69953,-1.346649,0.0],[101.699271,-1.346821,0.0],[101.699108,-1.346948,0.0],[101.699042,-1.347248,0.0],[101.698923,-1.347474,0.0],[101.698773,-1.347572,0.0],[101.698555,-1.347752,0.0],[101.698342,-1.348034,0.0],[101.698191,-1.348239,0.0],[101.698001,-1.348329,0.0],[101.697912,-1.348222,0.0],[101.697897,-1.348123,0.0],[101.697826,-1.348062,0.0],[101.697677,-1.348095,0.0],[101.697568,-1.348325,0.0],[101.697392,-1.348724,0.0],[101.697238,-1.348857,0.0],[101.697131,-1.348755,0.0],[101.697028,-1.34862,0.0],[101.696851,-1.348466,0.0],[101.696693,-1.34837,0.0],[101.69648,-1.348259,0.0],[101.696258,-1.34821,0.0],[101.696098,-1.348235,0.0],[101.695889,-1.348278,0.0],[101.695799,-1.348354,0.0],[101.695729,-1.348559,0.0],[101.695814,-1.348707,0.0],[101.69586,-1.348931,0.0],[101.695747,-1.348988,0.0],[101.69559,-1.348962,0.0],[101.695336,-1.348911,0.0],[101.695205,-1.348861,0.0],[101.695176,-1.348745,0.0],[101.695154,-1.348608,0.0],[101.695058,-1.348519,0.0],[101.694824,-1.348452,0.0],[101.694627,-1.348431,0.0],[101.694432,-1.348348,0.0],[101.694299,-1.348142,0.0],[101.69427,-1.3479,0.0],[101.694083,-1.347611,0.0],[101.693867,-1.34744,0.0],[101.693653,-1.34733,0.0],[101.693477,-1.347378,0.0],[101.693481,-1.347571,0.0],[101.693638,-1.347762,0.0],[101.693741,-1.347992,0.0],[101.693745,-1.348012,0.0],[101.693709,-1.348212,0.0],[101.693606,-1.348269,0.0],[101.693472,-1.348208,0.0],[101.69331,-1.348048,0.0],[101.693206,-1.347921,0.0],[101.693056,-1.347944,0.0],[101.692941,-1.348105,0.0],[101.692758,-1.348226,0.0],[101.692443,-1.348593,0.0],[101.69223,-1.348728,0.0],[101.691995,-1.348847,0.0],[101.691685,-1.349009,0.0],[101.691394,-1.349043,0.0],[101.691125,-1.349021,0.0],[101.690801,-1.34896,0.0],[101.690593,-1.34887,0.0],[101.690122,-1.348843,0.0],[101.690022,-1.348787,0.0],[101.689824,-1.348818,0.0],[101.689643,-1.348898,0.0],[101.689477,-1.349069,0.0],[101.68934,-1.349292,0.0],[101.689168,-1.349471,0.0],[101.688986,-1.349514,0.0],[101.688799,-1.349529,0.0],[101.688063,-1.349413,0.0],[101.686849,-1.349313,0.0],[101.685681,-1.349787,0.0],[101.684954,-1.350708,0.0],[101.683673,-1.351063,0.0],[101.683583,-1.351076,0.0],[101.68247,-1.351283,0.0],[101.681574,-1.35081,0.0],[101.680556,-1.35073,0.0],[101.679778,-1.350639,0.0],[101.679205,-1.350053,0.0],[101.678651,-1.349448,0.0],[101.677738,-1.349175,0.0],[101.67609,-1.348875,0.0],[101.675133,-1.348015,0.0],[101.67503,-1.347071,0.0],[101.674766,-1.345096,0.0],[101.674663,-1.344156,0.0],[101.674308,-1.342477,0.0],[101.673778,-1.341147,0.0],[101.673554,-1.339449,0.0],[101.673532,-1.339315,0.0],[101.673072,-1.33756,0.0],[101.672513,-1.336601,0.0],[101.672448,-1.336475,0.0],[101.672306,-1.336083,0.0],[101.67205,-1.335674,0.0],[101.672043,-1.335629,0.0],[101.671915,-1.334549,0.0],[101.671713,-1.333016,0.0],[101.671745,-1.332083,0.0],[101.672009,-1.331161,0.0],[101.672857,-1.33043,0.0],[101.672888,-1.330333,0.0],[101.673478,-1.329415,0.0],[101.673532,-1.329179,0.0],[101.67343,-1.32824,0.0],[101.673453,-1.328096,0.0],[101.673775,-1.326935,0.0],[101.673806,-1.326838,0.0],[101.674362,-1.326288,0.0],[101.674482,-1.326177,0.0],[101.67452,-1.326125,0.0],[101.675104,-1.325756,0.0],[101.675644,-1.325393,0.0],[101.676665,-1.325464,0.0],[101.676807,-1.325487,0.0],[101.677646,-1.325863,0.0],[101.677697,-1.325901,0.0],[101.678622,-1.326541,0.0],[101.679476,-1.325861,0.0],[101.680483,-1.325568,0.0],[101.681601,-1.325722,0.0],[101.681704,-1.325799,0.0],[101.682112,-1.326383,0.0],[101.682125,-1.326474,0.0],[101.682667,-1.327583,0.0],[101.683242,-1.327548,0.0],[101.684741,-1.327452,0.0],[101.685665,-1.326774,0.0],[101.686557,-1.325213,0.0],[101.688012,-1.324496,0.0],[101.688468,-1.32439,0.0],[101.688757,-1.32401,0.0],[101.688951,-1.323624,0.0],[101.689009,-1.323077,0.0],[101.689026,-1.322563,0.0],[101.689157,-1.321157,0.0],[101.689179,-1.319725,0.0],[101.689396,-1.318375,0.0],[101.689759,-1.316745,0.0],[101.689923,-1.315801,0.0],[101.690195,-1.315098,0.0],[101.690506,-1.314541,0.0],[101.690784,-1.313991,0.0],[101.691003,-1.313552,0.0],[101.69127,-1.313158,0.0],[101.69154,-1.312953,0.0],[101.691895,-1.312647,0.0],[101.692196,-1.312278,0.0],[101.692319,-1.311879,0.0],[101.692367,-1.311531,0.0],[101.692337,-1.31101,0.0],[101.692308,-1.310583,0.0],[101.692325,-1.310123,0.0],[101.692413,-1.309803,0.0],[101.69256,-1.309518,0.0],[101.692692,-1.309237,0.0],[101.692953,-1.309073,0.0],[101.693109,-1.309027,0.0],[101.693354,-1.309021,0.0],[101.693609,-1.308974,0.0],[101.693832,-1.308869,0.0],[101.694014,-1.308182,0.0],[101.694151,-1.308011,0.0],[101.69435,-1.307832,0.0],[101.694457,-1.30765,0.0],[101.694464,-1.307427,0.0],[101.694342,-1.307271,0.0],[101.694115,-1.30715,0.0],[101.692878,-1.306754,0.0],[101.692683,-1.306461,0.0],[101.69251,-1.306074,0.0],[101.692525,-1.305722,0.0],[101.69255,-1.305487,0.0],[101.692653,-1.305106,0.0],[101.692932,-1.304825,0.0],[101.693248,-1.304625,0.0],[101.693516,-1.304323,0.0],[101.693727,-1.30386,0.0],[101.693768,-1.303506,0.0],[101.693729,-1.303159,0.0],[101.69364,-1.30288,0.0],[101.693439,-1.30262,0.0],[101.693114,-1.302412,0.0],[101.69261,-1.301833,0.0],[101.692463,-1.301992,0.0],[101.692261,-1.302375,0.0],[101.692036,-1.302506,0.0],[101.691846,-1.302375,0.0],[101.691655,-1.302302,0.0],[101.691549,-1.302447,0.0],[101.691371,-1.302519,0.0],[101.691002,-1.302149,0.0],[101.690574,-1.302221,0.0],[101.690206,-1.302233,0.0],[101.69004,-1.302066,0.0],[101.690182,-1.301863,0.0],[101.690277,-1.301719,0.0],[101.690075,-1.301588,0.0],[101.689695,-1.301696,0.0],[101.689425,-1.301504,0.0],[101.689017,-1.301457,0.0],[101.688852,-1.301096,0.0],[101.688822,-1.300789,0.0],[101.688624,-1.300477,0.0],[101.688434,-1.300203,0.0],[101.688658,-1.299111,0.0],[101.68913,-1.298778,0.0],[101.689142,-1.298745,0.0],[101.689245,-1.298636,0.0],[101.689418,-1.298545,0.0],[101.689556,-1.298239,0.0],[101.689883,-1.298004,0.0],[101.690799,-1.297788,0.0],[101.691217,-1.297506,0.0],[101.691431,-1.297147,0.0],[101.691395,-1.296872,0.0],[101.691216,-1.296573,0.0],[101.691145,-1.296227,0.0],[101.691156,-1.295964,0.0],[101.691287,-1.29582,0.0],[101.691334,-1.295617,0.0],[101.691286,-1.295378,0.0],[101.691635,-1.294881,0.0],[101.691863,-1.294977,0.0],[101.69211,-1.295129,0.0],[101.692718,-1.294746,0.0],[101.693212,-1.294248,0.0],[101.693269,-1.294765,0.0],[101.693232,-1.295166,0.0],[101.693802,-1.29528,0.0],[101.694334,-1.29528,0.0],[101.694613,-1.295321,0.0],[101.694829,-1.294862,0.0],[101.694889,-1.294631,0.0],[101.695021,-1.293933,0.0],[101.695095,-1.293656,0.0],[101.695192,-1.293468,0.0],[101.696384,-1.291818,0.0],[101.696316,-1.291751,0.0],[101.696289,-1.291714,0.0],[101.696205,-1.291513,0.0],[101.696161,-1.291384,0.0],[101.696127,-1.291253,0.0],[101.69605,-1.291036,0.0],[101.696044,-1.290878,0.0],[101.695995,-1.290713,0.0],[101.695982,-1.290607,0.0],[101.695946,-1.290436,0.0],[101.695936,-1.290306,0.0],[101.695895,-1.29003,0.0],[101.695884,-1.289879,0.0],[101.695852,-1.289753,0.0],[101.695836,-1.289576,0.0],[101.695858,-1.289469,0.0],[101.695853,-1.289223,0.0],[101.695839,-1.289025,0.0],[101.695854,-1.288839,0.0],[101.695879,-1.28864,0.0],[101.695898,-1.288443,0.0],[101.695925,-1.287931,0.0],[101.695927,-1.287792,0.0],[101.695925,-1.28762,0.0],[101.695933,-1.287458,0.0],[101.695969,-1.287265,0.0],[101.696004,-1.286881,0.0],[101.696032,-1.286492,0.0],[101.696005,-1.286324,0.0],[101.695962,-1.286145,0.0],[101.6959,-1.285936,0.0],[101.695828,-1.285764,0.0],[101.695766,-1.28557,0.0],[101.695744,-1.285441,0.0],[101.695699,-1.285237,0.0],[101.695613,-1.285034,0.0],[101.695594,-1.284678,0.0],[101.695624,-1.284301,0.0],[101.695665,-1.284134,0.0],[101.695699,-1.283964,0.0],[101.695745,-1.28378,0.0],[101.695837,-1.2836,0.0],[101.69577,-1.283476,0.0],[101.695701,-1.283364,0.0],[101.695545,-1.283268,0.0],[101.695389,-1.283214,0.0],[101.695272,-1.283186,0.0],[101.695092,-1.283138,0.0],[101.695006,-1.283151,0.0],[101.694857,-1.283134,0.0],[101.694693,-1.283127,0.0],[101.694401,-1.283074,0.0],[101.694291,-1.283029,0.0],[101.694236,-1.283013,0.0],[101.694152,-1.28297,0.0],[101.694026,-1.282893,0.0],[101.693879,-1.28283,0.0],[101.693633,-1.28271,0.0],[101.693486,-1.282632,0.0],[101.693368,-1.282563,0.0],[101.693242,-1.282518,0.0],[101.692814,-1.282302,0.0],[101.692601,-1.282142,0.0],[101.692481,-1.282041,0.0],[101.69238,-1.281939,0.0],[101.692156,-1.281696,0.0],[101.692043,-1.281558,0.0],[101.691886,-1.281372,0.0],[101.691733,-1.28122,0.0],[101.691667,-1.281139,0.0],[101.691735,-1.280972,0.0],[101.691821,-1.280727,0.0],[101.691903,-1.280473,0.0],[101.692049,-1.280198,0.0],[101.692167,-1.280049,0.0],[101.692314,-1.279914,0.0],[101.692511,-1.279738,0.0],[101.692707,-1.279512,0.0],[101.692813,-1.279334,0.0],[101.692955,-1.279068,0.0],[101.69307,-1.278842,0.0],[101.693288,-1.278537,0.0],[101.693451,-1.278324,0.0],[101.693667,-1.27811,0.0],[101.693831,-1.277989,0.0],[101.694258,-1.277632,0.0],[101.694437,-1.277409,0.0],[101.694559,-1.277185,0.0],[101.694757,-1.276743,0.0],[101.694949,-1.276586,0.0],[101.6952,-1.276471,0.0],[101.695876,-1.276212,0.0],[101.696039,-1.276102,0.0],[101.696206,-1.275869,0.0],[101.696464,-1.275582,0.0],[101.696746,-1.275353,0.0],[101.697107,-1.275097,0.0],[101.697419,-1.274891,0.0],[101.697755,-1.274761,0.0],[101.697967,-1.274721,0.0],[101.698144,-1.274623,0.0],[101.69832,-1.274438,0.0],[101.698505,-1.27427,0.0],[101.698812,-1.274073,0.0],[101.699183,-1.27387,0.0],[101.699436,-1.273607,0.0],[101.699886,-1.273043,0.0],[101.700159,-1.272499,0.0],[101.700361,-1.272,0.0],[101.700517,-1.27151,0.0],[101.700667,-1.271,0.0],[101.700671,-1.270811,0.0],[101.700846,-1.270468,0.0],[101.701067,-1.270091,0.0],[101.701424,-1.26954,0.0],[101.701618,-1.269215,0.0],[101.70173,-1.268982,0.0],[101.701783,-1.268783,0.0],[101.70188,-1.268608,0.0],[101.702,-1.268572,0.0],[101.702217,-1.268566,0.0],[101.702486,-1.268573,0.0],[101.702848,-1.268615,0.0],[101.703029,-1.26865,0.0],[101.703083,-1.268667,0.0],[101.703106,-1.268517,0.0],[101.703111,-1.268389,0.0],[101.703101,-1.268179,0.0],[101.703075,-1.267966,0.0],[101.70306,-1.267787,0.0],[101.703068,-1.267611,0.0],[101.703111,-1.267556,0.0],[101.70323,-1.267523,0.0],[101.703387,-1.267582,0.0],[101.703526,-1.267567,0.0],[101.703608,-1.267504,0.0],[101.703732,-1.267485,0.0],[101.703833,-1.2675,0.0],[101.703947,-1.267675,0.0],[101.704037,-1.268068,0.0],[101.704,-1.268222,0.0],[101.703972,-1.268472,0.0],[101.704028,-1.268589,0.0],[101.70421,-1.268709,0.0],[101.704344,-1.268836,0.0],[101.704502,-1.26889,0.0],[101.704615,-1.268838,0.0],[101.704783,-1.268538,0.0],[101.704917,-1.268472,0.0],[101.704976,-1.268564,0.0],[101.704987,-1.268923,0.0],[101.704981,-1.26926,0.0],[101.704944,-1.269417,0.0],[101.704979,-1.269671,0.0],[101.704946,-1.269942,0.0],[101.704983,-1.270092,0.0],[101.705152,-1.270129,0.0],[101.705331,-1.270044,0.0],[101.705444,-1.27,0.0],[101.705525,-1.269985,0.0],[101.705629,-1.269934,0.0],[101.705828,-1.269793,0.0],[101.705889,-1.269778,0.0],[101.70592,-1.269804,0.0],[101.705928,-1.269877,0.0],[101.705909,-1.269957,0.0],[101.705855,-1.270044,0.0],[101.705806,-1.270139,0.0],[101.705847,-1.270205,0.0],[101.705893,-1.270232,0.0],[101.706028,-1.270278,0.0],[101.70607,-1.270442,0.0],[101.706076,-1.270503,0.0],[101.706003,-1.270637,0.0],[101.706028,-1.270694,0.0],[101.706197,-1.270771,0.0],[101.706444,-1.270806,0.0],[101.706577,-1.270748,0.0],[101.706691,-1.270561,0.0],[101.70676,-1.270493,0.0],[101.706873,-1.270497,0.0],[101.706944,-1.270528,0.0],[101.707111,-1.270639,0.0],[101.707177,-1.270639,0.0],[101.707295,-1.270619,0.0],[101.707411,-1.270567,0.0],[101.707552,-1.270473,0.0],[101.707639,-1.270361,0.0],[101.707659,-1.270231,0.0],[101.707706,-1.270123,0.0],[101.707752,-1.269999,0.0],[101.707772,-1.269913,0.0],[101.707744,-1.269847,0.0],[101.707683,-1.269737,0.0],[101.707664,-1.26962,0.0],[101.707601,-1.269455,0.0],[101.707496,-1.26943,0.0],[101.707322,-1.269371,0.0],[101.707269,-1.26931,0.0],[101.707278,-1.26925,0.0],[101.707396,-1.269259,0.0],[101.707584,-1.269289,0.0],[101.707665,-1.269259,0.0],[101.707694,-1.269222,0.0],[101.70775,-1.269129,0.0],[101.707791,-1.268984,0.0],[101.707778,-1.268917,0.0],[101.707971,-1.268779,0.0],[101.708113,-1.268736,0.0],[101.708275,-1.268739,0.0],[101.708417,-1.268667,0.0],[101.708434,-1.268629,0.0],[101.708528,-1.268167,0.0],[101.708806,-1.267722,0.0],[101.709064,-1.267428,0.0],[101.709172,-1.267308,0.0],[101.70925,-1.267194,0.0],[101.709149,-1.267076,0.0],[101.708969,-1.266927,0.0],[101.70876,-1.266776,0.0],[101.708567,-1.266678,0.0],[101.708592,-1.266432,0.0],[101.708724,-1.265955,0.0],[101.708881,-1.265595,0.0],[101.709029,-1.265265,0.0],[101.70916,-1.265059,0.0],[101.709278,-1.264972,0.0],[101.709476,-1.265351,0.0],[101.709496,-1.265476,0.0],[101.709556,-1.265528,0.0],[101.709675,-1.265533,0.0],[101.709886,-1.265521,0.0],[101.710118,-1.265584,0.0],[101.71031,-1.265596,0.0],[101.710417,-1.265611,0.0],[101.710478,-1.265455,0.0],[101.710508,-1.265251,0.0],[101.710498,-1.265047,0.0],[101.710358,-1.264821,0.0],[101.710339,-1.264654,0.0],[101.710333,-1.264444,0.0],[101.710361,-1.263833,0.0],[101.710458,-1.263766,0.0],[101.710635,-1.263752,0.0],[101.710851,-1.263776,0.0],[101.711062,-1.263815,0.0],[101.711214,-1.263798,0.0],[101.711306,-1.263778,0.0],[101.711444,-1.263833,0.0],[101.711734,-1.263879,0.0],[101.711891,-1.263882,0.0],[101.712077,-1.264036,0.0],[101.71216,-1.264023,0.0],[101.712145,-1.263788,0.0],[101.712139,-1.263556,0.0],[101.712306,-1.263472,0.0],[101.712377,-1.263399,0.0],[101.71241,-1.263302,0.0],[101.712389,-1.263194,0.0],[101.712406,-1.263152,0.0],[101.712419,-1.263031,0.0],[101.712389,-1.262806,0.0],[101.712419,-1.262737,0.0],[101.712467,-1.262698,0.0],[101.712535,-1.262659,0.0],[101.712562,-1.262608,0.0],[101.71256,-1.262533,0.0],[101.712632,-1.262394,0.0],[101.712611,-1.26225,0.0],[101.712741,-1.262191,0.0],[101.712826,-1.262128,0.0],[101.712833,-1.262028,0.0],[101.712904,-1.261956,0.0],[101.712964,-1.261853,0.0],[101.712977,-1.261753,0.0],[101.713029,-1.261649,0.0],[101.713138,-1.261511,0.0],[101.713157,-1.261419,0.0],[101.713195,-1.261355,0.0],[101.713254,-1.261301,0.0],[101.713278,-1.261222,0.0],[101.713366,-1.2611,0.0],[101.713485,-1.260984,0.0],[101.7136,-1.260838,0.0],[101.71372,-1.260711,0.0],[101.713783,-1.260669,0.0],[101.713823,-1.260615,0.0],[101.713834,-1.260539,0.0],[101.713901,-1.260458,0.0],[101.713921,-1.260395,0.0],[101.713962,-1.260143,0.0],[101.713982,-1.259868,0.0],[101.713994,-1.259643,0.0],[101.713977,-1.259498,0.0],[101.713938,-1.259358,0.0],[101.713937,-1.259271,0.0],[101.713926,-1.259183,0.0],[101.713957,-1.259073,0.0],[101.713984,-1.258925,0.0],[101.713973,-1.258735,0.0],[101.713934,-1.25849,0.0],[101.713951,-1.258417,0.0],[101.714057,-1.258318,0.0],[101.7142,-1.25826,0.0],[101.714435,-1.258316,0.0],[101.714625,-1.258383,0.0],[101.714698,-1.25843,0.0],[101.714745,-1.2585,0.0],[101.714793,-1.258598,0.0],[101.714849,-1.258696,0.0],[101.714891,-1.258794,0.0],[101.714889,-1.258864,0.0],[101.714855,-1.258956,0.0],[101.714853,-1.259102,0.0],[101.714894,-1.2592,0.0],[101.714904,-1.259285,0.0],[101.714983,-1.259365,0.0],[101.7151,-1.259376,0.0],[101.715219,-1.259359,0.0],[101.715311,-1.259359,0.0],[101.715421,-1.259313,0.0],[101.71565,-1.259278,0.0],[101.715734,-1.259292,0.0],[101.715775,-1.259317,0.0],[101.715781,-1.259486,0.0],[101.715825,-1.259542,0.0],[101.715878,-1.259659,0.0],[101.715896,-1.259752,0.0],[101.715862,-1.259919,0.0],[101.715815,-1.260038,0.0],[101.715814,-1.260165,0.0],[101.715833,-1.260245,0.0],[101.715904,-1.260247,0.0],[101.716122,-1.260224,0.0],[101.716271,-1.260204,0.0],[101.716504,-1.260213,0.0],[101.716652,-1.260246,0.0],[101.716701,-1.260346,0.0],[101.7168,-1.260517,0.0],[101.71688,-1.260601,0.0],[101.717014,-1.260551,0.0],[101.71711,-1.260416,0.0],[101.717132,-1.260395,0.0],[101.717209,-1.260287,0.0],[101.71737,-1.260166,0.0],[101.717382,-1.260164,0.0],[101.717494,-1.260081,0.0],[101.71757,-1.260003,0.0],[101.717525,-1.2599,0.0],[101.717448,-1.259833,0.0],[101.717395,-1.25969,0.0],[101.717426,-1.25949,0.0],[101.717458,-1.259339,0.0],[101.717453,-1.259181,0.0],[101.717458,-1.259009,0.0],[101.717436,-1.258871,0.0],[101.717341,-1.25877,0.0],[101.717327,-1.258667,0.0],[101.717312,-1.258469,0.0],[101.717327,-1.258321,0.0],[101.717319,-1.25819,0.0],[101.717301,-1.258091,0.0],[101.717256,-1.257961,0.0],[101.717241,-1.257851,0.0],[101.717221,-1.257821,0.0],[101.717165,-1.257789,0.0],[101.717178,-1.257756,0.0],[101.717223,-1.25775,0.0],[101.717295,-1.257779,0.0],[101.717333,-1.257833,0.0],[101.717389,-1.257814,0.0],[101.717477,-1.257804,0.0],[101.717527,-1.257822,0.0],[101.717638,-1.257847,0.0],[101.717813,-1.257833,0.0],[101.718007,-1.257806,0.0],[101.718015,-1.257639,0.0],[101.718057,-1.257532,0.0],[101.718108,-1.257442,0.0],[101.718196,-1.257376,0.0],[101.718279,-1.257339,0.0],[101.718335,-1.257281,0.0],[101.718349,-1.257199,0.0],[101.718344,-1.2571,0.0],[101.718377,-1.257013,0.0],[101.718409,-1.256957,0.0],[101.71842,-1.256903,0.0],[101.718417,-1.256809,0.0],[101.718406,-1.256776,0.0],[101.718332,-1.256741,0.0],[101.718271,-1.256624,0.0],[101.718216,-1.256592,0.0],[101.718133,-1.256595,0.0],[101.718019,-1.256619,0.0],[101.717851,-1.256442,0.0],[101.717684,-1.256373,0.0],[101.717472,-1.256417,0.0],[101.717453,-1.256349,0.0],[101.717501,-1.256276,0.0],[101.71755,-1.256136,0.0],[101.717566,-1.255826,0.0],[101.717594,-1.255114,0.0],[101.717544,-1.254552,0.0],[101.717496,-1.25405,0.0],[101.717461,-1.253858,0.0],[101.717444,-1.253806,0.0],[101.717515,-1.253686,0.0],[101.717608,-1.253585,0.0],[101.717624,-1.253511,0.0],[101.717618,-1.253469,0.0],[101.717561,-1.253368,0.0],[101.717561,-1.253218,0.0],[101.717567,-1.253069,0.0],[101.717585,-1.252901,0.0],[101.717639,-1.252833,0.0],[101.717776,-1.252825,0.0],[101.717948,-1.25286,0.0],[101.718201,-1.252977,0.0],[101.718294,-1.253027,0.0],[101.718343,-1.253062,0.0],[101.718405,-1.253126,0.0],[101.718417,-1.25325,0.0],[101.718427,-1.253444,0.0],[101.718416,-1.253582,0.0],[101.718396,-1.253721,0.0],[101.718393,-1.253798,0.0],[101.71841,-1.253894,0.0],[101.71843,-1.253954,0.0],[101.718472,-1.253972,0.0],[101.718826,-1.253934,0.0],[101.718941,-1.253925,0.0],[101.719078,-1.253908,0.0],[101.71911,-1.253822,0.0],[101.719165,-1.253777,0.0],[101.71926,-1.253771,0.0],[101.719453,-1.253808,0.0],[101.719594,-1.253871,0.0],[101.719735,-1.25388,0.0],[101.719954,-1.253872,0.0],[101.720238,-1.253844,0.0],[101.720377,-1.25384,0.0],[101.720468,-1.253852,0.0],[101.720764,-1.253858,0.0],[101.720935,-1.253919,0.0],[101.721057,-1.254005,0.0],[101.721139,-1.253972,0.0],[101.721171,-1.253798,0.0],[101.7212,-1.253724,0.0],[101.721226,-1.253619,0.0],[101.721213,-1.253514,0.0],[101.72122,-1.253392,0.0],[101.721126,-1.253365,0.0],[101.721142,-1.253141,0.0],[101.721042,-1.251232,0.0],[101.721028,-1.251167,0.0],[101.721074,-1.250896,0.0],[101.721101,-1.250552,0.0],[101.721049,-1.250102,0.0],[101.720921,-1.249743,0.0],[101.720769,-1.249384,0.0],[101.720656,-1.248911,0.0],[101.720528,-1.248611,0.0],[101.720389,-1.248361,0.0],[101.720235,-1.248214,0.0],[101.720148,-1.248186,0.0],[101.720035,-1.248328,0.0],[101.719927,-1.248289,0.0],[101.719767,-1.248074,0.0],[101.719703,-1.248109,0.0],[101.719606,-1.248122,0.0],[101.719492,-1.248051,0.0],[101.719391,-1.247953,0.0],[101.719361,-1.247917,0.0],[101.719587,-1.247721,0.0],[101.719544,-1.247646,0.0],[101.719411,-1.247532,0.0],[101.718761,-1.24692,0.0],[101.71863,-1.246717,0.0],[101.718594,-1.246508,0.0],[101.718589,-1.246329,0.0],[101.718625,-1.246095,0.0],[101.71871,-1.245922,0.0],[101.718826,-1.245728,0.0],[101.718975,-1.245572,0.0],[101.719165,-1.245419,0.0],[101.71965,-1.245032,0.0],[101.720342,-1.244449,0.0],[101.720732,-1.244125,0.0],[101.721138,-1.243807,0.0],[101.721532,-1.243561,0.0],[101.721854,-1.243312,0.0],[101.722178,-1.24305,0.0],[101.722337,-1.242781,0.0],[101.722383,-1.242495,0.0],[101.722287,-1.24212,0.0],[101.722265,-1.241798,0.0],[101.722361,-1.241361,0.0],[101.722419,-1.241012,0.0],[101.722434,-1.240465,0.0],[101.722461,-1.23998,0.0],[101.722473,-1.239962,0.0],[101.722853,-1.239512,0.0],[101.723359,-1.238748,0.0],[101.723833,-1.238186,0.0],[101.724237,-1.237839,0.0],[101.724564,-1.237599,0.0],[101.724885,-1.237307,0.0],[101.725255,-1.236888,0.0],[101.725541,-1.236636,0.0],[101.725825,-1.236229,0.0],[101.726138,-1.235825,0.0],[101.726464,-1.235137,0.0],[101.726743,-1.234798,0.0],[101.727508,-1.234549,0.0],[101.728174,-1.234454,0.0],[101.728664,-1.234389,0.0],[101.729382,-1.23427,0.0],[101.729689,-1.234405,0.0],[101.730072,-1.234476,0.0],[101.73034,-1.234298,0.0],[101.730371,-1.23426,0.0],[101.730601,-1.234003,0.0],[101.730647,-1.233962,0.0],[101.730844,-1.233728,0.0],[101.730718,-1.233561,0.0],[101.730796,-1.233239,0.0],[101.730833,-1.232861,0.0],[101.731907,-1.233045,0.0],[101.732609,-1.232938,0.0],[101.733091,-1.232564,0.0],[101.733638,-1.232117,0.0],[101.734191,-1.231879,0.0],[101.734683,-1.231706,0.0],[101.73497,-1.231644,0.0],[101.735333,-1.231556,0.0],[101.735978,-1.231788,0.0],[101.736908,-1.232042,0.0],[101.737835,-1.232561,0.0],[101.738692,-1.233009,0.0],[101.738893,-1.2331,0.0],[101.739096,-1.233215,0.0],[101.739268,-1.233333,0.0],[101.739421,-1.23343,0.0],[101.739585,-1.233541,0.0],[101.739695,-1.233619,0.0],[101.739774,-1.233687,0.0],[101.739889,-1.23375,0.0],[101.744959,-1.235885,0.0],[101.74546,-1.235303,0.0],[101.746221,-1.234507,0.0],[101.747217,-1.233416,0.0],[101.747671,-1.232998,0.0],[101.748031,-1.2328,0.0],[101.748809,-1.232602,0.0],[101.749449,-1.23252,0.0],[101.750216,-1.232357,0.0],[101.751147,-1.232146,0.0],[101.752326,-1.231903,0.0],[101.7534,-1.231662,0.0],[101.754432,-1.231417,0.0],[101.75525,-1.231185,0.0],[101.755812,-1.230991,0.0],[101.756416,-1.230776,0.0],[101.757006,-1.230477,0.0],[101.757503,-1.230074,0.0],[101.757744,-1.229778,0.0],[101.758102,-1.229817,0.0],[101.758498,-1.229807,0.0],[101.759345,-1.229695,0.0],[101.760446,-1.229501,0.0],[101.761386,-1.229292,0.0],[101.761884,-1.229219,0.0],[101.762536,-1.229128,0.0],[101.764045,-1.22885,0.0],[101.764806,-1.228682,0.0],[101.766108,-1.228443,0.0],[101.766584,-1.228384,0.0],[101.768826,-1.227976,0.0],[101.771119,-1.22751,0.0],[101.774275,-1.226873,0.0],[101.777517,-1.226288,0.0],[101.77868,-1.226085,0.0],[101.779948,-1.225851,0.0],[101.780728,-1.225679,0.0],[101.78151,-1.225534,0.0],[101.782003,-1.225425,0.0],[101.782972,-1.225277,0.0],[101.784228,-1.225009,0.0],[101.785054,-1.22483,0.0],[101.785925,-1.22469,0.0],[101.787049,-1.224512,0.0],[101.787587,-1.224307,0.0],[101.788355,-1.224158,0.0],[101.789391,-1.22391,0.0],[101.790206,-1.223764,0.0],[101.792538,-1.223295,0.0],[101.794209,-1.222864,0.0],[101.795913,-1.222511,0.0],[101.797102,-1.222296,0.0],[101.79838,-1.222082,0.0],[101.799377,-1.221849,0.0],[101.800155,-1.221732,0.0],[101.800777,-1.221693,0.0],[101.801671,-1.221848,0.0],[101.80247,-1.221789,0.0],[101.80321,-1.221516,0.0],[101.803717,-1.221146,0.0],[101.804616,-1.220989,0.0],[101.806072,-1.220613,0.0],[101.807012,-1.220351,0.0],[101.807905,-1.220297,0.0],[101.808352,-1.220256,0.0],[101.808772,-1.220135,0.0],[101.809311,-1.219675,0.0],[101.809867,-1.219214,0.0],[101.810382,-1.218726,0.0],[101.810913,-1.218521,0.0],[101.811472,-1.218275,0.0],[101.812016,-1.218166,0.0],[101.812521,-1.217947,0.0],[101.813108,-1.217592,0.0],[101.813605,-1.217605,0.0],[101.814259,-1.217727,0.0],[101.814899,-1.217781,0.0],[101.81599,-1.217834,0.0],[101.816172,-1.217575,0.0],[101.81649,-1.217357,0.0],[101.816859,-1.217278,0.0],[101.817165,-1.217197,0.0],[101.817273,-1.216922,0.0],[101.817574,-1.216142,0.0],[101.818663,-1.214704,0.0],[101.820919,-1.211678,0.0],[101.821274,-1.211259,0.0],[101.822011,-1.210626,0.0],[101.823232,-1.209089,0.0],[101.823604,-1.208602,0.0],[101.824192,-1.207265,0.0],[101.824461,-1.206903,0.0],[101.827786,-1.202643,0.0],[101.829566,-1.200499,0.0],[101.83273,-1.196924,0.0],[101.835302,-1.193547,0.0],[101.836157,-1.192427,0.0],[101.837322,-1.191149,0.0],[101.840099,-1.18737,0.0],[101.841903,-1.184978,0.0],[101.848831,-1.176163,0.0],[101.849057,-1.175878,0.0],[101.852726,-1.171305,0.0],[101.85477,-1.169232,0.0],[101.856147,-1.168171,0.0],[101.857508,-1.165416,0.0],[101.858764,-1.163739,0.0],[101.859258,-1.162815,0.0],[101.859831,-1.162301,0.0],[101.860442,-1.161194,0.0],[101.861672,-1.160085,0.0],[101.862147,-1.159542,0.0],[101.86274,-1.158861,0.0],[101.863143,-1.158479,0.0],[101.863717,-1.158057,0.0],[101.86407,-1.157573,0.0],[101.864337,-1.156999,0.0],[101.86484,-1.156598,0.0],[101.865099,-1.156356,0.0],[101.865389,-1.1555,0.0],[101.865208,-1.154508,0.0],[101.865144,-1.153174,0.0],[101.865907,-1.151375,0.0],[101.868686,-1.150263,0.0],[101.870945,-1.148935,0.0],[101.871027,-1.148915,0.0],[101.87106,-1.148867,0.0],[101.871456,-1.148634,0.0],[101.872059,-1.147418,0.0],[101.872672,-1.146529,0.0],[101.873008,-1.145124,0.0],[101.874106,-1.142184,0.0],[101.875975,-1.140283,0.0],[101.877404,-1.139668,0.0],[101.879496,-1.138769,0.0],[101.880859,-1.138261,0.0],[101.881947,-1.137244,0.0],[101.882756,-1.136244,0.0],[101.88325,-1.13475,0.0],[101.884201,-1.134729,0.0],[101.884173,-1.134659,0.0],[101.884108,-1.134591,0.0],[101.88408,-1.134536,0.0],[101.884067,-1.13448,0.0],[101.884013,-1.134319,0.0],[101.883985,-1.134128,0.0],[101.883972,-1.133996,0.0],[101.883939,-1.133816,0.0],[101.88391,-1.133707,0.0],[101.883857,-1.133389,0.0],[101.883847,-1.133245,0.0],[101.883844,-1.133102,0.0],[101.883842,-1.13262,0.0],[101.883833,-1.132493,0.0],[101.883837,-1.132315,0.0],[101.883854,-1.132205,0.0],[101.883861,-1.131957,0.0],[101.883863,-1.131559,0.0],[101.883871,-1.131321,0.0],[101.883884,-1.130738,0.0],[101.883877,-1.130575,0.0],[101.88388,-1.130453,0.0],[101.883909,-1.130373,0.0],[101.883926,-1.130288,0.0],[101.883965,-1.130181,0.0],[101.883992,-1.130063,0.0],[101.884009,-1.12984,0.0],[101.884029,-1.129667,0.0],[101.884043,-1.129482,0.0],[101.884077,-1.129224,0.0],[101.884121,-1.128991,0.0],[101.884149,-1.128764,0.0],[101.884185,-1.128453,0.0],[101.884193,-1.128311,0.0],[101.884203,-1.12825,0.0],[101.884248,-1.128075,0.0],[101.884273,-1.127952,0.0],[101.884308,-1.127707,0.0],[101.884341,-1.12757,0.0],[101.884394,-1.127261,0.0],[101.884436,-1.126943,0.0],[101.884452,-1.126857,0.0],[101.884464,-1.126697,0.0],[101.884491,-1.126488,0.0],[101.884529,-1.126312,0.0],[101.884568,-1.126113,0.0],[101.884614,-1.125785,0.0],[101.884627,-1.125632,0.0],[101.884653,-1.125518,0.0],[101.884708,-1.125363,0.0],[101.884726,-1.125249,0.0],[101.884775,-1.125124,0.0],[101.884788,-1.125012,0.0],[101.884791,-1.124926,0.0],[101.884783,-1.124802,0.0],[101.884827,-1.124645,0.0],[101.884858,-1.12444,0.0],[101.88487,-1.124258,0.0],[101.884882,-1.1242,0.0],[101.884918,-1.1241,0.0],[101.884945,-1.12396,0.0],[101.884957,-1.123866,0.0],[101.884948,-1.123456,0.0],[101.884947,-1.123284,0.0],[101.884981,-1.123101,0.0],[101.884995,-1.122925,0.0],[101.884994,-1.122727,0.0],[101.884987,-1.122686,0.0],[101.884929,-1.122516,0.0],[101.884916,-1.122456,0.0],[101.88486,-1.121819,0.0],[101.884845,-1.12158,0.0],[101.884846,-1.121456,0.0],[101.884835,-1.121322,0.0],[101.884838,-1.121274,0.0],[101.884871,-1.121125,0.0],[101.884873,-1.120955,0.0],[101.884869,-1.120861,0.0],[101.884846,-1.120688,0.0],[101.884796,-1.120521,0.0],[101.884784,-1.120351,0.0],[101.884766,-1.120212,0.0],[101.884743,-1.120136,0.0],[101.884735,-1.120077,0.0],[101.884748,-1.119894,0.0],[101.88475,-1.119823,0.0],[101.884732,-1.119656,0.0],[101.884708,-1.119514,0.0],[101.884615,-1.119316,0.0],[101.884596,-1.11925,0.0],[101.884593,-1.11907,0.0],[101.884593,-1.118855,0.0],[101.8846,-1.118779,0.0],[101.884602,-1.118646,0.0],[101.884611,-1.118547,0.0],[101.884614,-1.118243,0.0],[101.884611,-1.11809,0.0],[101.884614,-1.117977,0.0],[101.884611,-1.117855,0.0],[101.884616,-1.117749,0.0],[101.884615,-1.117486,0.0],[101.884604,-1.117317,0.0],[101.884605,-1.117224,0.0],[101.884596,-1.116848,0.0],[101.884567,-1.116639,0.0],[101.884566,-1.116494,0.0],[101.884553,-1.116292,0.0],[101.884557,-1.116003,0.0],[101.88457,-1.115918,0.0],[101.884566,-1.115773,0.0],[101.884584,-1.115651,0.0],[101.884579,-1.115521,0.0],[101.884595,-1.115412,0.0],[101.884596,-1.1153,0.0],[101.884635,-1.115173,0.0],[101.884642,-1.114971,0.0],[101.88467,-1.114818,0.0],[101.884669,-1.114706,0.0],[101.884681,-1.114616,0.0],[101.884676,-1.11448,0.0],[101.884683,-1.114319,0.0],[101.884685,-1.114151,0.0],[101.884697,-1.113969,0.0],[101.884699,-1.11387,0.0],[101.884678,-1.113744,0.0],[101.884675,-1.113669,0.0],[101.884685,-1.113506,0.0],[101.884719,-1.113384,0.0],[101.884728,-1.113289,0.0],[101.884747,-1.113206,0.0],[101.88476,-1.113085,0.0],[101.884807,-1.112969,0.0],[101.884853,-1.112809,0.0],[101.884923,-1.112626,0.0],[101.884958,-1.112521,0.0],[101.885007,-1.112421,0.0],[101.885047,-1.11232,0.0],[101.88511,-1.112204,0.0],[101.885155,-1.112076,0.0],[101.8852,-1.111994,0.0],[101.885363,-1.111775,0.0],[101.88551,-1.111615,0.0],[101.88558,-1.11153,0.0],[101.885685,-1.111415,0.0],[101.885881,-1.111213,0.0],[101.886183,-1.110908,0.0],[101.886269,-1.110825,0.0],[101.886488,-1.11064,0.0],[101.886759,-1.110421,0.0],[101.88685,-1.110339,0.0],[101.886927,-1.110252,0.0],[101.887004,-1.110184,0.0],[101.887094,-1.110118,0.0],[101.887188,-1.110011,0.0],[101.887318,-1.109897,0.0],[101.887395,-1.109817,0.0],[101.887522,-1.109738,0.0],[101.887705,-1.109605,0.0],[101.887815,-1.109545,0.0],[101.88801,-1.109409,0.0],[101.888149,-1.109335,0.0],[101.888278,-1.109259,0.0],[101.888532,-1.10913,0.0],[101.888729,-1.109024,0.0],[101.888854,-1.108966,0.0],[101.889072,-1.108889,0.0],[101.889193,-1.108831,0.0],[101.889346,-1.108778,0.0],[101.889524,-1.108693,0.0],[101.889687,-1.108645,0.0],[101.889804,-1.10859,0.0],[101.889955,-1.108558,0.0],[101.890083,-1.108498,0.0],[101.890147,-1.108477,0.0],[101.890276,-1.108421,0.0],[101.890379,-1.108392,0.0],[101.890496,-1.108339,0.0],[101.890669,-1.108292,0.0],[101.890752,-1.108262,0.0],[101.890858,-1.108212,0.0],[101.890977,-1.108174,0.0],[101.891163,-1.108098,0.0],[101.891248,-1.108057,0.0],[101.891441,-1.107948,0.0],[101.891506,-1.107906,0.0],[101.891639,-1.10781,0.0],[101.891725,-1.107732,0.0],[101.891818,-1.107632,0.0],[101.891856,-1.107569,0.0],[101.891929,-1.107495,0.0],[101.892018,-1.107429,0.0],[101.892102,-1.107341,0.0],[101.892219,-1.107238,0.0],[101.892315,-1.107174,0.0],[101.892358,-1.107115,0.0],[101.892418,-1.107069,0.0],[101.892473,-1.106951,0.0],[101.892567,-1.106856,0.0],[101.892624,-1.106791,0.0],[101.892665,-1.1067,0.0],[101.89273,-1.1066,0.0],[101.892765,-1.106522,0.0],[101.892805,-1.106401,0.0],[101.892854,-1.106216,0.0],[101.892867,-1.106046,0.0],[101.892881,-1.105924,0.0],[101.892883,-1.1055,0.0],[101.892878,-1.105239,0.0],[101.892853,-1.105051,0.0],[101.892798,-1.10485,0.0],[101.892756,-1.1046,0.0],[101.89275,-1.104521,0.0],[101.892751,-1.104383,0.0],[101.892737,-1.103989,0.0],[101.892723,-1.103866,0.0],[101.89273,-1.103685,0.0],[101.892711,-1.103484,0.0],[101.892686,-1.103363,0.0],[101.892683,-1.103289,0.0],[101.892659,-1.103181,0.0],[101.892647,-1.103044,0.0],[101.892635,-1.102359,0.0],[101.892635,-1.102151,0.0],[101.892647,-1.102051,0.0],[101.892644,-1.10191,0.0],[101.892616,-1.101781,0.0],[101.892576,-1.101664,0.0],[101.892533,-1.101593,0.0],[101.892476,-1.101478,0.0],[101.892426,-1.101415,0.0],[101.892383,-1.101342,0.0],[101.89232,-1.101267,0.0],[101.892279,-1.10119,0.0],[101.892157,-1.101093,0.0],[101.892113,-1.101019,0.0],[101.892071,-1.100968,0.0],[101.891966,-1.100885,0.0],[101.891791,-1.100777,0.0],[101.891701,-1.100741,0.0],[101.891587,-1.100716,0.0],[101.891432,-1.100707,0.0],[101.891383,-1.100698,0.0],[101.891263,-1.100651,0.0],[101.891065,-1.100597,0.0],[101.890903,-1.100584,0.0],[101.890644,-1.10059,0.0],[101.890371,-1.100603,0.0],[101.890309,-1.10061,0.0],[101.890182,-1.100636,0.0],[101.889946,-1.100729,0.0],[101.888918,-1.101046,0.0],[101.888215,-1.101085,0.0],[101.887474,-1.101124,0.0],[101.886714,-1.10122,0.0],[101.886258,-1.101546,0.0],[101.885078,-1.102094,0.0],[101.883714,-1.102128,0.0],[101.883502,-1.102116,0.0],[101.883406,-1.102083,0.0],[101.883337,-1.102046,0.0],[101.883223,-1.102017,0.0],[101.883132,-1.101971,0.0],[101.883,-1.101941,0.0],[101.882873,-1.101891,0.0],[101.882677,-1.101835,0.0],[101.882593,-1.101776,0.0],[101.882525,-1.101737,0.0],[101.882417,-1.101719,0.0],[101.882379,-1.101705,0.0],[101.882291,-1.101654,0.0],[101.882216,-1.101636,0.0],[101.882152,-1.101612,0.0],[101.882084,-1.101573,0.0],[101.881948,-1.101514,0.0],[101.881857,-1.101433,0.0],[101.881762,-1.101368,0.0],[101.881689,-1.10129,0.0],[101.881611,-1.101231,0.0],[101.881541,-1.101167,0.0],[101.881488,-1.101106,0.0],[101.881396,-1.100981,0.0],[101.881331,-1.100872,0.0],[101.881267,-1.100787,0.0],[101.881194,-1.100649,0.0],[101.881034,-1.100444,0.0],[101.880982,-1.100392,0.0],[101.880919,-1.100303,0.0],[101.880867,-1.1002,0.0],[101.880796,-1.100089,0.0],[101.88071,-1.099918,0.0],[101.880651,-1.099784,0.0],[101.880621,-1.09973,0.0],[101.880522,-1.09958,0.0],[101.880462,-1.099465,0.0],[101.880372,-1.099307,0.0],[101.880312,-1.099127,0.0],[101.880303,-1.099081,0.0],[101.880202,-1.098823,0.0],[101.880137,-1.098704,0.0],[101.880076,-1.098523,0.0],[101.879984,-1.098294,0.0],[101.879947,-1.098166,0.0],[101.879902,-1.098074,0.0],[101.879859,-1.097895,0.0],[101.879803,-1.097739,0.0],[101.879791,-1.097684,0.0],[101.879677,-1.0973,0.0],[101.879664,-1.097224,0.0],[101.879615,-1.097102,0.0],[101.879575,-1.097039,0.0],[101.879554,-1.096977,0.0],[101.879516,-1.096899,0.0],[101.879491,-1.096807,0.0],[101.879464,-1.096619,0.0],[101.879459,-1.096466,0.0],[101.879431,-1.096188,0.0],[101.8794,-1.096058,0.0],[101.879385,-1.095916,0.0],[101.879352,-1.095699,0.0],[101.87931,-1.095534,0.0],[101.879265,-1.095411,0.0],[101.879116,-1.095048,0.0],[101.879053,-1.094899,0.0],[101.879011,-1.094814,0.0],[101.878913,-1.094577,0.0],[101.87882,-1.094422,0.0],[101.878713,-1.094256,0.0],[101.878583,-1.094112,0.0],[101.878521,-1.094055,0.0],[101.878364,-1.093927,0.0],[101.878242,-1.093854,0.0],[101.878147,-1.093785,0.0],[101.878005,-1.093694,0.0],[101.877899,-1.093639,0.0],[101.877771,-1.093585,0.0],[101.877696,-1.093565,0.0],[101.877602,-1.093554,0.0],[101.877553,-1.093563,0.0],[101.877449,-1.093597,0.0],[101.877398,-1.093601,0.0],[101.877258,-1.093592,0.0],[101.876947,-1.093588,0.0],[101.876847,-1.093577,0.0],[101.876771,-1.093585,0.0],[101.876635,-1.093618,0.0],[101.876547,-1.093632,0.0],[101.876402,-1.09368,0.0],[101.876221,-1.09376,0.0],[101.876138,-1.093815,0.0],[101.876038,-1.093861,0.0],[101.8759,-1.093949,0.0],[101.875815,-1.093996,0.0],[101.875773,-1.094038,0.0],[101.875664,-1.094098,0.0],[101.875591,-1.094154,0.0],[101.875536,-1.094224,0.0],[101.87543,-1.094335,0.0],[101.875298,-1.094515,0.0],[101.875268,-1.09459,0.0],[101.875186,-1.094749,0.0],[101.875108,-1.094884,0.0],[101.87498,-1.095138,0.0],[101.874917,-1.095316,0.0],[101.874896,-1.095439,0.0],[101.87488,-1.09549,0.0],[101.874846,-1.095665,0.0],[101.874838,-1.095792,0.0],[101.874807,-1.095922,0.0],[101.8748,-1.095981,0.0],[101.874793,-1.096163,0.0],[101.874794,-1.096418,0.0],[101.8748,-1.096573,0.0],[101.874796,-1.096631,0.0],[101.874765,-1.09676,0.0],[101.874756,-1.096863,0.0],[101.874725,-1.096958,0.0],[101.874703,-1.097057,0.0],[101.874664,-1.09715,0.0],[101.874641,-1.097224,0.0],[101.874587,-1.097471,0.0],[101.874541,-1.097608,0.0],[101.874511,-1.09778,0.0],[101.874472,-1.097951,0.0],[101.874463,-1.098118,0.0],[101.87445,-1.098259,0.0],[101.87445,-1.09842,0.0],[101.874431,-1.098593,0.0],[101.874423,-1.098732,0.0],[101.874369,-1.099037,0.0],[101.874332,-1.099149,0.0],[101.874279,-1.099415,0.0],[101.874258,-1.099676,0.0],[101.874243,-1.09978,0.0],[101.874192,-1.100041,0.0],[101.874155,-1.100134,0.0],[101.874128,-1.100237,0.0],[101.874084,-1.100348,0.0],[101.87402,-1.100653,0.0],[101.874016,-1.100687,0.0],[101.87403,-1.100825,0.0],[101.87398,-1.101149,0.0],[101.873959,-1.101216,0.0],[101.873887,-1.101329,0.0],[101.873838,-1.101453,0.0],[101.873774,-1.101585,0.0],[101.873709,-1.101735,0.0],[101.873676,-1.101835,0.0],[101.87365,-1.102019,0.0],[101.87353,-1.102315,0.0],[101.873512,-1.102381,0.0],[101.873509,-1.102518,0.0],[101.873502,-1.102561,0.0],[101.873451,-1.102742,0.0],[101.873398,-1.102857,0.0],[101.873351,-1.102991,0.0],[101.873324,-1.103042,0.0],[101.873237,-1.103141,0.0],[101.873183,-1.103247,0.0],[101.873139,-1.103391,0.0],[101.873131,-1.103449,0.0],[101.873133,-1.103626,0.0],[101.8731,-1.103737,0.0],[101.873096,-1.103879,0.0],[101.873071,-1.103964,0.0],[101.873029,-1.10405,0.0],[101.872901,-1.104195,0.0],[101.872847,-1.104269,0.0],[101.872732,-1.104498,0.0],[101.872241,-1.105159,0.0],[101.871538,-1.106028,0.0],[101.870449,-1.107353,0.0],[101.87004,-1.108062,0.0],[101.869655,-1.108793,0.0],[101.869232,-1.109459,0.0],[101.869113,-1.109584,0.0],[101.868949,-1.109788,0.0],[101.868793,-1.109956,0.0],[101.868579,-1.1102,0.0],[101.868427,-1.110334,0.0],[101.86831,-1.110453,0.0],[101.86823,-1.110546,0.0],[101.86813,-1.110648,0.0],[101.868046,-1.110723,0.0],[101.867914,-1.11088,0.0],[101.867834,-1.110962,0.0],[101.867742,-1.111081,0.0],[101.867717,-1.111105,0.0],[101.867598,-1.11119,0.0],[101.867517,-1.11128,0.0],[101.867478,-1.111315,0.0],[101.867337,-1.11141,0.0],[101.867201,-1.111516,0.0],[101.86711,-1.111579,0.0],[101.866983,-1.111698,0.0],[101.866934,-1.11173,0.0],[101.866821,-1.111777,0.0],[101.86667,-1.111899,0.0],[101.866641,-1.111916,0.0],[101.866517,-1.111951,0.0],[101.866392,-1.112013,0.0],[101.866279,-1.112039,0.0],[101.866132,-1.112095,0.0],[101.865976,-1.112112,0.0],[101.865817,-1.112139,0.0],[101.865723,-1.112148,0.0],[101.865628,-1.112147,0.0],[101.865437,-1.112131,0.0],[101.864903,-1.112103,0.0],[101.863992,-1.111941,0.0],[101.861988,-1.110336,0.0],[101.860149,-1.108965,0.0],[101.858059,-1.106371,0.0],[101.855642,-1.103314,0.0],[101.855572,-1.103167,0.0],[101.855513,-1.103062,0.0],[101.855449,-1.102918,0.0],[101.855347,-1.102731,0.0],[101.855259,-1.102546,0.0],[101.855118,-1.102316,0.0],[101.854991,-1.102079,0.0],[101.854838,-1.101829,0.0],[101.854724,-1.10166,0.0],[101.854584,-1.101397,0.0],[101.854401,-1.101106,0.0],[101.854333,-1.100989,0.0],[101.854277,-1.100928,0.0],[101.854191,-1.100851,0.0],[101.854083,-1.100732,0.0],[101.853965,-1.100627,0.0],[101.853848,-1.100553,0.0],[101.853708,-1.100449,0.0],[101.853678,-1.100432,0.0],[101.853519,-1.10037,0.0],[101.85341,-1.100305,0.0],[101.853306,-1.100267,0.0],[101.853248,-1.100254,0.0],[101.852958,-1.100231,0.0],[101.852673,-1.10022,0.0],[101.852592,-1.10024,0.0],[101.852513,-1.100246,0.0],[101.852202,-1.100243,0.0],[101.851944,-1.100259,0.0],[101.851734,-1.100255,0.0],[101.851628,-1.100263,0.0],[101.851329,-1.100301,0.0],[101.851162,-1.10035,0.0],[101.851014,-1.100371,0.0],[101.850811,-1.100442,0.0],[101.850562,-1.100487,0.0],[101.850225,-1.100555,0.0],[101.84981,-1.100668,0.0],[101.849594,-1.100782,0.0],[101.849451,-1.100852,0.0],[101.849349,-1.100915,0.0],[101.849319,-1.100926,0.0],[101.849236,-1.10093,0.0],[101.849122,-1.100992,0.0],[101.849005,-1.100975,0.0],[101.848877,-1.100987,0.0],[101.848808,-1.101001,0.0],[101.848736,-1.101029,0.0],[101.848623,-1.101109,0.0],[101.848525,-1.101142,0.0],[101.848479,-1.101166,0.0],[101.848362,-1.101259,0.0],[101.848307,-1.10128,0.0],[101.848152,-1.1013,0.0],[101.848121,-1.101313,0.0],[101.847993,-1.101384,0.0],[101.847927,-1.101405,0.0],[101.847697,-1.101453,0.0],[101.847654,-1.101457,0.0],[101.847452,-1.101459,0.0],[101.847333,-1.101471,0.0],[101.847117,-1.101547,0.0],[101.847012,-1.101604,0.0],[101.846987,-1.101607,0.0],[101.846794,-1.101587,0.0],[101.846643,-1.101535,0.0],[101.846527,-1.101552,0.0],[101.846376,-1.101521,0.0],[101.846238,-1.101519,0.0],[101.846075,-1.101491,0.0],[101.845963,-1.101489,0.0],[101.845683,-1.101443,0.0],[101.845423,-1.101441,0.0],[101.845117,-1.101983,0.0],[101.844725,-1.102508,0.0],[101.846035,-1.104351,0.0],[101.846461,-1.104991,0.0],[101.846694,-1.105566,0.0],[101.847015,-1.106857,0.0],[101.847032,-1.108555,0.0],[101.846514,-1.110472,0.0],[101.845476,-1.111867,0.0],[101.843455,-1.112334,0.0],[101.840915,-1.112337,0.0],[101.837183,-1.110409,0.0],[101.836985,-1.110287,0.0],[101.831264,-1.110576,0.0],[101.82985,-1.109831,0.0],[101.829832,-1.10975,0.0],[101.829699,-1.109718,0.0],[101.829567,-1.10962,0.0],[101.829466,-1.109449,0.0],[101.829457,-1.109272,0.0],[101.829502,-1.10909,0.0],[101.829522,-1.108944,0.0],[101.829518,-1.108812,0.0],[101.82954,-1.108681,0.0],[101.829615,-1.108545,0.0],[101.829635,-1.108441,0.0],[101.829603,-1.108361,0.0],[101.829504,-1.108265,0.0],[101.829391,-1.108162,0.0],[101.829336,-1.108036,0.0],[101.829357,-1.107939,0.0],[101.829454,-1.107918,0.0],[101.829535,-1.107888,0.0],[101.829577,-1.107812,0.0],[101.829578,-1.107711,0.0],[101.829542,-1.10755,0.0],[101.829544,-1.107419,0.0],[101.82936,-1.106933,0.0],[101.829648,-1.106811,0.0],[101.829703,-1.106785,0.0],[101.829845,-1.106745,0.0],[101.829994,-1.106673,0.0],[101.830153,-1.106612,0.0],[101.830337,-1.106511,0.0],[101.830507,-1.106431,0.0],[101.830721,-1.106314,0.0],[101.830876,-1.106254,0.0],[101.831004,-1.106181,0.0],[101.831191,-1.106087,0.0],[101.831497,-1.105892,0.0],[101.831673,-1.105773,0.0],[101.831863,-1.105636,0.0],[101.831984,-1.105537,0.0],[101.832116,-1.10542,0.0],[101.832224,-1.105302,0.0],[101.832366,-1.105167,0.0],[101.832446,-1.105102,0.0],[101.832568,-1.104985,0.0],[101.830818,-1.102578,0.0],[101.826998,-1.093578,0.0],[101.826782,-1.09305,0.0],[101.824908,-1.088485,0.0],[101.824734,-1.087497,0.0],[101.826917,-1.076278,0.0],[101.828762,-1.071056,0.0],[101.828296,-1.067706,0.0],[101.827204,-1.065789,0.0],[101.826676,-1.064861,0.0],[101.825376,-1.063581,0.0],[101.823613,-1.061844,0.0],[101.821532,-1.059174,0.0],[101.821912,-1.053731,0.0],[101.823254,-1.047555,0.0],[101.825216,-1.040188,0.0],[101.825221,-1.040134,0.0],[101.825639,-1.038361,0.0],[101.82475,-1.03618,0.0],[101.824266,-1.035824,0.0],[101.823306,-1.035667,0.0],[101.822743,-1.035388,0.0],[101.822222,-1.035037,0.0],[101.821761,-1.034872,0.0],[101.821054,-1.034717,0.0],[101.820112,-1.034352,0.0],[101.819794,-1.034015,0.0],[101.819416,-1.03318,0.0],[101.81932,-1.032032,0.0],[101.819295,-1.0311,0.0],[101.819199,-1.030215,0.0],[101.819194,-1.0295,0.0],[101.819364,-1.028207,0.0],[101.8196,-1.026724,0.0],[101.819833,-1.025861,0.0],[101.820002,-1.024501,0.0],[101.81993,-1.023592,0.0],[101.819972,-1.023083,0.0],[101.819763,-1.022325,0.0],[101.819714,-1.021417,0.0],[101.819619,-1.020867,0.0],[101.819833,-1.019972,0.0],[101.820472,-1.019288,0.0],[101.820876,-1.01881,0.0],[101.821315,-1.018481,0.0],[101.821611,-1.017694,0.0],[101.821634,-1.01704,0.0],[101.821372,-1.01642,0.0],[101.821222,-1.016013,0.0],[101.820936,-1.015696,0.0],[101.820706,-1.01508,0.0],[101.820516,-1.014526,0.0],[101.820528,-1.013278,0.0],[101.822063,-1.011713,0.0],[101.822296,-1.010975,0.0],[101.822122,-1.010125,0.0],[101.821944,-1.009272,0.0],[101.822107,-1.008059,0.0],[101.823222,-1.007361,0.0],[101.823111,-1.00725,0.0],[101.821846,-1.006698,0.0],[101.82088,-1.00615,0.0],[101.820008,-1.005534,0.0],[101.819502,-1.004248,0.0],[101.818361,-1.002972,0.0],[101.815474,-1.002121,0.0],[101.815194,-1.001556,0.0],[101.816389,-0.998083,0.0],[101.817672,-0.992977,0.0],[101.818135,-0.992986,0.0],[101.818472,-0.993,0.0],[101.81869,-0.992928,0.0],[101.818981,-0.992736,0.0],[101.819364,-0.992428,0.0],[101.81965,-0.992204,0.0],[101.8201,-0.991984,0.0],[101.820441,-0.991828,0.0],[101.8207,-0.991769,0.0],[101.821034,-0.991757,0.0],[101.821018,-0.983414,0.0],[101.82275,-0.97975,0.0],[101.82358,-0.977621,0.0],[101.824722,-0.978056,0.0],[101.827222,-0.981111,0.0],[101.83,-0.981389,0.0],[101.83151,-0.981406,0.0],[101.832431,-0.983203,0.0],[101.845278,-0.983611,0.0],[101.851389,-0.980556,0.0],[101.852744,-0.979332,0.0],[101.852778,-0.976667,0.0],[101.853056,-0.971944,0.0],[101.853889,-0.969167,0.0],[101.855,-0.967778,0.0],[101.856791,-0.967045,0.0],[101.85889,-0.967344,0.0],[101.876667,-0.9675,0.0],[101.8825,-0.968056,0.0],[101.892778,-0.962222,0.0],[101.895,-0.959167,0.0],[101.895278,-0.956667,0.0],[101.898611,-0.954722,0.0],[101.901944,-0.953889,0.0],[101.907778,-0.9525,0.0],[101.909722,-0.949444,0.0],[101.909468,-0.947474,0.0],[101.90997,-0.946391,0.0],[101.90962,-0.945509,0.0],[101.909722,-0.941389,0.0],[101.915823,-0.939387,0.0],[101.916111,-0.933889,0.0],[101.915458,-0.928667,0.0],[101.91438,-0.926515,0.0],[101.912839,-0.924181,0.0],[101.912966,-0.922221,0.0],[101.913707,-0.920777,0.0],[101.915389,-0.919253,0.0],[101.921389,-0.919167,0.0],[101.926667,-0.915278,0.0],[101.931389,-0.910833,0.0],[101.933943,-0.912052,0.0],[101.937778,-0.915,0.0],[101.940305,-0.915267,0.0],[101.941977,-0.913663,0.0],[101.946667,-0.907778,0.0],[101.948812,-0.907694,0.0],[101.949752,-0.908414,0.0],[101.9525,-0.911944,0.0],[101.955406,-0.911439,0.0],[101.957832,-0.91157,0.0],[101.958772,-0.91234,0.0],[101.959373,-0.91377,0.0],[101.961111,-0.916944,0.0],[101.96238,-0.917321,0.0],[101.965419,-0.915555,0.0],[101.966487,-0.913879,0.0],[101.970833,-0.901389,0.0],[101.972905,-0.899142,0.0],[101.975278,-0.897883,0.0],[101.977578,-0.897116,0.0],[101.978482,-0.8967,0.0],[101.979167,-0.893889,0.0],[101.979671,-0.889898,0.0],[101.986111,-0.881111,0.0],[101.98734,-0.880755,0.0],[101.988865,-0.880966,0.0],[101.99091,-0.88139,0.0],[101.992864,-0.882462,0.0],[101.996389,-0.884722,0.0],[101.999006,-0.8843,0.0],[102.00436,-0.881117,0.0],[102.007474,-0.878929,0.0],[102.009128,-0.878449,0.0],[102.011944,-0.877778,0.0],[102.014594,-0.878308,0.0],[102.014789,-0.878458,0.0],[102.015341,-0.88034,0.0],[102.016875,-0.880204,0.0],[102.018908,-0.879784,0.0],[102.019531,-0.880771,0.0],[102.019663,-0.882538,0.0],[102.021273,-0.882735,0.0],[102.023611,-0.885833,0.0],[102.027472,-0.88583,0.0],[102.029019,-0.889462,0.0],[102.030002,-0.891321,0.0],[102.031667,-0.893889,0.0],[102.037992,-0.894104,0.0],[102.040805,-0.894845,0.0],[102.041942,-0.895892,0.0],[102.043503,-0.897129,0.0],[102.044307,-0.898834,0.0],[102.048333,-0.900296,0.0],[102.050386,-0.899873,0.0],[102.052265,-0.899021,0.0],[102.05421,-0.897888,0.0],[102.054936,-0.896969,0.0],[102.056105,-0.896786,0.0],[102.057234,-0.895025,0.0],[102.05871,-0.893313,0.0],[102.061389,-0.890833,0.0],[102.063262,-0.890842,0.0],[102.064516,-0.88959,0.0],[102.065615,-0.889481,0.0],[102.069764,-0.893789,0.0],[102.071725,-0.89483,0.0],[102.07431,-0.895532,0.0],[102.075688,-0.896902,0.0],[102.078611,-0.899444,0.0],[102.083523,-0.899854,0.0],[102.085521,-0.89973,0.0],[102.087661,-0.900826,0.0],[102.089553,-0.90188,0.0],[102.090015,-0.902838,0.0],[102.091,-0.903749,0.0],[102.093153,-0.903523,0.0],[102.095871,-0.903959,0.0],[102.097634,-0.905543,0.0],[102.098749,-0.907813,0.0],[102.102357,-0.909986,0.0],[102.104542,-0.911079,0.0],[102.106002,-0.912563,0.0],[102.107369,-0.912848,0.0],[102.108078,-0.912838,0.0],[102.111293,-0.91486,0.0],[102.113441,-0.916883,0.0],[102.117222,-0.921111,0.0],[102.118252,-0.92096,0.0],[102.120458,-0.920283,0.0],[102.122736,-0.920904,0.0],[102.125978,-0.921113,0.0],[102.128074,-0.919843,0.0],[102.129119,-0.917069,0.0],[102.1305,-0.91561,0.0],[102.132098,-0.914845,0.0],[102.13374,-0.914371,0.0],[102.135475,-0.914095,0.0],[102.1375,-0.913335,0.0],[102.138943,-0.912212,0.0],[102.139141,-0.910823,0.0],[102.140668,-0.909087,0.0],[102.141083,-0.906792,0.0],[102.141015,-0.904828,0.0],[102.140556,-0.902243,0.0],[102.141177,-0.900512,0.0],[102.144183,-0.899051,0.0],[102.144778,-0.899239,0.0],[102.145681,-0.899668,0.0],[102.146583,-0.901026,0.0],[102.147128,-0.903019,0.0],[102.148587,-0.903502,0.0],[102.149964,-0.903225,0.0],[102.151344,-0.90212,0.0],[102.152805,-0.902112,0.0],[102.154676,-0.902891,0.0],[102.156195,-0.903933,0.0],[102.156944,-0.904722,0.0],[102.159174,-0.904969,0.0],[102.161237,-0.90428,0.0],[102.161602,-0.903449,0.0],[102.161673,-0.902285,0.0],[102.161811,-0.901082,0.0],[102.163183,-0.900663,0.0],[102.163394,-0.900526,0.0],[102.164304,-0.900519,0.0],[102.165132,-0.899753,0.0],[102.166453,-0.899762,0.0],[102.168333,-0.900556,0.0],[102.167889,-0.901647,0.0],[102.167268,-0.902545,0.0],[102.167271,-0.903302,0.0],[102.168889,-0.904167,0.0],[102.173372,-0.907718,0.0],[102.173903,-0.908577,0.0],[102.175,-0.911111,0.0],[102.175021,-0.913274,0.0],[102.174056,-0.915432,0.0],[102.174746,-0.917241,0.0],[102.176338,-0.917241,0.0],[102.178133,-0.918217,0.0],[102.181247,-0.918222,0.0],[102.184223,-0.917178,0.0],[102.185472,-0.916208,0.0],[102.185928,-0.916073,0.0],[102.186401,-0.916434,0.0],[102.188056,-0.916944,0.0],[102.188997,-0.916328,0.0],[102.189539,-0.91736,0.0],[102.188946,-0.918002,0.0],[102.188459,-0.918696,0.0],[102.189162,-0.919963,0.0],[102.189098,-0.920705,0.0],[102.189467,-0.922059,0.0],[102.190025,-0.923478,0.0],[102.191042,-0.927383,0.0],[102.191626,-0.928539,0.0],[102.19193,-0.928931,0.0],[102.191755,-0.930094,0.0],[102.190833,-0.931111,0.0],[102.189531,-0.932152,0.0],[102.188696,-0.932838,0.0],[102.18902,-0.933426,0.0],[102.189785,-0.933841,0.0],[102.19018,-0.933944,0.0],[102.191055,-0.934917,0.0],[102.191262,-0.935465,0.0],[102.190765,-0.936739,0.0],[102.190812,-0.937639,0.0],[102.191243,-0.939014,0.0],[102.190495,-0.940203,0.0],[102.189731,-0.940685,0.0],[102.189788,-0.941773,0.0],[102.190278,-0.945,0.0],[102.192142,-0.945098,0.0],[102.193882,-0.944437,0.0],[102.195367,-0.944695,0.0],[102.196558,-0.945459,0.0],[102.197535,-0.945031,0.0],[102.198842,-0.943951,0.0],[102.200304,-0.94352,0.0],[102.200903,-0.944177,0.0],[102.201492,-0.945735,0.0],[102.202903,-0.947093,0.0],[102.204905,-0.947259,0.0],[102.207253,-0.946449,0.0],[102.209643,-0.946027,0.0],[102.211257,-0.946037,0.0],[102.21251,-0.946253,0.0],[102.214288,-0.946199,0.0],[102.215542,-0.945396,0.0],[102.216909,-0.945612,0.0],[102.218292,-0.946311,0.0],[102.219284,-0.946589,0.0],[102.221389,-0.946111,0.0],[102.220815,-0.944974,0.0],[102.220326,-0.944363,0.0],[102.219546,-0.943663,0.0],[102.219339,-0.943348,0.0],[102.220314,-0.9427,0.0],[102.221995,-0.94244,0.0],[102.222987,-0.94211,0.0],[102.224252,-0.941626,0.0],[102.225854,-0.94088,0.0],[102.226616,-0.939794,0.0],[102.226939,-0.938444,0.0],[102.227647,-0.937811,0.0],[102.2295,-0.937749,0.0],[102.231254,-0.937207,0.0],[102.233293,-0.936464,0.0],[102.233831,-0.934732,0.0],[102.23497,-0.933073,0.0],[102.235463,-0.931983,0.0],[102.235737,-0.931013,0.0],[102.236168,-0.930369,0.0],[102.237164,-0.930199,0.0],[102.239804,-0.92946,0.0],[102.241037,-0.93018,0.0],[102.241417,-0.931222,0.0],[102.244646,-0.932062,0.0],[102.245762,-0.932982,0.0],[102.24641,-0.933569,0.0],[102.248272,-0.931575,0.0],[102.249976,-0.930137,0.0],[102.251209,-0.929142,0.0],[102.252344,-0.928016,0.0],[102.253042,-0.926771,0.0],[102.25299,-0.922123,0.0],[102.253995,-0.921168,0.0],[102.255482,-0.920777,0.0],[102.257176,-0.919822,0.0],[102.257761,-0.920411,0.0],[102.258299,-0.920585,0.0],[102.25918,-0.920694,0.0],[102.260157,-0.921301,0.0],[102.260591,-0.922183,0.0],[102.261125,-0.923074,0.0],[102.262222,-0.924167,0.0],[102.262444,-0.924361,0.0],[102.265787,-0.922975,0.0],[102.266271,-0.922168,0.0],[102.267699,-0.921463,0.0],[102.26838,-0.922205,0.0],[102.269378,-0.922936,0.0],[102.27062,-0.9232,0.0],[102.271439,-0.92293,0.0],[102.27206,-0.921929,0.0],[102.27306,-0.920442,0.0],[102.274577,-0.919537,0.0],[102.275895,-0.919426,0.0],[102.276596,-0.918786,0.0],[102.277135,-0.916516,0.0],[102.278277,-0.915819,0.0],[102.279996,-0.915552,0.0],[102.281752,-0.91556,0.0],[102.282979,-0.916617,0.0],[102.283549,-0.917496,0.0],[102.284165,-0.917673,0.0],[102.285545,-0.917661,0.0],[102.286953,-0.917508,0.0],[102.287705,-0.916974,0.0],[102.28772,-0.915904,0.0],[102.287809,-0.91498,0.0],[102.288514,-0.914793,0.0],[102.289975,-0.915274,0.0],[102.290317,-0.915601,0.0],[102.29,-0.9175,0.0],[102.292522,-0.918127,0.0],[102.294002,-0.91874,0.0],[102.295639,-0.919098,0.0],[102.297508,-0.919698,0.0],[102.299303,-0.919644,0.0],[102.300075,-0.919215,0.0],[102.301217,-0.918619,0.0],[102.302461,-0.918468,0.0],[102.303765,-0.918575,0.0],[102.305106,-0.919649,0.0],[102.30675,-0.920361,0.0],[102.307772,-0.921285,0.0],[102.308056,-0.923056,0.0],[102.307434,-0.927446,0.0],[102.30819,-0.929433,0.0],[102.308467,-0.931058,0.0],[102.309519,-0.931777,0.0],[102.310975,-0.932909,0.0],[102.311182,-0.933781,0.0],[102.311124,-0.93571,0.0],[102.311933,-0.93745,0.0],[102.314722,-0.940556,0.0],[102.318296,-0.946215,0.0],[102.319684,-0.948818,0.0],[102.321335,-0.951212,0.0],[102.3225,-0.954444,0.0],[102.322519,-0.95914,0.0],[102.322915,-0.960802,0.0],[102.323476,-0.961865,0.0],[102.324352,-0.962461,0.0],[102.325105,-0.962695,0.0],[102.326009,-0.963026,0.0],[102.326959,-0.963233,0.0],[102.3278,-0.963784,0.0],[102.328514,-0.964425,0.0],[102.329722,-0.964722,0.0],[102.331498,-0.963684,0.0],[102.3327,-0.962857,0.0],[102.333916,-0.961175,0.0],[102.336636,-0.960442,0.0],[102.337799,-0.960628,0.0],[102.339243,-0.960744,0.0],[102.340595,-0.961494,0.0],[102.341352,-0.961814,0.0],[102.341926,-0.961295,0.0],[102.34299,-0.960518,0.0],[102.345278,-0.961945,0.0],[102.34645,-0.964698,0.0],[102.347511,-0.966247,0.0],[102.349648,-0.969166,0.0],[102.350529,-0.969871,0.0],[102.351667,-0.970556,0.0],[102.351812,-0.968774,0.0],[102.352421,-0.967331,0.0],[102.353534,-0.966929,0.0],[102.355718,-0.967283,0.0],[102.357506,-0.967781,0.0],[102.35957,-0.969797,0.0],[102.360113,-0.97097,0.0],[102.35983,-0.97211,0.0],[102.35903,-0.972373,0.0],[102.359955,-0.973773,0.0],[102.361686,-0.975462,0.0],[102.364181,-0.97712,0.0],[102.365494,-0.978249,0.0],[102.366025,-0.979154,0.0],[102.366074,-0.979793,0.0],[102.365742,-0.981075,0.0],[102.365748,-0.981657,0.0],[102.366334,-0.98277,0.0],[102.367536,-0.983044,0.0],[102.369675,-0.984239,0.0],[102.372181,-0.986708,0.0],[102.37381,-0.987407,0.0],[102.37535,-0.98791,0.0],[102.375717,-0.98911,0.0],[102.376435,-0.989163,0.0],[102.378011,-0.989041,0.0],[102.379271,-0.98935,0.0],[102.380456,-0.990455,0.0],[102.380867,-0.99124,0.0],[102.381479,-0.99205,0.0],[102.382047,-0.992702,0.0],[102.383056,-0.993611,0.0],[102.382579,-0.994917,0.0],[102.382158,-0.995911,0.0],[102.381747,-0.996228,0.0],[102.381685,-0.996439,0.0],[102.379837,-0.997567,0.0],[102.37965,-0.99995,0.0],[102.379106,-1.00156,0.0],[102.378361,-1.002462,0.0],[102.377588,-1.003267,0.0],[102.377237,-1.005077,0.0],[102.37642,-1.007588,0.0],[102.373246,-1.011791,0.0],[102.373321,-1.014475,0.0],[102.373333,-1.017778,0.0],[102.373237,-1.02113,0.0],[102.373578,-1.022674,0.0],[102.373419,-1.02417,0.0],[102.372402,-1.025794,0.0],[102.372313,-1.027258,0.0],[102.371487,-1.030202,0.0],[102.371583,-1.03126,0.0],[102.372028,-1.032149,0.0],[102.373611,-1.033056,0.0],[102.374627,-1.034206,0.0],[102.376073,-1.034588,0.0],[102.377499,-1.034703,0.0],[102.378471,-1.034678,0.0],[102.37974,-1.034846,0.0],[102.38012,-1.035025,0.0],[102.384444,-1.038056,0.0],[102.384591,-1.0315,0.0],[102.385577,-1.029341,0.0],[102.38593,-1.028988,0.0],[102.386851,-1.028546,0.0],[102.387585,-1.028407,0.0],[102.388385,-1.028608,0.0],[102.38935,-1.029332,0.0],[102.39112,-1.030305,0.0],[102.392143,-1.030292,0.0],[102.392507,-1.030223,0.0],[102.393001,-1.030495,0.0],[102.393391,-1.031502,0.0],[102.395004,-1.033792,0.0],[102.395833,-1.034722,0.0],[102.396233,-1.035862,0.0],[102.39689,-1.037122,0.0],[102.398132,-1.038221,0.0],[102.399606,-1.039094,0.0],[102.401363,-1.039668,0.0],[102.402981,-1.039937,0.0],[102.40437,-1.039884,0.0],[102.405456,-1.039281,0.0],[102.407917,-1.039136,0.0],[102.40828,-1.038924,0.0],[102.408335,-1.038416,0.0],[102.40796,-1.0372,0.0],[102.40801,-1.034388,0.0],[102.408454,-1.033347,0.0],[102.408789,-1.033216,0.0],[102.409322,-1.033135,0.0],[102.410059,-1.03308,0.0],[102.411237,-1.033128,0.0],[102.412603,-1.033833,0.0],[102.414194,-1.034597,0.0],[102.414842,-1.03505,0.0],[102.416359,-1.035278,0.0],[102.417597,-1.035321,0.0],[102.419161,-1.034505,0.0],[102.420413,-1.032545,0.0],[102.4221,-1.03254,0.0],[102.422529,-1.03301,0.0],[102.423476,-1.03391,0.0],[102.425186,-1.034945,0.0],[102.425956,-1.035282,0.0],[102.427164,-1.035337,0.0],[102.427918,-1.035724,0.0],[102.428261,-1.036244,0.0],[102.428845,-1.036712,0.0],[102.429595,-1.037038,0.0],[102.431831,-1.036107,0.0],[102.432372,-1.035506,0.0],[102.433947,-1.035175,0.0],[102.434727,-1.034834,0.0],[102.43589,-1.034243,0.0],[102.43697,-1.033965,0.0],[102.437607,-1.033575,0.0],[102.43834,-1.032903,0.0],[102.438622,-1.032008,0.0],[102.438855,-1.030942,0.0],[102.43997,-1.030833,0.0],[102.440678,-1.030871,0.0],[102.441311,-1.031345,0.0],[102.44194,-1.03272,0.0],[102.442364,-1.033416,0.0],[102.442889,-1.034469,0.0],[102.443097,-1.034836,0.0],[102.443859,-1.03566,0.0],[102.444569,-1.036163,0.0],[102.445359,-1.037133,0.0],[102.446045,-1.038092,0.0],[102.44627,-1.039094,0.0],[102.447028,-1.041067,0.0],[102.447817,-1.042493,0.0],[102.448554,-1.043453,0.0],[102.449714,-1.044014,0.0],[102.450556,-1.044722,0.0],[102.451287,-1.046635,0.0],[102.451675,-1.048433,0.0],[102.452342,-1.049054,0.0],[102.454437,-1.050289,0.0],[102.455592,-1.051404,0.0],[102.456704,-1.051613,0.0],[102.458466,-1.051514,0.0],[102.45965,-1.051565,0.0],[102.460378,-1.052229,0.0],[102.461944,-1.053611,0.0],[102.46246,-1.055149,0.0],[102.462987,-1.056615,0.0],[102.463023,-1.05851,0.0],[102.463387,-1.059866,0.0],[102.467886,-1.063926,0.0],[102.470134,-1.065716,0.0],[102.474184,-1.070624,0.0],[102.474734,-1.071961,0.0],[102.474611,-1.073739,0.0],[102.474773,-1.075015,0.0],[102.473688,-1.076412,0.0],[102.47033,-1.077709,0.0],[102.468693,-1.07816,0.0],[102.467997,-1.079085,0.0],[102.467954,-1.080901,0.0],[102.468998,-1.082475,0.0],[102.470528,-1.083932,0.0],[102.471667,-1.083611,0.0],[102.472616,-1.084757,0.0],[102.472809,-1.085768,0.0],[102.474763,-1.086345,0.0],[102.476011,-1.085586,0.0],[102.477177,-1.085361,0.0],[102.478179,-1.085567,0.0],[102.478692,-1.0866,0.0],[102.47908,-1.087937,0.0],[102.47998,-1.089051,0.0],[102.482455,-1.089115,0.0],[102.482926,-1.088417,0.0],[102.484849,-1.08776,0.0],[102.485729,-1.087637,0.0],[102.486336,-1.088012,0.0],[102.486821,-1.088614,0.0],[102.487261,-1.089523,0.0],[102.488007,-1.089853,0.0],[102.489148,-1.090025,0.0],[102.491111,-1.089444,0.0],[102.492091,-1.09005,0.0],[102.493582,-1.089892,0.0],[102.49434,-1.089938,0.0],[102.495017,-1.090461,0.0],[102.495966,-1.090542,0.0],[102.496919,-1.090167,0.0],[102.497191,-1.089633,0.0],[102.497824,-1.089532,0.0],[102.498807,-1.089975,0.0],[102.499688,-1.090192,0.0],[102.501624,-1.089934,0.0],[102.502732,-1.089435,0.0],[102.503048,-1.089276,0.0],[102.50332,-1.089106,0.0],[102.504021,-1.088914,0.0],[102.505053,-1.08832,0.0],[102.505641,-1.087752,0.0],[102.505755,-1.086128,0.0],[102.506344,-1.085818,0.0],[102.507024,-1.085518,0.0],[102.507512,-1.084741,0.0],[102.508611,-1.083611,0.0],[102.509678,-1.085718,0.0],[102.510301,-1.086249,0.0],[102.51162,-1.086174,0.0],[102.512118,-1.085447,0.0],[102.512311,-1.084982,0.0],[102.513007,-1.084709,0.0],[102.513633,-1.084661,0.0],[102.514022,-1.085068,0.0],[102.51441,-1.085748,0.0],[102.51521,-1.08653,0.0],[102.51652,-1.087068,0.0],[102.517598,-1.087396,0.0],[102.518074,-1.088177,0.0],[102.519198,-1.08894,0.0],[102.520833,-1.089731,0.0],[102.51971,-1.091237,0.0],[102.51888,-1.0925,0.0],[102.519021,-1.094274,0.0],[102.519481,-1.095438,0.0],[102.521614,-1.095531,0.0],[102.523105,-1.096002,0.0],[102.526022,-1.096491,0.0],[102.527923,-1.095728,0.0],[102.530804,-1.096667,0.0],[102.533176,-1.099879,0.0],[102.537011,-1.100178,0.0],[102.540316,-1.097428,0.0],[102.54133,-1.095172,0.0],[102.541989,-1.092718,0.0],[102.541436,-1.090681,0.0],[102.541437,-1.089131,0.0],[102.541944,-1.086944,0.0],[102.543206,-1.087697,0.0],[102.544574,-1.088846,0.0],[102.546143,-1.090553,0.0],[102.547842,-1.091321,0.0],[102.550361,-1.095301,0.0],[102.550668,-1.096223,0.0],[102.550491,-1.096773,0.0],[102.55006,-1.097889,0.0],[102.549689,-1.099318,0.0],[102.549109,-1.101216,0.0],[102.549004,-1.103559,0.0],[102.549444,-1.103889,0.0],[102.549781,-1.104428,0.0],[102.552192,-1.104702,0.0],[102.555713,-1.104901,0.0],[102.558601,-1.105183,0.0],[102.560804,-1.104013,0.0],[102.562847,-1.102664,0.0],[102.564205,-1.101611,0.0],[102.566147,-1.101802,0.0],[102.569167,-1.101111,0.0],[102.570526,-1.100755,0.0],[102.573168,-1.100779,0.0],[102.577201,-1.1016,0.0],[102.577401,-1.101544,0.0],[102.5781,-1.101567,0.0],[102.579088,-1.101467,0.0],[102.579798,-1.101445,0.0],[102.580698,-1.101457,0.0],[102.582178,-1.1009,0.0],[102.583144,-1.100688,0.0],[102.584032,-1.100265,0.0],[102.584832,-1.099217,0.0],[102.585652,-1.098621,0.0],[102.585339,-1.097432,0.0],[102.586111,-1.095556,0.0],[102.588476,-1.096688,0.0],[102.589653,-1.097257,0.0],[102.590405,-1.0976,0.0],[102.590832,-1.098751,0.0],[102.591749,-1.099815,0.0],[102.593131,-1.100303,0.0],[102.594302,-1.100146,0.0],[102.595927,-1.09998,0.0],[102.597133,-1.099928,0.0],[102.597934,-1.099488,0.0],[102.599112,-1.099281,0.0],[102.600133,-1.099277,0.0],[102.601295,-1.099118,0.0],[102.602307,-1.099287,0.0],[102.60315,-1.09969,0.0],[102.60434,-1.0997,0.0],[102.605518,-1.100447,0.0],[102.60606,-1.101288,0.0],[102.607177,-1.101962,0.0],[102.608027,-1.101336,0.0],[102.607521,-1.099402,0.0],[102.606667,-1.097778,0.0],[102.61048,-1.096789,0.0],[102.612247,-1.095696,0.0],[102.61373,-1.095997,0.0],[102.617503,-1.098201,0.0],[102.621296,-1.100838,0.0],[102.623017,-1.102959,0.0],[102.62497,-1.104722,0.0],[102.625767,-1.106006,0.0],[102.6273,-1.106232,0.0],[102.629107,-1.106749,0.0],[102.630218,-1.107467,0.0],[102.630656,-1.108999,0.0],[102.630421,-1.111268,0.0],[102.62943,-1.115772,0.0],[102.631667,-1.118056,0.0],[102.6318,-1.121774,0.0],[102.632114,-1.124194,0.0],[102.633529,-1.124888,0.0],[102.63475,-1.125648,0.0],[102.636355,-1.126132,0.0],[102.637905,-1.126878,0.0],[102.641646,-1.127602,0.0],[102.643889,-1.126944,0.0],[102.643889,-1.126943,0.0],[102.643555,-1.124923,0.0],[102.64376,-1.122691,0.0],[102.643581,-1.119167,0.0],[102.644887,-1.118639,0.0],[102.646584,-1.117595,0.0],[102.648868,-1.116952,0.0],[102.650619,-1.116681,0.0],[102.652737,-1.116108,0.0],[102.65569,-1.115966,0.0],[102.656111,-1.115833,0.0],[102.659612,-1.115405,0.0],[102.661368,-1.11424,0.0],[102.663303,-1.112308,0.0],[102.663889,-1.1075,0.0],[102.665965,-1.104765,0.0],[102.66747,-1.101667,0.0],[102.672403,-1.097308,0.0],[102.674925,-1.096685,0.0],[102.678333,-1.096667,0.0],[102.680158,-1.097044,0.0],[102.681616,-1.096624,0.0],[102.683193,-1.095924,0.0],[102.683493,-1.093671,0.0],[102.683316,-1.091838,0.0],[102.682667,-1.089956,0.0],[102.682209,-1.087593,0.0],[102.682043,-1.085078,0.0],[102.681111,-1.081944,0.0],[102.681577,-1.081397,0.0],[102.683023,-1.081389,0.0],[102.684259,-1.081867,0.0],[102.685959,-1.082682,0.0],[102.686563,-1.083037,0.0],[102.687287,-1.083349,0.0],[102.688029,-1.08381,0.0],[102.688879,-1.084279,0.0],[102.689695,-1.084858,0.0],[102.690457,-1.085435,0.0],[102.691312,-1.085487,0.0],[102.692956,-1.083422,0.0],[102.694652,-1.082376,0.0],[102.695461,-1.082615,0.0],[102.696774,-1.083456,0.0],[102.697562,-1.083644,0.0],[102.698728,-1.083335,0.0],[102.69906,-1.082635,0.0],[102.69997,-1.081389,0.0],[102.701407,-1.079793,0.0],[102.702254,-1.078029,0.0],[102.704693,-1.075,0.0],[102.70535,-1.075063,0.0],[102.706127,-1.07532,0.0],[102.706747,-1.076298,0.0],[102.706931,-1.077549,0.0],[102.706982,-1.078799,0.0],[102.707017,-1.079285,0.0],[102.70717,-1.080689,0.0],[102.707393,-1.081934,0.0],[102.708194,-1.081993,0.0],[102.709126,-1.08171,0.0],[102.710199,-1.081782,0.0],[102.711107,-1.081344,0.0],[102.711887,-1.079969,0.0],[102.712255,-1.078861,0.0],[102.712363,-1.07764,0.0],[102.713343,-1.075554,0.0],[102.713727,-1.075069,0.0],[102.714299,-1.074595,0.0],[102.714911,-1.074304,0.0],[102.71597,-1.07453,0.0],[102.717295,-1.075928,0.0],[102.718006,-1.075937,0.0],[102.718652,-1.075547,0.0],[102.719,-1.075114,0.0],[102.719687,-1.075057,0.0],[102.720664,-1.075472,0.0],[102.721772,-1.076135,0.0],[102.727222,-1.08,0.0],[102.727932,-1.08004,0.0],[102.728672,-1.080104,0.0],[102.729012,-1.080179,0.0],[102.729337,-1.079575,0.0],[102.72982,-1.076167,0.0],[102.73102,-1.074861,0.0],[102.731058,-1.072376,0.0],[102.728889,-1.068333,0.0],[102.729684,-1.066309,0.0],[102.730773,-1.06513,0.0],[102.732044,-1.064195,0.0],[102.732565,-1.063303,0.0],[102.733039,-1.061267,0.0],[102.733148,-1.060453,0.0],[102.733118,-1.05948,0.0],[102.733465,-1.058329,0.0],[102.733016,-1.056791,0.0],[102.733017,-1.055011,0.0],[102.732768,-1.05377,0.0],[102.73165,-1.052714,0.0],[102.731081,-1.051106,0.0],[102.731667,-1.049722,0.0],[102.733934,-1.049329,0.0],[102.73603,-1.048553,0.0],[102.73659,-1.048187,0.0],[102.737004,-1.047649,0.0],[102.738976,-1.047357,0.0],[102.741459,-1.047407,0.0],[102.742713,-1.047081,0.0],[102.743663,-1.046372,0.0],[102.744174,-1.045761,0.0],[102.744539,-1.045223,0.0],[102.745285,-1.044863,0.0],[102.746022,-1.044648,0.0],[102.747222,-1.044722,0.0],[102.748494,-1.044483,0.0],[102.749944,-1.044395,0.0],[102.750649,-1.044248,0.0],[102.751039,-1.043955,0.0],[102.751551,-1.042928,0.0],[102.752039,-1.042267,0.0],[102.752731,-1.041525,0.0],[102.752975,-1.040424,0.0],[102.752952,-1.038907,0.0],[102.750417,-1.036519,0.0],[102.749444,-1.035,0.0],[102.750054,-1.032824,0.0],[102.751323,-1.030072,0.0],[102.752491,-1.029461,0.0],[102.752881,-1.028678,0.0],[102.752417,-1.026907,0.0],[102.752638,-1.025267,0.0],[102.753174,-1.023824,0.0],[102.754318,-1.023164,0.0],[102.755526,-1.0225,0.0],[102.756704,-1.023019,0.0],[102.757458,-1.023754,0.0],[102.757871,-1.024708,0.0],[102.758601,-1.025345,0.0],[102.759087,-1.026055,0.0],[102.759719,-1.026545,0.0],[102.760182,-1.027402,0.0],[102.760717,-1.027744,0.0],[102.761496,-1.027794,0.0],[102.763297,-1.027771,0.0],[102.764927,-1.028163,0.0],[102.766637,-1.03,0.0],[102.767073,-1.031842,0.0],[102.768046,-1.032283,0.0],[102.769141,-1.032407,0.0],[102.770431,-1.032334,0.0],[102.771089,-1.031894,0.0],[102.771479,-1.03116,0.0],[102.771626,-1.029888,0.0],[102.772064,-1.029056,0.0],[102.774864,-1.027908,0.0],[102.775668,-1.027811,0.0],[102.776774,-1.028323,0.0],[102.777066,-1.029155,0.0],[102.777674,-1.029889,0.0],[102.778013,-1.03149,0.0],[102.778253,-1.031926,0.0],[102.779415,-1.032481,0.0],[102.780194,-1.032566,0.0],[102.780866,-1.032241,0.0],[102.781653,-1.031207,0.0],[102.782192,-1.03,0.0],[102.782034,-1.029198,0.0],[102.781985,-1.026379,0.0],[102.781903,-1.024868,0.0],[102.781592,-1.023374,0.0],[102.780418,-1.022277,0.0],[102.780056,-1.021781,0.0],[102.779272,-1.02133,0.0],[102.778487,-1.020997,0.0],[102.777577,-1.020009,0.0],[102.776597,-1.018688,0.0],[102.775949,-1.018148,0.0],[102.775204,-1.017313,0.0],[102.774597,-1.01647,0.0],[102.773582,-1.014842,0.0],[102.772662,-1.014669,0.0],[102.771616,-1.014648,0.0],[102.770278,-1.013611,0.0],[102.76961,-1.01336,0.0],[102.769285,-1.011582,0.0],[102.769457,-1.010634,0.0],[102.770036,-1.009802,0.0],[102.770951,-1.008806,0.0],[102.77156,-1.007617,0.0],[102.772204,-1.006778,0.0],[102.772978,-1.005889,0.0],[102.773339,-1.004955,0.0],[102.773906,-1.003938,0.0],[102.774811,-1.001831,0.0],[102.775207,-1.000795,0.0],[102.775721,-1.000112,0.0],[102.776117,-0.999495,0.0],[102.77684,-0.997987,0.0],[102.778046,-0.99628,0.0],[102.778889,-0.995,0.0],[102.779954,-0.994342,0.0],[102.782115,-0.992987,0.0],[102.783965,-0.99222,0.0],[102.785281,-0.990954,0.0],[102.785208,-0.988039,0.0],[102.785076,-0.98639,0.0],[102.784167,-0.984444,0.0],[102.783872,-0.981763,0.0],[102.785,-0.980556,0.0],[102.785791,-0.979222,0.0],[102.788161,-0.97707,0.0],[102.790887,-0.975648,0.0],[102.793889,-0.971944,0.0],[102.795806,-0.970889,0.0],[102.797222,-0.968056,0.0],[102.798565,-0.966938,0.0],[102.801667,-0.966389,0.0],[102.805982,-0.964453,0.0],[102.809444,-0.962778,0.0],[102.812444,-0.961083,0.0],[102.825833,-0.953056,0.0],[102.838056,-0.944167,0.0],[102.845833,-0.938056,0.0],[102.850355,-0.935114,0.0],[102.86,-0.927778,0.0],[102.867222,-0.920833,0.0],[102.874137,-0.914167,0.0],[102.876725,-0.912348,0.0],[102.880833,-0.908333,0.0],[102.893002,-0.898727,0.0],[102.899137,-0.891944,0.0],[102.90589,-0.886508,0.0],[102.914167,-0.878889,0.0],[102.918611,-0.874444,0.0],[102.927778,-0.866111,0.0],[102.9325,-0.859167,0.0],[102.937562,-0.851714,0.0],[102.943078,-0.842894,0.0],[102.948581,-0.834167,0.0],[102.953611,-0.8275,0.0],[102.958658,-0.820361,0.0],[102.964167,-0.811676,0.0],[102.970278,-0.803056,0.0],[102.975541,-0.795647,0.0],[102.980863,-0.788116,0.0],[102.982213,-0.786192,0.0],[102.985833,-0.780556,0.0],[102.990278,-0.773333,0.0],[102.996667,-0.764167,0.0],[103.003611,-0.754722,0.0],[103.014167,-0.754722,0.0],[103.025,-0.755,0.0],[103.028694,-0.754583,0.0],[103.034444,-0.755278,0.0],[103.045,-0.755556,0.0],[103.045803,-0.755494,0.0],[103.058889,-0.758611,0.0],[103.069444,-0.760278,0.0],[103.080833,-0.761944,0.0],[103.102139,-0.754528,0.0],[103.111833,-0.746611,0.0],[103.140556,-0.749556,0.0],[103.169806,-0.75325,0.0],[103.191333,-0.756972,0.0],[103.20825,-0.757056,0.0],[103.222567,-0.76495,0.0],[103.239467,-0.7706,0.0],[103.243358,-0.769732,0.0],[103.2607,-0.772433,0.0],[103.268534,-0.770267,0.0],[103.272558,-0.770466,0.0],[103.277597,-0.776336,0.0],[103.283674,-0.776423,0.0],[103.290763,-0.771853,0.0],[103.294983,-0.777167,0.0],[103.301492,-0.781258,0.0],[103.302545,-0.765531,0.0],[103.312222,-0.764722,0.0],[103.316433,-0.769486,0.0],[103.321819,-0.766341,0.0],[103.327119,-0.76705,0.0],[103.326794,-0.775849,0.0],[103.330333,-0.776111,0.0],[103.334276,-0.779335,0.0],[103.346389,-0.779167,0.0],[103.352778,-0.799167,0.0],[103.356389,-0.798056,0.0],[103.368833,-0.794167,0.0],[103.380652,-0.790678,0.0],[103.392193,-0.787271,0.0],[103.401673,-0.787271,0.0],[103.401694,-0.778556,0.0],[103.408889,-0.77,0.0],[103.43125,-0.778118,0.0],[103.437222,-0.778056,0.0],[103.43663,-0.77581,0.0],[103.434638,-0.773594,0.0],[103.433682,-0.772913,0.0],[103.434041,-0.772408,0.0],[103.434663,-0.772232,0.0],[103.435181,-0.77236,0.0],[103.435675,-0.772393,0.0],[103.436186,-0.771856,0.0],[103.437567,-0.77154,0.0],[103.438963,-0.771012,0.0],[103.439577,-0.770298,0.0],[103.440281,-0.769172,0.0],[103.440408,-0.768619,0.0],[103.440767,-0.768298,0.0],[103.440744,-0.767641,0.0],[103.441781,-0.766956,0.0],[103.44202,-0.765697,0.0],[103.442332,-0.76506,0.0],[103.442611,-0.763865,0.0],[103.442229,-0.763216,0.0],[103.442452,-0.762521,0.0],[103.442277,-0.761487,0.0],[103.443107,-0.75815,0.0],[103.442916,-0.757373,0.0],[103.44378,-0.756788,0.0],[103.444091,-0.756415,0.0],[103.444221,-0.75587,0.0],[103.443369,-0.754741,0.0],[103.443273,-0.753725,0.0],[103.443659,-0.753202,0.0],[103.443724,-0.752496,0.0],[103.445772,-0.75,0.0],[103.445677,-0.749786,0.0],[103.445555,-0.74953,0.0],[103.445458,-0.749318,0.0],[103.445352,-0.749114,0.0],[103.445246,-0.748947,0.0],[103.445135,-0.748764,0.0],[103.445066,-0.748601,0.0],[103.445009,-0.748437,0.0],[103.444933,-0.748251,0.0],[103.444837,-0.74807,0.0],[103.44466,-0.747623,0.0],[103.444598,-0.747459,0.0],[103.444548,-0.747306,0.0],[103.444479,-0.747134,0.0],[103.444381,-0.746938,0.0],[103.444187,-0.746537,0.0],[103.444097,-0.746337,0.0],[103.443965,-0.745873,0.0],[103.443858,-0.745548,0.0],[103.443681,-0.745098,0.0],[103.443468,-0.744687,0.0],[103.443276,-0.744333,0.0],[103.44288,-0.743847,0.0],[103.442686,-0.743562,0.0],[103.442567,-0.743206,0.0],[103.442554,-0.743055,0.0],[103.442548,-0.742542,0.0],[103.442516,-0.742114,0.0],[103.442429,-0.741816,0.0],[103.442308,-0.741488,0.0],[103.442209,-0.741118,0.0],[103.442138,-0.740704,0.0],[103.442024,-0.74015,0.0],[103.441915,-0.739796,0.0],[103.441759,-0.739357,0.0],[103.441586,-0.738983,0.0],[103.441563,-0.738674,0.0],[103.441475,-0.738666,0.0],[103.441442,-0.738575,0.0],[103.4414,-0.738234,0.0],[103.441356,-0.737355,0.0],[103.441326,-0.736786,0.0],[103.44128,-0.736333,0.0],[103.441211,-0.735908,0.0],[103.441133,-0.735358,0.0],[103.441084,-0.734959,0.0],[103.441026,-0.733944,0.0],[103.440947,-0.733175,0.0],[103.440962,-0.732491,0.0],[103.441042,-0.731971,0.0],[103.441066,-0.731906,0.0],[103.441176,-0.731891,0.0],[103.441328,-0.731568,0.0],[103.441384,-0.731487,0.0],[103.441456,-0.731405,0.0],[103.441659,-0.731146,0.0],[103.441841,-0.73093,0.0],[103.441911,-0.730864,0.0],[103.442358,-0.73055,0.0],[103.442497,-0.73048,0.0],[103.442687,-0.730438,0.0],[103.442839,-0.730431,0.0],[103.443011,-0.730441,0.0],[103.443139,-0.730499,0.0],[103.443299,-0.730643,0.0],[103.443491,-0.730829,0.0],[103.443695,-0.730991,0.0],[103.443869,-0.731093,0.0],[103.444074,-0.731174,0.0],[103.44425,-0.731213,0.0],[103.444396,-0.731219,0.0],[103.444522,-0.731241,0.0],[103.444644,-0.731315,0.0],[103.444734,-0.731431,0.0],[103.44477,-0.731549,0.0],[103.444756,-0.73167,0.0],[103.444705,-0.731757,0.0],[103.444604,-0.731792,0.0],[103.444491,-0.731774,0.0],[103.444369,-0.731705,0.0],[103.444271,-0.73166,0.0],[103.444197,-0.731681,0.0],[103.444135,-0.73177,0.0],[103.444112,-0.731924,0.0],[103.444078,-0.732312,0.0],[103.444056,-0.732453,0.0],[103.444017,-0.732546,0.0],[103.443838,-0.73288,0.0],[103.443796,-0.733037,0.0],[103.443804,-0.733159,0.0],[103.443863,-0.733265,0.0],[103.443964,-0.733356,0.0],[103.444098,-0.733432,0.0],[103.444198,-0.733441,0.0],[103.444324,-0.733486,0.0],[103.444369,-0.733563,0.0],[103.444377,-0.733654,0.0],[103.444365,-0.733763,0.0],[103.444318,-0.733879,0.0],[103.44423,-0.733997,0.0],[103.444125,-0.734062,0.0],[103.444008,-0.734104,0.0],[103.443871,-0.734115,0.0],[103.443713,-0.734163,0.0],[103.443605,-0.73421,0.0],[103.443518,-0.734282,0.0],[103.443435,-0.734392,0.0],[103.443375,-0.734513,0.0],[103.443297,-0.734705,0.0],[103.443276,-0.734786,0.0],[103.443277,-0.734871,0.0],[103.443292,-0.734966,0.0],[103.443319,-0.735041,0.0],[103.443308,-0.735104,0.0],[103.443245,-0.735171,0.0],[103.443058,-0.73532,0.0],[103.443,-0.735393,0.0],[103.442965,-0.735483,0.0],[103.442956,-0.735594,0.0],[103.442956,-0.735711,0.0],[103.442945,-0.735826,0.0],[103.442875,-0.736043,0.0],[103.442873,-0.736134,0.0],[103.442923,-0.736205,0.0],[103.443053,-0.736264,0.0],[103.443133,-0.736271,0.0],[103.443246,-0.736217,0.0],[103.443341,-0.736075,0.0],[103.443472,-0.735979,0.0],[103.443615,-0.735908,0.0],[103.443793,-0.735932,0.0],[103.443996,-0.736015,0.0],[103.444174,-0.73611,0.0],[103.444317,-0.736194,0.0],[103.444436,-0.736206,0.0],[103.444543,-0.73617,0.0],[103.444602,-0.736063,0.0],[103.444614,-0.735932,0.0],[103.444638,-0.735753,0.0],[103.444733,-0.735682,0.0],[103.444959,-0.735634,0.0],[103.445102,-0.735611,0.0],[103.445304,-0.735563,0.0],[103.4454,-0.735408,0.0],[103.445459,-0.735337,0.0],[103.445566,-0.735254,0.0],[103.445661,-0.735087,0.0],[103.445733,-0.734909,0.0],[103.445852,-0.734778,0.0],[103.446018,-0.734778,0.0],[103.446149,-0.734849,0.0],[103.446209,-0.734897,0.0],[103.446328,-0.734956,0.0],[103.446399,-0.734956,0.0],[103.446435,-0.734885,0.0],[103.446435,-0.734623,0.0],[103.446482,-0.73454,0.0],[103.446685,-0.734421,0.0],[103.44697,-0.734373,0.0],[103.44722,-0.734397,0.0],[103.447279,-0.734361,0.0],[103.447422,-0.734195,0.0],[103.447529,-0.734112,0.0],[103.447815,-0.733969,0.0],[103.448136,-0.733826,0.0],[103.448517,-0.733695,0.0],[103.448731,-0.733659,0.0],[103.449028,-0.733564,0.0],[103.449421,-0.733386,0.0],[103.449718,-0.733362,0.0],[103.450135,-0.73335,0.0],[103.450408,-0.73335,0.0],[103.450718,-0.733314,0.0],[103.450896,-0.733314,0.0],[103.45111,-0.733386,0.0],[103.451313,-0.733469,0.0],[103.451562,-0.733505,0.0],[103.451717,-0.733445,0.0],[103.451788,-0.733386,0.0],[103.451943,-0.733362,0.0],[103.452181,-0.733445,0.0],[103.452324,-0.733445,0.0],[103.452407,-0.733326,0.0],[103.452455,-0.733196,0.0],[103.452538,-0.733053,0.0],[103.452705,-0.732886,0.0],[103.452978,-0.73272,0.0],[103.453097,-0.732601,0.0],[103.453252,-0.732482,0.0],[103.453347,-0.732398,0.0],[103.453478,-0.732268,0.0],[103.453656,-0.732196,0.0],[103.453847,-0.73222,0.0],[103.454037,-0.732184,0.0],[103.45412,-0.732184,0.0],[103.454227,-0.732256,0.0],[103.454287,-0.732517,0.0],[103.454287,-0.73272,0.0],[103.454323,-0.73289,0.0],[103.454308,-0.733237,0.0],[103.45432,-0.733387,0.0],[103.454308,-0.733505,0.0],[103.454512,-0.733483,0.0],[103.454605,-0.733319,0.0],[103.454692,-0.733274,0.0],[103.454799,-0.73328,0.0],[103.454822,-0.733328,0.0],[103.454894,-0.733375,0.0],[103.454941,-0.733345,0.0],[103.454977,-0.733286,0.0],[103.455072,-0.733209,0.0],[103.455108,-0.732988,0.0],[103.455173,-0.732929,0.0],[103.455328,-0.732911,0.0],[103.455465,-0.732929,0.0],[103.45562,-0.732935,0.0],[103.455774,-0.732965,0.0],[103.455881,-0.732965,0.0],[103.455965,-0.732953,0.0],[103.456238,-0.732864,0.0],[103.456577,-0.732643,0.0],[103.45675,-0.732519,0.0],[103.457077,-0.732406,0.0],[103.457392,-0.732316,0.0],[103.457821,-0.732316,0.0],[103.458285,-0.732334,0.0],[103.45879,-0.732417,0.0],[103.460605,-0.732929,0.0],[103.461806,-0.733328,0.0],[103.462901,-0.733762,0.0],[103.464269,-0.734565,0.0],[103.466149,-0.735653,0.0],[103.466951,-0.736153,0.0],[103.468069,-0.736962,0.0],[103.468807,-0.737759,0.0],[103.469116,-0.738116,0.0],[103.469295,-0.738366,0.0],[103.46939,-0.738485,0.0],[103.469473,-0.738663,0.0],[103.469651,-0.73883,0.0],[103.469866,-0.738996,0.0],[103.470163,-0.739115,0.0],[103.470449,-0.73927,0.0],[103.470805,-0.739472,0.0],[103.471234,-0.739639,0.0],[103.471626,-0.739781,0.0],[103.472102,-0.740031,0.0],[103.472638,-0.740543,0.0],[103.473114,-0.740935,0.0],[103.473363,-0.741245,0.0],[103.473625,-0.74153,0.0],[103.474006,-0.74184,0.0],[103.474375,-0.742054,0.0],[103.474625,-0.742161,0.0],[103.474839,-0.74228,0.0],[103.47497,-0.742482,0.0],[103.474981,-0.742744,0.0],[103.475255,-0.743065,0.0],[103.475469,-0.742994,0.0],[103.47579,-0.742863,0.0],[103.476124,-0.742791,0.0],[103.47629,-0.742851,0.0],[103.476576,-0.743041,0.0],[103.476849,-0.743208,0.0],[103.477313,-0.743386,0.0],[103.477837,-0.743577,0.0],[103.478051,-0.743648,0.0],[103.478551,-0.743874,0.0],[103.478848,-0.744029,0.0],[103.479229,-0.744183,0.0],[103.479728,-0.744457,0.0],[103.480169,-0.744933,0.0],[103.480573,-0.745159,0.0],[103.481382,-0.74554,0.0],[103.482715,-0.746563,0.0],[103.483262,-0.747312,0.0],[103.483452,-0.747693,0.0],[103.483928,-0.748514,0.0],[103.48469,-0.749549,0.0],[103.485154,-0.750358,0.0],[103.486022,-0.751964,0.0],[103.486831,-0.75407,0.0],[103.48713,-0.755153,0.0],[103.487187,-0.755581,0.0],[103.487159,-0.755966,0.0],[103.487059,-0.756209,0.0],[103.486902,-0.756495,0.0],[103.486745,-0.756695,0.0],[103.486859,-0.75698,0.0],[103.487216,-0.756937,0.0],[103.487473,-0.757066,0.0],[103.487716,-0.75728,0.0],[103.488144,-0.758294,0.0],[103.488701,-0.75985,0.0],[103.489101,-0.761806,0.0],[103.489315,-0.762891,0.0],[103.489757,-0.765503,0.0],[103.490029,-0.767202,0.0],[103.490157,-0.768816,0.0],[103.490171,-0.770686,0.0],[103.490128,-0.771856,0.0],[103.490043,-0.772556,0.0],[103.49,-0.77297,0.0],[103.489886,-0.773227,0.0],[103.489686,-0.773327,0.0],[103.489343,-0.773327,0.0],[103.489143,-0.773356,0.0],[103.488944,-0.773455,0.0],[103.488801,-0.773698,0.0],[103.48877,-0.773902,0.0],[103.488755,-0.774748,0.0],[103.488679,-0.777109,0.0],[103.488432,-0.778765,0.0],[103.488127,-0.780231,0.0],[103.48748,-0.781849,0.0],[103.487247,-0.781825,0.0],[103.486933,-0.781696,0.0],[103.486595,-0.781596,0.0],[103.486481,-0.781601,0.0],[103.486543,-0.781673,0.0],[103.486672,-0.781725,0.0],[103.486781,-0.781825,0.0],[103.486819,-0.781882,0.0],[103.486748,-0.782191,0.0],[103.486429,-0.783476,0.0],[103.486053,-0.784771,0.0],[103.48581,-0.785437,0.0],[103.485726,-0.785843,0.0],[103.484872,-0.78794,0.0],[103.483863,-0.789748,0.0],[103.48274,-0.791462,0.0],[103.481617,-0.79228,0.0],[103.480799,-0.793061,0.0],[103.480781,-0.79307,0.0],[103.480661,-0.793198,0.0],[103.480503,-0.793319,0.0],[103.480419,-0.793404,0.0],[103.480158,-0.793627,0.0],[103.480079,-0.793715,0.0],[103.480003,-0.793808,0.0],[103.479986,-0.793876,0.0],[103.488564,-0.803174,0.0],[103.488677,-0.803346,0.0],[103.488739,-0.803384,0.0],[103.488886,-0.803436,0.0],[103.4891,-0.803403,0.0],[103.489491,-0.80337,0.0],[103.489657,-0.803289,0.0],[103.489843,-0.803222,0.0],[103.490005,-0.803132,0.0],[103.490276,-0.803103,0.0],[103.490519,-0.803036,0.0],[103.490685,-0.803003,0.0],[103.49079,-0.802946,0.0],[103.490923,-0.802865,0.0],[103.491056,-0.80277,0.0],[103.491137,-0.802665,0.0],[103.49118,-0.802594,0.0],[103.491275,-0.802513,0.0],[103.491351,-0.80247,0.0],[103.491575,-0.802451,0.0],[103.491708,-0.802446,0.0],[103.491846,-0.802432,0.0],[103.492098,-0.802384,0.0],[103.49241,-0.802359,0.0],[103.492603,-0.802423,0.0],[103.492769,-0.80247,0.0],[103.492888,-0.802475,0.0],[103.493003,-0.802427,0.0],[103.493122,-0.802399,0.0],[103.493269,-0.802418,0.0],[103.493426,-0.802446,0.0],[103.493583,-0.802461,0.0],[103.493678,-0.802451,0.0],[103.493764,-0.802375,0.0],[103.493855,-0.802265,0.0],[103.493907,-0.802175,0.0],[103.494006,-0.802055,0.0],[103.494233,-0.801916,0.0],[103.494872,-0.801755,0.0],[103.495283,-0.801716,0.0],[103.495659,-0.801716,0.0],[103.496016,-0.801754,0.0],[103.496425,-0.801768,0.0],[103.496782,-0.801768,0.0],[103.497163,-0.80172,0.0],[103.497347,-0.801693,0.0],[103.497939,-0.801645,0.0],[103.499841,-0.801692,0.0],[103.502344,-0.801746,0.0],[103.502501,-0.801716,0.0],[103.502688,-0.801608,0.0],[103.502801,-0.801527,0.0],[103.502934,-0.801366,0.0],[103.502993,-0.801334,0.0],[103.503053,-0.801327,0.0],[103.503131,-0.801339,0.0],[103.503218,-0.801378,0.0],[103.503419,-0.801547,0.0],[103.503541,-0.801588,0.0],[103.50374,-0.801606,0.0],[103.503919,-0.801598,0.0],[103.504086,-0.801562,0.0],[103.504179,-0.801493,0.0],[103.504266,-0.801364,0.0],[103.504341,-0.801264,0.0],[103.504419,-0.801191,0.0],[103.504535,-0.801137,0.0],[103.504664,-0.801137,0.0],[103.50486,-0.801147,0.0],[103.505018,-0.801144,0.0],[103.505312,-0.801052,0.0],[103.50544,-0.801001,0.0],[103.505542,-0.800944,0.0],[103.50569,-0.800839,0.0],[103.50578,-0.800796,0.0],[103.506047,-0.800732,0.0],[103.506163,-0.800674,0.0],[103.506224,-0.800605,0.0],[103.506277,-0.800515,0.0],[103.506382,-0.800412,0.0],[103.506469,-0.800356,0.0],[103.506564,-0.800351,0.0],[103.506721,-0.800388,0.0],[103.506864,-0.800459,0.0],[103.507071,-0.800664,0.0],[103.507177,-0.800818,0.0],[103.507274,-0.800945,0.0],[103.507381,-0.801055,0.0],[103.507512,-0.801106,0.0],[103.50765,-0.801106,0.0],[103.507822,-0.801082,0.0],[103.508281,-0.801021,0.0],[103.508543,-0.800975,0.0],[103.508795,-0.800938,0.0],[103.509186,-0.800921,0.0],[103.509346,-0.800909,0.0],[103.509588,-0.800897,0.0],[103.510117,-0.800866,0.0],[103.510479,-0.800853,0.0],[103.510799,-0.800846,0.0],[103.511076,-0.800834,0.0],[103.511592,-0.800825,0.0],[103.511704,-0.800798,0.0],[103.511845,-0.800783,0.0],[103.512,-0.800805,0.0],[103.512133,-0.800832,0.0],[103.512274,-0.800876,0.0],[103.512405,-0.800923,0.0],[103.512577,-0.800998,0.0],[103.512759,-0.801057,0.0],[103.512946,-0.801077,0.0],[103.513135,-0.801064,0.0],[103.513322,-0.801033,0.0],[103.513429,-0.801043,0.0],[103.513535,-0.801089,0.0],[103.5137,-0.801172,0.0],[103.514217,-0.801231,0.0],[103.514573,-0.801285,0.0],[103.51477,-0.801309,0.0],[103.51494,-0.801312,0.0],[103.515119,-0.801307,0.0],[103.515323,-0.801322,0.0],[103.515641,-0.801356,0.0],[103.515946,-0.801402,0.0],[103.516153,-0.801464,0.0],[103.516667,-0.801539,0.0],[103.517099,-0.801574,0.0],[103.517268,-0.801593,0.0],[103.517363,-0.801645,0.0],[103.517421,-0.801701,0.0],[103.517501,-0.801755,0.0],[103.517589,-0.801772,0.0],[103.517681,-0.801769,0.0],[103.517834,-0.801745,0.0],[103.517986,-0.801735,0.0],[103.518127,-0.80174,0.0],[103.518355,-0.801762,0.0],[103.518637,-0.801816,0.0],[103.519168,-0.801894,0.0],[103.519328,-0.801936,0.0],[103.519791,-0.802066,0.0],[103.520031,-0.802124,0.0],[103.520237,-0.802183,0.0],[103.520463,-0.802229,0.0],[103.520674,-0.802249,0.0],[103.520965,-0.802266,0.0],[103.521222,-0.802305,0.0],[103.521676,-0.802415,0.0],[103.521904,-0.802457,0.0],[103.522173,-0.802513,0.0],[103.522425,-0.802579,0.0],[103.522653,-0.80265,0.0],[103.522869,-0.802711,0.0],[103.523075,-0.80276,0.0],[103.523277,-0.802821,0.0],[103.523403,-0.802873,0.0],[103.523558,-0.8029,0.0],[103.52384,-0.803049,0.0],[103.523975,-0.803083,0.0],[103.524138,-0.803081,0.0],[103.524291,-0.803103,0.0],[103.524373,-0.803149,0.0],[103.524431,-0.803244,0.0],[103.524492,-0.803454,0.0],[103.524543,-0.803501,0.0],[103.52463,-0.80352,0.0],[103.524887,-0.803518,0.0],[103.525079,-0.803545,0.0],[103.525258,-0.803599,0.0],[103.525482,-0.803606,0.0],[103.525715,-0.803606,0.0],[103.525899,-0.803599,0.0],[103.526166,-0.803623,0.0],[103.526481,-0.803689,0.0],[103.526852,-0.803731,0.0],[103.527514,-0.803846,0.0],[103.52781,-0.803858,0.0],[103.528189,-0.803883,0.0],[103.52846,-0.803939,0.0],[103.528591,-0.803991,0.0],[103.528744,-0.804035,0.0],[103.528987,-0.804074,0.0],[103.529176,-0.804128,0.0],[103.529387,-0.804198,0.0],[103.52971,-0.804296,0.0],[103.529928,-0.804404,0.0],[103.530539,-0.804686,0.0],[103.530837,-0.804794,0.0],[103.531192,-0.804969,0.0],[103.531642,-0.805117,0.0],[103.531835,-0.805185,0.0],[103.532502,-0.805426,0.0],[103.53271,-0.805491,0.0],[103.53279,-0.805529,0.0],[103.533382,-0.80561,0.0],[103.533733,-0.805676,0.0],[103.534138,-0.805729,0.0],[103.534519,-0.805818,0.0],[103.53481,-0.80586,0.0],[103.535274,-0.805973,0.0],[103.535661,-0.80611,0.0],[103.535899,-0.806241,0.0],[103.536035,-0.806401,0.0],[103.536184,-0.806705,0.0],[103.536226,-0.806883,0.0],[103.53632,-0.807205,0.0],[103.536356,-0.807288,0.0],[103.536457,-0.807371,0.0],[103.536582,-0.807395,0.0],[103.536762,-0.807338,0.0],[103.536921,-0.807246,0.0],[103.537081,-0.807169,0.0],[103.537266,-0.807121,0.0],[103.537462,-0.807109,0.0],[103.537807,-0.807145,0.0],[103.538081,-0.807216,0.0],[103.538289,-0.807294,0.0],[103.538604,-0.807508,0.0],[103.538777,-0.807621,0.0],[103.538848,-0.807722,0.0],[103.538848,-0.807847,0.0],[103.539021,-0.808031,0.0],[103.539145,-0.808109,0.0],[103.539306,-0.808067,0.0],[103.539425,-0.807978,0.0],[103.539663,-0.807877,0.0],[103.540067,-0.807823,0.0],[103.54049,-0.807823,0.0],[103.540787,-0.807847,0.0],[103.541073,-0.80793,0.0],[103.541525,-0.808103,0.0],[103.542042,-0.808257,0.0],[103.542423,-0.808394,0.0],[103.54275,-0.808519,0.0],[103.54341,-0.808779,0.0],[103.543659,-0.808868,0.0],[103.543997,-0.808941,0.0],[103.544324,-0.808999,0.0],[103.54481,-0.809198,0.0],[103.545115,-0.809293,0.0],[103.54541,-0.809398,0.0],[103.545676,-0.80956,0.0],[103.545867,-0.80975,0.0],[103.546002,-0.809891,0.0],[103.546095,-0.810378,0.0],[103.546133,-0.81054,0.0],[103.546257,-0.810635,0.0],[103.546724,-0.810636,0.0],[103.546827,-0.810659,0.0],[103.547066,-0.810759,0.0],[103.547402,-0.811107,0.0],[103.547652,-0.811309,0.0],[103.547795,-0.811494,0.0],[103.547878,-0.81166,0.0],[103.547973,-0.811868,0.0],[103.548057,-0.811999,0.0],[103.548289,-0.812136,0.0],[103.548372,-0.812219,0.0],[103.548515,-0.812481,0.0],[103.548634,-0.812671,0.0],[103.548681,-0.81288,0.0],[103.548744,-0.81326,0.0],[103.548869,-0.813576,0.0],[103.548964,-0.813754,0.0],[103.549083,-0.813938,0.0],[103.54916,-0.814099,0.0],[103.549237,-0.814283,0.0],[103.549338,-0.814545,0.0],[103.549422,-0.814747,0.0],[103.549463,-0.814908,0.0],[103.549664,-0.815531,0.0],[103.549689,-0.815604,0.0],[103.549666,-0.815836,0.0],[103.549618,-0.815979,0.0],[103.549505,-0.816086,0.0],[103.54935,-0.816403,0.0],[103.549236,-0.816527,0.0],[103.549112,-0.816689,0.0],[103.548998,-0.81686,0.0],[103.548865,-0.816965,0.0],[103.548836,-0.817174,0.0],[103.548884,-0.817479,0.0],[103.548989,-0.817726,0.0],[103.549246,-0.817917,0.0],[103.549331,-0.817955,0.0],[103.549388,-0.818145,0.0],[103.549331,-0.818326,0.0],[103.549161,-0.818356,0.0],[103.548984,-0.818481,0.0],[103.548984,-0.818573,0.0],[103.549127,-0.818527,0.0],[103.549258,-0.818528,0.0],[103.549236,-0.818659,0.0],[103.549198,-0.818821,0.0],[103.54922,-0.81909,0.0],[103.54916,-0.819205,0.0],[103.549106,-0.819526,0.0],[103.549027,-0.820115,0.0],[103.549027,-0.820306,0.0],[103.549044,-0.820573,0.0],[103.548906,-0.820573,0.0],[103.548852,-0.82062,0.0],[103.548848,-0.820771,0.0],[103.548917,-0.820976,0.0],[103.549074,-0.82113,0.0],[103.549274,-0.821212,0.0],[103.549322,-0.821372,0.0],[103.549341,-0.821505,0.0],[103.549369,-0.821581,0.0],[103.549503,-0.82159,0.0],[103.54956,-0.821505,0.0],[103.549593,-0.821316,0.0],[103.549854,-0.82144,0.0],[103.550009,-0.821517,0.0],[103.549835,-0.822056,0.0],[103.549789,-0.822273,0.0],[103.549658,-0.822564,0.0],[103.54968,-0.82273,0.0],[103.550023,-0.823038,0.0],[103.550438,-0.823503,0.0],[103.550383,-0.823547,0.0],[103.550253,-0.823667,0.0],[103.550356,-0.823851,0.0],[103.550321,-0.824117,0.0],[103.550515,-0.824366,0.0],[103.550671,-0.824537,0.0],[103.550828,-0.824675,0.0],[103.551053,-0.825061,0.0],[103.551489,-0.825345,0.0],[103.551784,-0.825535,0.0],[103.551888,-0.825811,0.0],[103.552222,-0.82603,0.0],[103.552421,-0.826373,0.0],[103.552678,-0.826639,0.0],[103.553126,-0.827363,0.0],[103.553211,-0.827791,0.0],[103.553326,-0.828134,0.0],[103.553249,-0.828276,0.0],[103.553259,-0.828619,0.0],[103.553354,-0.828762,0.0],[103.553564,-0.828676,0.0],[103.553716,-0.828638,0.0],[103.553754,-0.828752,0.0],[103.553887,-0.828933,0.0],[103.554325,-0.829637,0.0],[103.554411,-0.829828,0.0],[103.554506,-0.830066,0.0],[103.554591,-0.83038,0.0],[103.554887,-0.830761,0.0],[103.555001,-0.831189,0.0],[103.555077,-0.831532,0.0],[103.554953,-0.831722,0.0],[103.554906,-0.831836,0.0],[103.554934,-0.832026,0.0],[103.554953,-0.832274,0.0],[103.554944,-0.832369,0.0],[103.555196,-0.832397,0.0],[103.555867,-0.832264,0.0],[103.55601,-0.832502,0.0],[103.555783,-0.832786,0.0],[103.555803,-0.832842,0.0],[103.556095,-0.832721,0.0],[103.556381,-0.833026,0.0],[103.556524,-0.833092,0.0],[103.556666,-0.833292,0.0],[103.556653,-0.833414,0.0],[103.556577,-0.833544,0.0],[103.556592,-0.833856,0.0],[103.556501,-0.834069,0.0],[103.556279,-0.834142,0.0],[103.556301,-0.834232,0.0],[103.556303,-0.834457,0.0],[103.556257,-0.834587,0.0],[103.556204,-0.834716,0.0],[103.556493,-0.834654,0.0],[103.556543,-0.834847,0.0],[103.556577,-0.835025,0.0],[103.556631,-0.835226,0.0],[103.556723,-0.835415,0.0],[103.55663,-0.835539,0.0],[103.556607,-0.835706,0.0],[103.556546,-0.835851,0.0],[103.556615,-0.83598,0.0],[103.556668,-0.83611,0.0],[103.556813,-0.836178,0.0],[103.556958,-0.836201,0.0],[103.557029,-0.836154,0.0],[103.557069,-0.836347,0.0],[103.556889,-0.836437,0.0],[103.556859,-0.836566,0.0],[103.556897,-0.836711,0.0],[103.557091,-0.836606,0.0],[103.55721,-0.836947,0.0],[103.557252,-0.83714,0.0],[103.557186,-0.837237,0.0],[103.557255,-0.837541,0.0],[103.557346,-0.837808,0.0],[103.557437,-0.837907,0.0],[103.55746,-0.838097,0.0],[103.55743,-0.838226,0.0],[103.55743,-0.838424,0.0],[103.557513,-0.838539,0.0],[103.557605,-0.838858,0.0],[103.557666,-0.839034,0.0],[103.557809,-0.839161,0.0],[103.557858,-0.839302,0.0],[103.557795,-0.839437,0.0],[103.557788,-0.839567,0.0],[103.557841,-0.83978,0.0],[103.557864,-0.83997,0.0],[103.557864,-0.84013,0.0],[103.558038,-0.84012,0.0],[103.558001,-0.840495,0.0],[103.558115,-0.840732,0.0],[103.558169,-0.841019,0.0],[103.558201,-0.841178,0.0],[103.558328,-0.841371,0.0],[103.558381,-0.841546,0.0],[103.558199,-0.841699,0.0],[103.558145,-0.841759,0.0],[103.557932,-0.841896,0.0],[103.557727,-0.841988,0.0],[103.557635,-0.842049,0.0],[103.557651,-0.842201,0.0],[103.55797,-0.842254,0.0],[103.557986,-0.842521,0.0],[103.557978,-0.842666,0.0],[103.557879,-0.842765,0.0],[103.558107,-0.842749,0.0],[103.558267,-0.842688,0.0],[103.55829,-0.842772,0.0],[103.558206,-0.842848,0.0],[103.558138,-0.842886,0.0],[103.558237,-0.842978,0.0],[103.558237,-0.843023,0.0],[103.558252,-0.8431,0.0],[103.558176,-0.843115,0.0],[103.558039,-0.843069,0.0],[103.557902,-0.843115,0.0],[103.557986,-0.843366,0.0],[103.558161,-0.843404,0.0],[103.55829,-0.843511,0.0],[103.558379,-0.843659,0.0],[103.558414,-0.844203,0.0],[103.558275,-0.844341,0.0],[103.558283,-0.844478,0.0],[103.558244,-0.844615,0.0],[103.558161,-0.844721,0.0],[103.558077,-0.844874,0.0],[103.558092,-0.84498,0.0],[103.558166,-0.845025,0.0],[103.558064,-0.84519,0.0],[103.557975,-0.845425,0.0],[103.557864,-0.84543,0.0],[103.557826,-0.845513,0.0],[103.557826,-0.845658,0.0],[103.557818,-0.845772,0.0],[103.557875,-0.845882,0.0],[103.55786,-0.845952,0.0],[103.557768,-0.846157,0.0],[103.557637,-0.846377,0.0],[103.557552,-0.846571,0.0],[103.557526,-0.846699,0.0],[103.557376,-0.846907,0.0],[103.557247,-0.847135,0.0],[103.55711,-0.847356,0.0],[103.557102,-0.847562,0.0],[103.557171,-0.847729,0.0],[103.557224,-0.847791,0.0],[103.557256,-0.847871,0.0],[103.55725,-0.847937,0.0],[103.55723,-0.848019,0.0],[103.55723,-0.848088,0.0],[103.557247,-0.848122,0.0],[103.557375,-0.848146,0.0],[103.557461,-0.848171,0.0],[103.55749,-0.848217,0.0],[103.55749,-0.848268,0.0],[103.557441,-0.848305,0.0],[103.55741,-0.848311,0.0],[103.557344,-0.848276,0.0],[103.557301,-0.848296,0.0],[103.557284,-0.848325,0.0],[103.557258,-0.848442,0.0],[103.557177,-0.848552,0.0],[103.557059,-0.848667,0.0],[103.556978,-0.848981,0.0],[103.557063,-0.849043,0.0],[103.557156,-0.849123,0.0],[103.557147,-0.849168,0.0],[103.557078,-0.849408,0.0],[103.556963,-0.849447,0.0],[103.556897,-0.84958,0.0],[103.556935,-0.849671,0.0],[103.556878,-0.849747,0.0],[103.556721,-0.849814,0.0],[103.556721,-0.849885,0.0],[103.556792,-0.849994,0.0],[103.556858,-0.850043,0.0],[103.556786,-0.85022,0.0],[103.556541,-0.850743,0.0],[103.55646,-0.850931,0.0],[103.556549,-0.851027,0.0],[103.556625,-0.851156,0.0],[103.556554,-0.851217,0.0],[103.55645,-0.851237,0.0],[103.556359,-0.851241,0.0],[103.556378,-0.851341,0.0],[103.556411,-0.851455,0.0],[103.556506,-0.851622,0.0],[103.556578,-0.851774,0.0],[103.556665,-0.851886,0.0],[103.55673,-0.85196,0.0],[103.556673,-0.852117,0.0],[103.556602,-0.852146,0.0],[103.556506,-0.852145,0.0],[103.556421,-0.852155,0.0],[103.55633,-0.852174,0.0],[103.556326,-0.852255,0.0],[103.55639,-0.852387,0.0],[103.556275,-0.852403,0.0],[103.556135,-0.852374,0.0],[103.556061,-0.852432,0.0],[103.555931,-0.852569,0.0],[103.555825,-0.852654,0.0],[103.555658,-0.852721,0.0],[103.555579,-0.852735,0.0],[103.555408,-0.852753,0.0],[103.555301,-0.852796,0.0],[103.555172,-0.852778,0.0],[103.555097,-0.852778,0.0],[103.555047,-0.852789,0.0],[103.554858,-0.852789,0.0],[103.554758,-0.852814,0.0],[103.554615,-0.852782,0.0],[103.554329,-0.85817,0.0],[103.5545,-0.858233,0.0],[103.554626,-0.858352,0.0],[103.554677,-0.858512,0.0],[103.554917,-0.858638,0.0],[103.555105,-0.858809,0.0],[103.555482,-0.858969,0.0],[103.555939,-0.859272,0.0],[103.556459,-0.85954,0.0],[103.557155,-0.859923,0.0],[103.557321,-0.860026,0.0],[103.557584,-0.860203,0.0],[103.557664,-0.860334,0.0],[103.557772,-0.860477,0.0],[103.558006,-0.860597,0.0],[103.558229,-0.860545,0.0],[103.558412,-0.86054,0.0],[103.558686,-0.860654,0.0],[103.55876,-0.860728,0.0],[103.558766,-0.860854,0.0],[103.558851,-0.860928,0.0],[103.558983,-0.860939,0.0],[103.559154,-0.860911,0.0],[103.559303,-0.860957,0.0],[103.559537,-0.861082,0.0],[103.559925,-0.861231,0.0],[103.560091,-0.861151,0.0],[103.560159,-0.861122,0.0],[103.560342,-0.861196,0.0],[103.560428,-0.861356,0.0],[103.560565,-0.861448,0.0],[103.560799,-0.861465,0.0],[103.56089,-0.861499,0.0],[103.560839,-0.861596,0.0],[103.560787,-0.861653,0.0],[103.560702,-0.861728,0.0],[103.560765,-0.861825,0.0],[103.560947,-0.86183,0.0],[103.561119,-0.861876,0.0],[103.561279,-0.861967,0.0],[103.561364,-0.862076,0.0],[103.561404,-0.86215,0.0],[103.561513,-0.862241,0.0],[103.56161,-0.862281,0.0],[103.561764,-0.862379,0.0],[103.562078,-0.862487,0.0],[103.562306,-0.862487,0.0],[103.562386,-0.862544,0.0],[103.562466,-0.862664,0.0],[103.562632,-0.862744,0.0],[103.562798,-0.862778,0.0],[103.563032,-0.86287,0.0],[103.563106,-0.862915,0.0],[103.563135,-0.863024,0.0],[103.563249,-0.863115,0.0],[103.563312,-0.863121,0.0],[103.563323,-0.863235,0.0],[103.563312,-0.863366,0.0],[103.563334,-0.863435,0.0],[103.563491,-0.863401,0.0],[103.563694,-0.863572,0.0],[103.563826,-0.863652,0.0],[103.564003,-0.863566,0.0],[103.56422,-0.863595,0.0],[103.564345,-0.863578,0.0],[103.564574,-0.863635,0.0],[103.564671,-0.863698,0.0],[103.564796,-0.863892,0.0],[103.564859,-0.863955,0.0],[103.564985,-0.864029,0.0],[103.565059,-0.864126,0.0],[103.565173,-0.864217,0.0],[103.56527,-0.86428,0.0],[103.565396,-0.864423,0.0],[103.56555,-0.864492,0.0],[103.565744,-0.864663,0.0],[103.56591,-0.864794,0.0],[103.566064,-0.864977,0.0],[103.56627,-0.865114,0.0],[103.566435,-0.865245,0.0],[103.566595,-0.865382,0.0],[103.566846,-0.865588,0.0],[103.567035,-0.865834,0.0],[103.567201,-0.865925,0.0],[103.567252,-0.865839,0.0],[103.567366,-0.865816,0.0],[103.567463,-0.865811,0.0],[103.567646,-0.865851,0.0],[103.567751,-0.865909,0.0],[103.567953,-0.866134,0.0],[103.568061,-0.86624,0.0],[103.568167,-0.866417,0.0],[103.56822,-0.866638,0.0],[103.568232,-0.866722,0.0],[103.568377,-0.866936,0.0],[103.568445,-0.86705,0.0],[103.568491,-0.867187,0.0],[103.568514,-0.867364,0.0],[103.568451,-0.867393,0.0],[103.568333,-0.867371,0.0],[103.568274,-0.867433,0.0],[103.568263,-0.867535,0.0],[103.568314,-0.867644,0.0],[103.56844,-0.867712,0.0],[103.568571,-0.867769,0.0],[103.568611,-0.867844,0.0],[103.568651,-0.867935,0.0],[103.568668,-0.868129,0.0],[103.568706,-0.868224,0.0],[103.568674,-0.868284,0.0],[103.568817,-0.868329,0.0],[103.568851,-0.868438,0.0],[103.568834,-0.868552,0.0],[103.568765,-0.86866,0.0],[103.568742,-0.868706,0.0],[103.568611,-0.868837,0.0],[103.568611,-0.868877,0.0],[103.568628,-0.868929,0.0],[103.56868,-0.868974,0.0],[103.568777,-0.869003,0.0],[103.56884,-0.868952,0.0],[103.568971,-0.868803,0.0],[103.569082,-0.868722,0.0],[103.569134,-0.868587,0.0],[103.569183,-0.868401,0.0],[103.56926,-0.868315,0.0],[103.569395,-0.868275,0.0],[103.56948,-0.868294,0.0],[103.569539,-0.868355,0.0],[103.569422,-0.868512,0.0],[103.569416,-0.868563,0.0],[103.569456,-0.868677,0.0],[103.569593,-0.868866,0.0],[103.569678,-0.868958,0.0],[103.569765,-0.86906,0.0],[103.56985,-0.869186,0.0],[103.56989,-0.869294,0.0],[103.570039,-0.86926,0.0],[103.570142,-0.869306,0.0],[103.570153,-0.869374,0.0],[103.570115,-0.869467,0.0],[103.570188,-0.869544,0.0],[103.570159,-0.869671,0.0],[103.570164,-0.869757,0.0],[103.570284,-0.869665,0.0],[103.570562,-0.869553,0.0],[103.570667,-0.869648,0.0],[103.570758,-0.869768,0.0],[103.570821,-0.869917,0.0],[103.570873,-0.869991,0.0],[103.570873,-0.870077,0.0],[103.57109,-0.870236,0.0],[103.571112,-0.870299,0.0],[103.571118,-0.870431,0.0],[103.571255,-0.870465,0.0],[103.571329,-0.870476,0.0],[103.571632,-0.870979,0.0],[103.571838,-0.87139,0.0],[103.571998,-0.871658,0.0],[103.572055,-0.87183,0.0],[103.572038,-0.87199,0.0],[103.572038,-0.872144,0.0],[103.5721,-0.872304,0.0],[103.572129,-0.872361,0.0],[103.572243,-0.872561,0.0],[103.572266,-0.872675,0.0],[103.572294,-0.872789,0.0],[103.572294,-0.872869,0.0],[103.572306,-0.872983,0.0],[103.572437,-0.873006,0.0],[103.572529,-0.873138,0.0],[103.572574,-0.87324,0.0],[103.572631,-0.873309,0.0],[103.572557,-0.873452,0.0],[103.5725,-0.873537,0.0],[103.572529,-0.873697,0.0],[103.572529,-0.873937,0.0],[103.572489,-0.87408,0.0],[103.572454,-0.874337,0.0],[103.572352,-0.874371,0.0],[103.5723,-0.874411,0.0],[103.572266,-0.874474,0.0],[103.572255,-0.874565,0.0],[103.572232,-0.874645,0.0],[103.572368,-0.874871,0.0],[103.572798,-0.875388,0.0],[103.573266,-0.875947,0.0],[103.573982,-0.875425,0.0],[103.574534,-0.875177,0.0],[103.57482,-0.87493,0.0],[103.57522,-0.874644,0.0],[103.575734,-0.874454,0.0],[103.576247,-0.874206,0.0],[103.576952,-0.874073,0.0],[103.577847,-0.874211,0.0],[103.578007,-0.874386,0.0],[103.578075,-0.874485,0.0],[103.578068,-0.874638,0.0],[103.577999,-0.874874,0.0],[103.578098,-0.874919,0.0],[103.578288,-0.874714,0.0],[103.578403,-0.874485,0.0],[103.578639,-0.874341,0.0],[103.57905,-0.874287,0.0],[103.579035,-0.874463,0.0],[103.57905,-0.874592,0.0],[103.579172,-0.874622,0.0],[103.579309,-0.874607,0.0],[103.579423,-0.874676,0.0],[103.579461,-0.874729,0.0],[103.579453,-0.874858,0.0],[103.579476,-0.874965,0.0],[103.579674,-0.875041,0.0],[103.579788,-0.875079,0.0],[103.579933,-0.875079,0.0],[103.580099,-0.875157,0.0],[103.580194,-0.875337,0.0],[103.580348,-0.875612,0.0],[103.58046,-0.875873,0.0],[103.580582,-0.876152,0.0],[103.580691,-0.876455,0.0],[103.580775,-0.876712,0.0],[103.580897,-0.876942,0.0],[103.581076,-0.877132,0.0],[103.581237,-0.877221,0.0],[103.581419,-0.877231,0.0],[103.58156,-0.877196,0.0],[103.581654,-0.877122,0.0],[103.581724,-0.876995,0.0],[103.581868,-0.876653,0.0],[103.581945,-0.876505,0.0],[103.582064,-0.876346,0.0],[103.582354,-0.876282,0.0],[103.582667,-0.876168,0.0],[103.583063,-0.875864,0.0],[103.583649,-0.875582,0.0],[103.583771,-0.875422,0.0],[103.583847,-0.875155,0.0],[103.583961,-0.875011,0.0],[103.584013,-0.874791,0.0],[103.584087,-0.874735,0.0],[103.584301,-0.874614,0.0],[103.584624,-0.874493,0.0],[103.584867,-0.874295,0.0],[103.584911,-0.873962,0.0],[103.584949,-0.873864,0.0],[103.58504,-0.873681,0.0],[103.58517,-0.873557,0.0],[103.58524,-0.873519,0.0],[103.585415,-0.873526,0.0],[103.585598,-0.87345,0.0],[103.585986,-0.873366,0.0],[103.58623,-0.873305,0.0],[103.586386,-0.873191,0.0],[103.586628,-0.87312,0.0],[103.586817,-0.873078,0.0],[103.586993,-0.873053,0.0],[103.587241,-0.873029,0.0],[103.587536,-0.873011,0.0],[103.587788,-0.872987,0.0],[103.587991,-0.872963,0.0],[103.588065,-0.87316,0.0],[103.588141,-0.87345,0.0],[103.588166,-0.873522,0.0],[103.588126,-0.873608,0.0],[103.588149,-0.873682,0.0],[103.588206,-0.873676,0.0],[103.588331,-0.873762,0.0],[103.588463,-0.873819,0.0],[103.588583,-0.873756,0.0],[103.588668,-0.873745,0.0],[103.588851,-0.873848,0.0],[103.588931,-0.874008,0.0],[103.588965,-0.874156,0.0],[103.58908,-0.874373,0.0],[103.589365,-0.874499,0.0],[103.589559,-0.874693,0.0],[103.589936,-0.874887,0.0],[103.590142,-0.875116,0.0],[103.590256,-0.875333,0.0],[103.590542,-0.875538,0.0],[103.590747,-0.875824,0.0],[103.590964,-0.875858,0.0],[103.591181,-0.876223,0.0],[103.591375,-0.876509,0.0],[103.591524,-0.876715,0.0],[103.591704,-0.877309,0.0],[103.591952,-0.877728,0.0],[103.592142,-0.877937,0.0],[103.592333,-0.87809,0.0],[103.592618,-0.87828,0.0],[103.592847,-0.878566,0.0],[103.592942,-0.878794,0.0],[103.593113,-0.879003,0.0],[103.593502,-0.879421,0.0],[103.593913,-0.879718,0.0],[103.594427,-0.880175,0.0],[103.594998,-0.88054,0.0],[103.595261,-0.880929,0.0],[103.59549,-0.881111,0.0],[103.595501,-0.881374,0.0],[103.595844,-0.881648,0.0],[103.596552,-0.882345,0.0],[103.596974,-0.882745,0.0],[103.597134,-0.882665,0.0],[103.597328,-0.882847,0.0],[103.597477,-0.883019,0.0],[103.597317,-0.883304,0.0],[103.597408,-0.883327,0.0],[103.597591,-0.883327,0.0],[103.597808,-0.883555,0.0],[103.598014,-0.883921,0.0],[103.598379,-0.884309,0.0],[103.598619,-0.884675,0.0],[103.59887,-0.885143,0.0],[103.599179,-0.885634,0.0],[103.59951,-0.88616,0.0],[103.599875,-0.886514,0.0],[103.600184,-0.886799,0.0],[103.600401,-0.886811,0.0],[103.600629,-0.886982,0.0],[103.600664,-0.887119,0.0],[103.600846,-0.88737,0.0],[103.600869,-0.88753,0.0],[103.601018,-0.887736,0.0],[103.601419,-0.887939,0.0],[103.601552,-0.888025,0.0],[103.601676,-0.888273,0.0],[103.6018,-0.88832,0.0],[103.601933,-0.888244,0.0],[103.602009,-0.888415,0.0],[103.602124,-0.888663,0.0],[103.602276,-0.888806,0.0],[103.602381,-0.888929,0.0],[103.602552,-0.889196,0.0],[103.602761,-0.889472,0.0],[103.603037,-0.889691,0.0],[103.603466,-0.889891,0.0],[103.603913,-0.890148,0.0],[103.60398,-0.890214,0.0],[103.60417,-0.890566,0.0],[103.604227,-0.890633,0.0],[103.604465,-0.890633,0.0],[103.604646,-0.890652,0.0],[103.604779,-0.890728,0.0],[103.604941,-0.8907,0.0],[103.605038,-0.890593,0.0],[103.605227,-0.890651,0.0],[103.605217,-0.890852,0.0],[103.605217,-0.890976,0.0],[103.60535,-0.891156,0.0],[103.605493,-0.891204,0.0],[103.605674,-0.891423,0.0],[103.605759,-0.891594,0.0],[103.605864,-0.891775,0.0],[103.605864,-0.891918,0.0],[103.605807,-0.892013,0.0],[103.605759,-0.892108,0.0],[103.605797,-0.89227,0.0],[103.606007,-0.892289,0.0],[103.606188,-0.892403,0.0],[103.606359,-0.892556,0.0],[103.606435,-0.892641,0.0],[103.606702,-0.892832,0.0],[103.607025,-0.892832,0.0],[103.607223,-0.892883,0.0],[103.607304,-0.892995,0.0],[103.607358,-0.893384,0.0],[103.607473,-0.893603,0.0],[103.60773,-0.893831,0.0],[103.608053,-0.894069,0.0],[103.608358,-0.89424,0.0],[103.608605,-0.894383,0.0],[103.6089,-0.894402,0.0],[103.609091,-0.894592,0.0],[103.609167,-0.894906,0.0],[103.609167,-0.895097,0.0],[103.609129,-0.895316,0.0],[103.609043,-0.89542,0.0],[103.609176,-0.89563,0.0],[103.609281,-0.895801,0.0],[103.609329,-0.896011,0.0],[103.609443,-0.89622,0.0],[103.609586,-0.896363,0.0],[103.609928,-0.896524,0.0],[103.610195,-0.896696,0.0],[103.610421,-0.896682,0.0],[103.610726,-0.896675,0.0],[103.610966,-0.896644,0.0],[103.611285,-0.896702,0.0],[103.611362,-0.896709,0.0],[103.611449,-0.896736,0.0],[103.611499,-0.896778,0.0],[103.611605,-0.896812,0.0],[103.611704,-0.896926,0.0],[103.61175,-0.897063,0.0],[103.611856,-0.897162,0.0],[103.611876,-0.897238,0.0],[103.612005,-0.897448,0.0],[103.612134,-0.897448,0.0],[103.612203,-0.897524,0.0],[103.612199,-0.897672,0.0],[103.612249,-0.897794,0.0],[103.612291,-0.89792,0.0],[103.612348,-0.898,0.0],[103.612393,-0.898023,0.0],[103.612447,-0.898125,0.0],[103.612584,-0.898297,0.0],[103.612732,-0.898415,0.0],[103.612957,-0.89838,0.0],[103.613044,-0.898415,0.0],[103.613155,-0.898407,0.0],[103.613185,-0.898434,0.0],[103.61317,-0.898521,0.0],[103.613178,-0.898586,0.0],[103.61333,-0.898597,0.0],[103.613444,-0.898525,0.0],[103.613517,-0.898563,0.0],[103.613478,-0.898651,0.0],[103.613497,-0.898742,0.0],[103.613501,-0.898803,0.0],[103.613459,-0.898872,0.0],[103.613395,-0.899001,0.0],[103.613395,-0.899085,0.0],[103.61333,-0.899142,0.0],[103.613223,-0.899172,0.0],[103.613197,-0.899188,0.0],[103.613181,-0.899302,0.0],[103.613231,-0.899336,0.0],[103.613254,-0.899439,0.0],[103.613284,-0.899534,0.0],[103.613379,-0.899622,0.0],[103.613524,-0.899641,0.0],[103.613695,-0.89958,0.0],[103.613703,-0.899686,0.0],[103.613684,-0.899759,0.0],[103.613699,-0.899804,0.0],[103.613836,-0.899762,0.0],[103.614042,-0.899755,0.0],[103.614114,-0.899861,0.0],[103.614251,-0.899938,0.0],[103.614274,-0.900033,0.0],[103.614274,-0.900189,0.0],[103.614451,-0.900259,0.0],[103.614582,-0.900356,0.0],[103.614605,-0.900482,0.0],[103.614611,-0.900562,0.0],[103.614885,-0.900596,0.0],[103.615131,-0.900573,0.0],[103.615245,-0.900602,0.0],[103.615388,-0.900653,0.0],[103.615416,-0.90071,0.0],[103.615353,-0.900847,0.0],[103.615131,-0.900985,0.0],[103.614994,-0.900985,0.0],[103.614817,-0.900996,0.0],[103.614725,-0.901025,0.0],[103.614605,-0.901053,0.0],[103.614508,-0.901127,0.0],[103.614491,-0.90123,0.0],[103.61464,-0.901253,0.0],[103.614788,-0.901344,0.0],[103.614954,-0.901436,0.0],[103.615176,-0.901499,0.0],[103.615365,-0.90151,0.0],[103.615576,-0.901538,0.0],[103.615765,-0.90151,0.0],[103.615959,-0.901499,0.0],[103.616199,-0.90139,0.0],[103.616199,-0.901287,0.0],[103.616181,-0.90127,0.0],[103.616227,-0.90119,0.0],[103.616296,-0.901127,0.0],[103.616387,-0.901099,0.0],[103.616467,-0.901144,0.0],[103.616518,-0.901242,0.0],[103.616587,-0.901339,0.0],[103.616724,-0.901447,0.0],[103.616855,-0.901567,0.0],[103.616895,-0.90163,0.0],[103.61685,-0.901676,0.0],[103.61673,-0.901641,0.0],[103.616673,-0.901618,0.0],[103.616598,-0.901618,0.0],[103.616587,-0.901664,0.0],[103.616495,-0.901664,0.0],[103.616444,-0.901716,0.0],[103.616398,-0.901778,0.0],[103.616336,-0.901887,0.0],[103.616244,-0.901972,0.0],[103.616164,-0.902001,0.0],[103.616141,-0.902024,0.0],[103.61609,-0.902115,0.0],[103.616084,-0.902212,0.0],[103.616113,-0.902332,0.0],[103.61617,-0.902361,0.0],[103.616336,-0.902389,0.0],[103.616421,-0.902395,0.0],[103.616615,-0.902395,0.0],[103.616781,-0.902452,0.0],[103.616981,-0.902572,0.0],[103.617049,-0.902641,0.0],[103.617089,-0.902749,0.0],[103.617112,-0.902795,0.0],[103.617198,-0.902818,0.0],[103.617249,-0.902801,0.0],[103.617375,-0.902783,0.0],[103.617398,-0.902761,0.0],[103.617518,-0.902698,0.0],[103.617663,-0.902638,0.0],[103.617729,-0.902732,0.0],[103.617832,-0.902669,0.0],[103.617906,-0.902663,0.0],[103.618026,-0.902692,0.0],[103.618159,-0.90282,0.0],[103.618205,-0.902839,0.0],[103.618403,-0.902892,0.0],[103.618572,-0.902929,0.0],[103.6185,-0.903069,0.0],[103.618449,-0.903155,0.0],[103.618517,-0.903195,0.0],[103.618597,-0.9032,0.0],[103.618626,-0.903286,0.0],[103.618586,-0.903377,0.0],[103.618414,-0.903446,0.0],[103.618254,-0.903503,0.0],[103.61826,-0.90356,0.0],[103.618346,-0.903646,0.0],[103.618431,-0.903691,0.0],[103.618597,-0.90384,0.0],[103.618706,-0.90388,0.0],[103.618825,-0.904085,0.0],[103.618928,-0.904125,0.0],[103.618997,-0.904074,0.0],[103.619145,-0.904114,0.0],[103.619197,-0.904171,0.0],[103.619322,-0.90424,0.0],[103.619471,-0.904337,0.0],[103.619579,-0.904428,0.0],[103.619733,-0.904462,0.0],[103.619842,-0.904519,0.0],[103.620002,-0.904588,0.0],[103.620093,-0.904634,0.0],[103.620196,-0.904662,0.0],[103.620253,-0.904685,0.0],[103.620367,-0.904719,0.0],[103.620407,-0.904725,0.0],[103.620579,-0.904702,0.0],[103.620704,-0.904731,0.0],[103.620779,-0.904782,0.0],[103.620858,-0.904822,0.0],[103.620933,-0.904896,0.0],[103.620984,-0.905068,0.0],[103.621018,-0.905136,0.0],[103.621041,-0.905308,0.0],[103.621075,-0.90537,0.0],[103.62115,-0.905473,0.0],[103.621344,-0.905662,0.0],[103.621481,-0.905759,0.0],[103.621635,-0.90585,0.0],[103.621932,-0.905999,0.0],[103.622275,-0.906147,0.0],[103.62236,-0.906181,0.0],[103.62248,-0.90625,0.0],[103.622629,-0.906455,0.0],[103.622703,-0.906655,0.0],[103.622834,-0.906747,0.0],[103.62288,-0.906769,0.0],[103.622926,-0.906735,0.0],[103.622931,-0.906661,0.0],[103.622806,-0.906513,0.0],[103.622783,-0.906295,0.0],[103.622817,-0.906227,0.0],[103.622926,-0.90621,0.0],[103.623086,-0.906438,0.0],[103.623183,-0.906427,0.0],[103.623137,-0.90633,0.0],[103.623126,-0.906227,0.0],[103.623166,-0.906216,0.0],[103.623251,-0.906244,0.0],[103.623343,-0.906307,0.0],[103.623365,-0.906335,0.0],[103.623423,-0.906467,0.0],[103.623468,-0.906558,0.0],[103.623503,-0.906644,0.0],[103.623525,-0.906724,0.0],[103.623582,-0.906855,0.0],[103.623622,-0.906918,0.0],[103.62372,-0.907141,0.0],[103.623737,-0.907221,0.0],[103.623868,-0.907386,0.0],[103.623942,-0.90746,0.0],[103.624062,-0.907558,0.0],[103.624136,-0.907609,0.0],[103.624176,-0.907655,0.0],[103.624256,-0.907763,0.0],[103.624296,-0.907923,0.0],[103.624359,-0.9081,0.0],[103.624456,-0.908277,0.0],[103.624525,-0.90842,0.0],[103.624713,-0.90866,0.0],[103.624822,-0.908808,0.0],[103.624862,-0.908871,0.0],[103.625004,-0.908985,0.0],[103.625176,-0.909139,0.0],[103.625387,-0.909294,0.0],[103.625547,-0.909448,0.0],[103.625655,-0.909602,0.0],[103.625781,-0.909876,0.0],[103.625751,-0.910078,0.0],[103.625636,-0.910202,0.0],[103.625589,-0.910392,0.0],[103.625884,-0.910706,0.0],[103.626131,-0.910782,0.0],[103.626483,-0.91144,0.0],[103.626711,-0.911783,0.0],[103.626921,-0.912049,0.0],[103.627073,-0.912392,0.0],[103.627597,-0.914212,0.0],[103.628177,-0.914429,0.0],[103.628729,-0.914391,0.0],[103.629243,-0.914258,0.0],[103.62989,-0.914143,0.0],[103.630258,-0.914107,0.0],[103.630694,-0.914209,0.0],[103.631147,-0.914447,0.0],[103.63188,-0.914561,0.0],[103.632166,-0.914665,0.0],[103.632927,-0.914837,0.0],[103.633279,-0.914932,0.0],[103.633698,-0.915075,0.0],[103.634022,-0.915208,0.0],[103.634421,-0.915475,0.0],[103.634688,-0.915646,0.0],[103.635154,-0.915836,0.0],[103.635373,-0.91595,0.0],[103.635592,-0.91615,0.0],[103.635811,-0.916474,0.0],[103.636068,-0.916721,0.0],[103.636249,-0.916797,0.0],[103.636354,-0.916721,0.0],[103.636477,-0.916655,0.0],[103.636696,-0.916769,0.0],[103.636858,-0.916912,0.0],[103.636991,-0.91714,0.0],[103.637058,-0.917302,0.0],[103.637239,-0.917502,0.0],[103.637429,-0.917692,0.0],[103.63801,-0.918244,0.0],[103.638352,-0.918444,0.0],[103.638704,-0.918777,0.0],[103.639171,-0.919063,0.0],[103.639628,-0.919415,0.0],[103.639809,-0.919405,0.0],[103.639942,-0.919472,0.0],[103.640208,-0.919596,0.0],[103.640313,-0.919786,0.0],[103.64037,-0.919929,0.0],[103.640634,-0.919978,0.0],[103.640783,-0.920065,0.0],[103.640897,-0.920158,0.0],[103.640998,-0.920271,0.0],[103.641126,-0.920438,0.0],[103.641112,-0.920662,0.0],[103.641284,-0.92089,0.0],[103.641688,-0.921331,0.0],[103.641777,-0.921424,0.0],[103.641893,-0.921507,0.0],[103.642001,-0.921563,0.0],[103.642264,-0.921674,0.0],[103.642445,-0.921861,0.0],[103.642531,-0.921909,0.0],[103.642797,-0.922384,0.0],[103.642987,-0.922518,0.0],[103.643121,-0.922622,0.0],[103.643235,-0.922651,0.0],[103.643349,-0.922689,0.0],[103.64353,-0.922708,0.0],[103.643701,-0.922632,0.0],[103.643844,-0.922603,0.0],[103.644092,-0.922603,0.0],[103.644263,-0.92266,0.0],[103.644729,-0.922775,0.0],[103.644853,-0.922775,0.0],[103.645101,-0.922731,0.0],[103.645284,-0.922788,0.0],[103.645783,-0.922899,0.0],[103.646422,-0.92301,0.0],[103.646833,-0.923077,0.0],[103.647333,-0.923299,0.0],[103.6477,-0.92355,0.0],[103.647794,-0.923784,0.0],[103.647956,-0.923936,0.0],[103.648243,-0.923979,0.0],[103.648567,-0.924135,0.0],[103.649022,-0.924416,0.0],[103.649565,-0.92466,0.0],[103.649947,-0.92486,0.0],[103.650344,-0.924978,0.0],[103.650682,-0.925023,0.0],[103.650961,-0.925075,0.0],[103.651233,-0.925164,0.0],[103.651497,-0.925311,0.0],[103.65221,-0.925611,0.0],[103.652734,-0.925868,0.0],[103.653381,-0.926011,0.0],[103.653733,-0.926154,0.0],[103.653981,-0.926258,0.0],[103.654228,-0.926391,0.0],[103.65478,-0.926572,0.0],[103.655047,-0.926706,0.0],[103.655211,-0.926879,0.0],[103.655665,-0.926972,0.0],[103.655894,-0.927058,0.0],[103.655979,-0.927153,0.0],[103.656132,-0.927267,0.0],[103.656312,-0.927457,0.0],[103.656588,-0.927572,0.0],[103.656874,-0.927676,0.0],[103.657236,-0.927772,0.0],[103.657455,-0.927895,0.0],[103.657864,-0.928038,0.0],[103.65853,-0.928381,0.0],[103.658673,-0.928571,0.0],[103.658892,-0.9286,0.0],[103.659054,-0.92878,0.0],[103.659187,-0.928885,0.0],[103.659244,-0.929047,0.0],[103.65933,-0.929037,0.0],[103.659453,-0.929171,0.0],[103.659729,-0.929237,0.0],[103.659977,-0.929342,0.0],[103.660205,-0.929409,0.0],[103.660358,-0.929561,0.0],[103.660348,-0.929913,0.0],[103.660567,-0.930227,0.0],[103.660643,-0.930475,0.0],[103.660926,-0.930648,0.0],[103.661177,-0.930808,0.0],[103.661377,-0.930951,0.0],[103.66152,-0.931122,0.0],[103.661765,-0.931299,0.0],[103.661999,-0.931425,0.0],[103.662428,-0.931773,0.0],[103.662525,-0.93183,0.0],[103.662679,-0.93195,0.0],[103.662828,-0.932087,0.0],[103.66297,-0.93223,0.0],[103.663119,-0.932413,0.0],[103.663302,-0.932544,0.0],[103.663587,-0.93295,0.0],[103.663794,-0.933174,0.0],[103.664023,-0.933336,0.0],[103.664612,-0.933711,0.0],[103.664859,-0.933939,0.0],[103.665107,-0.934196,0.0],[103.665354,-0.934444,0.0],[103.665501,-0.934745,0.0],[103.665622,-0.934868,0.0],[103.665926,-0.935154,0.0],[103.666107,-0.935354,0.0],[103.666364,-0.935611,0.0],[103.666589,-0.935781,0.0],[103.666982,-0.936071,0.0],[103.667049,-0.936309,0.0],[103.66721,-0.936537,0.0],[103.667439,-0.936775,0.0],[103.667696,-0.937032,0.0],[103.667924,-0.93707,0.0],[103.668343,-0.93709,0.0],[103.668609,-0.937147,0.0],[103.668724,-0.937213,0.0],[103.668762,-0.937318,0.0],[103.668771,-0.937489,0.0],[103.668924,-0.937537,0.0],[103.669156,-0.937535,0.0],[103.669335,-0.937822,0.0],[103.669614,-0.938266,0.0],[103.670238,-0.939057,0.0],[103.670576,-0.939471,0.0],[103.670761,-0.939916,0.0],[103.670832,-0.94004,0.0],[103.67098,-0.940206,0.0],[103.671033,-0.940295,0.0],[103.671087,-0.94045,0.0],[103.671128,-0.940539,0.0],[103.671206,-0.940747,0.0],[103.671217,-0.940813,0.0],[103.671247,-0.940878,0.0],[103.671342,-0.940979,0.0],[103.671366,-0.941021,0.0],[103.671366,-0.94108,0.0],[103.671348,-0.941217,0.0],[103.671313,-0.941318,0.0],[103.671295,-0.941395,0.0],[103.671301,-0.941473,0.0],[103.671319,-0.941544,0.0],[103.671307,-0.941645,0.0],[103.671277,-0.941741,0.0],[103.671277,-0.941788,0.0],[103.671247,-0.941973,0.0],[103.671223,-0.942038,0.0],[103.671217,-0.942216,0.0],[103.671206,-0.942312,0.0],[103.67117,-0.942318,0.0],[103.67111,-0.94224,0.0],[103.671081,-0.942222,0.0],[103.671036,-0.942233,0.0],[103.671005,-0.942309,0.0],[103.670973,-0.942457,0.0],[103.670985,-0.942502,0.0],[103.670991,-0.942579,0.0],[103.671009,-0.942674,0.0],[103.671051,-0.942829,0.0],[103.671015,-0.942883,0.0],[103.67095,-0.942883,0.0],[103.67089,-0.942895,0.0],[103.670861,-0.942954,0.0],[103.670884,-0.942984,0.0],[103.67095,-0.942996,0.0],[103.671021,-0.942996,0.0],[103.671164,-0.942984,0.0],[103.671253,-0.943043,0.0],[103.671283,-0.943121,0.0],[103.671325,-0.943168,0.0],[103.671426,-0.943186,0.0],[103.671592,-0.943186,0.0],[103.671676,-0.943216,0.0],[103.671836,-0.943222,0.0],[103.672026,-0.943251,0.0],[103.672116,-0.943299,0.0],[103.672169,-0.943376,0.0],[103.672199,-0.943442,0.0],[103.672235,-0.943549,0.0],[103.672294,-0.943602,0.0],[103.672425,-0.943602,0.0],[103.672508,-0.943644,0.0],[103.672514,-0.943698,0.0],[103.672467,-0.943775,0.0],[103.672383,-0.943834,0.0],[103.672342,-0.943906,0.0],[103.672342,-0.943989,0.0],[103.672383,-0.944049,0.0],[103.672449,-0.944037,0.0],[103.672544,-0.943995,0.0],[103.672604,-0.944013,0.0],[103.672621,-0.944072,0.0],[103.672609,-0.944162,0.0],[103.672586,-0.944251,0.0],[103.672592,-0.944334,0.0],[103.672556,-0.944441,0.0],[103.672413,-0.944465,0.0],[103.672366,-0.944519,0.0],[103.672348,-0.944691,0.0],[103.67233,-0.944804,0.0],[103.672282,-0.944905,0.0],[103.672288,-0.94503,0.0],[103.672401,-0.945155,0.0],[103.672425,-0.945226,0.0],[103.672354,-0.945292,0.0],[103.672282,-0.94531,0.0],[103.672214,-0.945406,0.0],[103.672214,-0.94556,0.0],[103.672208,-0.945692,0.0],[103.672197,-0.94584,0.0],[103.672272,-0.945924,0.0],[103.672372,-0.945857,0.0],[103.672366,-0.94578,0.0],[103.672348,-0.94572,0.0],[103.672342,-0.945643,0.0],[103.672366,-0.945554,0.0],[103.672425,-0.945441,0.0],[103.672485,-0.945381,0.0],[103.672544,-0.945387,0.0],[103.672604,-0.945423,0.0],[103.672651,-0.945381,0.0],[103.672651,-0.945298,0.0],[103.672728,-0.94525,0.0],[103.672794,-0.945262,0.0],[103.672889,-0.945304,0.0],[103.67299,-0.945393,0.0],[103.673068,-0.945512,0.0],[103.673127,-0.945679,0.0],[103.673192,-0.945815,0.0],[103.673192,-0.945976,0.0],[103.673163,-0.946089,0.0],[103.673204,-0.946226,0.0],[103.673311,-0.946279,0.0],[103.673502,-0.946363,0.0],[103.673603,-0.94644,0.0],[103.673621,-0.946517,0.0],[103.673597,-0.946636,0.0],[103.673603,-0.946725,0.0],[103.673692,-0.946815,0.0],[103.673769,-0.946833,0.0],[103.673811,-0.946892,0.0],[103.673793,-0.946957,0.0],[103.673769,-0.947005,0.0],[103.673758,-0.947094,0.0],[103.673787,-0.947249,0.0],[103.673799,-0.947416,0.0],[103.673865,-0.947523,0.0],[103.673894,-0.94763,0.0],[103.673888,-0.947903,0.0],[103.673912,-0.948016,0.0],[103.673966,-0.948117,0.0],[103.674001,-0.948225,0.0],[103.673972,-0.948439,0.0],[103.674019,-0.948516,0.0],[103.674031,-0.948629,0.0],[103.674019,-0.948736,0.0],[103.673972,-0.948813,0.0],[103.673851,-0.948943,0.0],[103.677029,-0.950879,0.0],[103.677113,-0.95085,0.0],[103.677166,-0.950856,0.0],[103.677273,-0.950891,0.0],[103.677356,-0.950897,0.0],[103.67744,-0.950933,0.0],[103.677642,-0.95101,0.0],[103.677725,-0.95101,0.0],[103.67782,-0.950927,0.0],[103.677856,-0.950856,0.0],[103.677838,-0.950814,0.0],[103.67766,-0.950707,0.0],[103.677563,-0.950622,0.0],[103.677517,-0.950552,0.0],[103.677511,-0.950499,0.0],[103.677553,-0.950421,0.0],[103.677678,-0.950392,0.0],[103.677892,-0.950392,0.0],[103.677969,-0.950386,0.0],[103.678047,-0.95035,0.0],[103.678118,-0.950279,0.0],[103.678171,-0.950207,0.0],[103.678177,-0.950154,0.0],[103.678171,-0.950076,0.0],[103.678142,-0.950053,0.0],[103.67813,-0.949993,0.0],[103.678165,-0.94994,0.0],[103.67832,-0.949833,0.0],[103.678463,-0.949714,0.0],[103.678665,-0.949488,0.0],[103.679046,-0.949167,0.0],[103.67932,-0.949013,0.0],[103.67967,-0.948728,0.0],[103.679975,-0.948547,0.0],[103.680289,-0.948347,0.0],[103.680746,-0.948185,0.0],[103.680927,-0.948033,0.0],[103.681431,-0.948414,0.0],[103.68184,-0.948262,0.0],[103.681956,-0.948213,0.0],[103.682694,-0.948326,0.0],[103.682989,-0.948431,0.0],[103.683579,-0.948554,0.0],[103.683979,-0.948573,0.0],[103.684331,-0.948526,0.0],[103.684512,-0.948497,0.0],[103.684674,-0.948421,0.0],[103.684845,-0.948335,0.0],[103.685369,-0.948288,0.0],[103.68555,-0.948212,0.0],[103.685787,-0.948164,0.0],[103.686197,-0.948335,0.0],[103.68652,-0.948411,0.0],[103.68684,-0.948615,0.0],[103.686921,-0.948735,0.0],[103.687089,-0.949011,0.0],[103.687313,-0.949317,0.0],[103.687529,-0.949506,0.0],[103.687766,-0.949751,0.0],[103.687849,-0.949865,0.0],[103.687935,-0.949996,0.0],[103.688009,-0.950137,0.0],[103.688089,-0.950302,0.0],[103.688194,-0.950488,0.0],[103.688307,-0.950633,0.0],[103.688479,-0.950755,0.0],[103.688582,-0.950811,0.0],[103.6888,-0.950805,0.0],[103.688966,-0.950843,0.0],[103.689104,-0.950934,0.0],[103.689147,-0.951039,0.0],[103.689202,-0.951042,0.0],[103.689433,-0.951086,0.0],[103.689747,-0.951238,0.0],[103.690013,-0.951381,0.0],[103.690222,-0.951341,0.0],[103.690351,-0.951421,0.0],[103.690381,-0.951391,0.0],[103.690406,-0.951264,0.0],[103.690604,-0.951143,0.0],[103.690775,-0.951172,0.0],[103.691013,-0.950972,0.0],[103.691278,-0.950991,0.0],[103.691278,-0.950831,0.0],[103.691222,-0.950772,0.0],[103.691421,-0.950613,0.0],[103.691523,-0.950652,0.0],[103.691544,-0.950514,0.0],[103.691603,-0.950467,0.0],[103.691782,-0.950652,0.0],[103.69182,-0.950561,0.0],[103.69182,-0.950447,0.0],[103.691888,-0.950306,0.0],[103.692095,-0.950151,0.0],[103.692193,-0.950173,0.0],[103.692292,-0.950119,0.0],[103.692286,-0.950009,0.0],[103.692407,-0.950012,0.0],[103.69246,-0.950135,0.0],[103.69258,-0.950016,0.0],[103.692839,-0.94994,0.0],[103.692915,-0.949879,0.0],[103.693007,-0.950009,0.0],[103.693,-0.950104,0.0],[103.693169,-0.950059,0.0],[103.693228,-0.950077,0.0],[103.69338,-0.949887,0.0],[103.693593,-0.949894,0.0],[103.693631,-0.950009,0.0],[103.693753,-0.949925,0.0],[103.693844,-0.949818,0.0],[103.693936,-0.949887,0.0],[103.694035,-0.949993,0.0],[103.694074,-0.950081,0.0],[103.694164,-0.949971,0.0],[103.694324,-0.949849,0.0],[103.694431,-0.949849,0.0],[103.694537,-0.949887,0.0],[103.694697,-0.949856,0.0],[103.694683,-0.949967,0.0],[103.69488,-0.949841,0.0],[103.695032,-0.949734,0.0],[103.695162,-0.949712,0.0],[103.695223,-0.949719,0.0],[103.695276,-0.949689,0.0],[103.695443,-0.949757,0.0],[103.695626,-0.949719,0.0],[103.695879,-0.949652,0.0],[103.695983,-0.949656,0.0],[103.69604,-0.949632,0.0],[103.696102,-0.949622,0.0],[103.696254,-0.94956,0.0],[103.696297,-0.949662,0.0],[103.696402,-0.949541,0.0],[103.696464,-0.949532,0.0],[103.696564,-0.949602,0.0],[103.696706,-0.949499,0.0],[103.696825,-0.949489,0.0],[103.696959,-0.949489,0.0],[103.69703,-0.94948,0.0],[103.697135,-0.94948,0.0],[103.697382,-0.949446,0.0],[103.697515,-0.949437,0.0],[103.697573,-0.949427,0.0],[103.697752,-0.949525,0.0],[103.697829,-0.949441,0.0],[103.697939,-0.949451,0.0],[103.69802,-0.949437,0.0],[103.698134,-0.949408,0.0],[103.698215,-0.949408,0.0],[103.698348,-0.949427,0.0],[103.69842,-0.949422,0.0],[103.698539,-0.949399,0.0],[103.698653,-0.949413,0.0],[103.698832,-0.949419,0.0],[103.69898,-0.949395,0.0],[103.699084,-0.949395,0.0],[103.699241,-0.949381,0.0],[103.699313,-0.949366,0.0],[103.699584,-0.949366,0.0],[103.699736,-0.949395,0.0],[103.69986,-0.94939,0.0],[103.699993,-0.949395,0.0],[103.700107,-0.949381,0.0],[103.700317,-0.949247,0.0],[103.700422,-0.949247,0.0],[103.700569,-0.949262,0.0],[103.70074,-0.949257,0.0],[103.700878,-0.949257,0.0],[103.701126,-0.94929,0.0],[103.701231,-0.949295,0.0],[103.701345,-0.949285,0.0],[103.701478,-0.949285,0.0],[103.701506,-0.949381,0.0],[103.70165,-0.949404,0.0],[103.701721,-0.949319,0.0],[103.701921,-0.949323,0.0],[103.702049,-0.949333,0.0],[103.702274,-0.949296,0.0],[103.702536,-0.949315,0.0],[103.702726,-0.949301,0.0],[103.702964,-0.94931,0.0],[103.703164,-0.949329,0.0],[103.70334,-0.949386,0.0],[103.703411,-0.949401,0.0],[103.703535,-0.94941,0.0],[103.703692,-0.949429,0.0],[103.703921,-0.949429,0.0],[103.704154,-0.949424,0.0],[103.704249,-0.949443,0.0],[103.704292,-0.949602,0.0],[103.704573,-0.949615,0.0],[103.704634,-0.949639,0.0],[103.704758,-0.949619,0.0],[103.70491,-0.949567,0.0],[103.705013,-0.94959,0.0],[103.705082,-0.94959,0.0],[103.705242,-0.949636,0.0],[103.70535,-0.949659,0.0],[103.70543,-0.949682,0.0],[103.705533,-0.949739,0.0],[103.705739,-0.949802,0.0],[103.705841,-0.949807,0.0],[103.705978,-0.949842,0.0],[103.706207,-0.949853,0.0],[103.706332,-0.949853,0.0],[103.706555,-0.949904,0.0],[103.706641,-0.949939,0.0],[103.706846,-0.949984,0.0],[103.706966,-0.950024,0.0],[103.707092,-0.950047,0.0],[103.707235,-0.950064,0.0],[103.707383,-0.950104,0.0],[103.707407,-0.950294,0.0],[103.707783,-0.950218,0.0],[103.707869,-0.950247,0.0],[103.707943,-0.950247,0.0],[103.708131,-0.950264,0.0],[103.708307,-0.950245,0.0],[103.708452,-0.95026,0.0],[103.708711,-0.950276,0.0],[103.708855,-0.950314,0.0],[103.709069,-0.950382,0.0],[103.709259,-0.950435,0.0],[103.709586,-0.950519,0.0],[103.70983,-0.950641,0.0],[103.709998,-0.950687,0.0],[103.710135,-0.95074,0.0],[103.710317,-0.950763,0.0],[103.710599,-0.950824,0.0],[103.711056,-0.951014,0.0],[103.7113,-0.951075,0.0],[103.711379,-0.95111,0.0],[103.713369,-0.951771,0.0],[103.713635,-0.952053,0.0],[103.713787,-0.952015,0.0],[103.714001,-0.952076,0.0],[103.714153,-0.952114,0.0],[103.714282,-0.952175,0.0],[103.714534,-0.952244,0.0],[103.714937,-0.952449,0.0],[103.715615,-0.952693,0.0],[103.716224,-0.952959,0.0],[103.716787,-0.953226,0.0],[103.718044,-0.953827,0.0],[103.718234,-0.953926,0.0],[103.718242,-0.954033,0.0],[103.718348,-0.954086,0.0],[103.718531,-0.954048,0.0],[103.719361,-0.954459,0.0],[103.72026,-0.954916,0.0],[103.721188,-0.955472,0.0],[103.72214,-0.956081,0.0],[103.7231,-0.956675,0.0],[103.723115,-0.956797,0.0],[103.723054,-0.956911,0.0],[103.723123,-0.957025,0.0],[103.72329,-0.956942,0.0],[103.72329,-0.95682,0.0],[103.723526,-0.957018,0.0],[103.724348,-0.957513,0.0],[103.724417,-0.957612,0.0],[103.724409,-0.957779,0.0],[103.724508,-0.957886,0.0],[103.724668,-0.957893,0.0],[103.724813,-0.957802,0.0],[103.724881,-0.957848,0.0],[103.724889,-0.957947,0.0],[103.725041,-0.958015,0.0],[103.725232,-0.958114,0.0],[103.725963,-0.958602,0.0],[103.726686,-0.958822,0.0],[103.726785,-0.958899,0.0],[103.726975,-0.958914,0.0],[103.727303,-0.959119,0.0],[103.727775,-0.959302,0.0],[103.728567,-0.959759,0.0],[103.729732,-0.960551,0.0],[103.730569,-0.961229,0.0],[103.731247,-0.961883,0.0],[103.731513,-0.962196,0.0],[103.731664,-0.962331,0.0],[103.731689,-0.962561,0.0],[103.731704,-0.962744,0.0],[103.731727,-0.962927,0.0],[103.731993,-0.962965,0.0],[103.732206,-0.962965,0.0],[103.73246,-0.962954,0.0],[103.733303,-0.963947,0.0],[103.733684,-0.964541,0.0],[103.734239,-0.965226,0.0],[103.734833,-0.965995,0.0],[103.734986,-0.966284,0.0],[103.735204,-0.966439,0.0],[103.735356,-0.966582,0.0],[103.735375,-0.966636,0.0],[103.735434,-0.966651,0.0],[103.735553,-0.966615,0.0],[103.735594,-0.966595,0.0],[103.735753,-0.966581,0.0],[103.735823,-0.966609,0.0],[103.736054,-0.966727,0.0],[103.736092,-0.966756,0.0],[103.736129,-0.966805,0.0],[103.736337,-0.966905,0.0],[103.736575,-0.967057,0.0],[103.736868,-0.967273,0.0],[103.736842,-0.967398,0.0],[103.736941,-0.967528,0.0],[103.73718,-0.967493,0.0],[103.737244,-0.967526,0.0],[103.737335,-0.967612,0.0],[103.737289,-0.967781,0.0],[103.737489,-0.968,0.0],[103.737803,-0.968285,0.0],[103.738117,-0.96859,0.0],[103.738412,-0.968913,0.0],[103.738669,-0.969265,0.0],[103.73884,-0.969513,0.0],[103.739015,-0.969619,0.0],[103.73908,-0.969731,0.0],[103.739194,-0.969853,0.0],[103.739505,-0.970192,0.0],[103.739659,-0.97034,0.0],[103.739815,-0.970473,0.0],[103.739966,-0.970574,0.0],[103.740121,-0.970684,0.0],[103.740266,-0.970761,0.0],[103.740352,-0.970855,0.0],[103.740405,-0.97097,0.0],[103.740444,-0.971098,0.0],[103.740465,-0.971215,0.0],[103.740316,-0.97155,0.0],[103.740201,-0.971664,0.0],[103.740125,-0.971902,0.0],[103.740116,-0.97214,0.0],[103.740277,-0.97233,0.0],[103.740525,-0.972482,0.0],[103.740715,-0.972663,0.0],[103.740944,-0.973082,0.0],[103.741039,-0.973396,0.0],[103.741229,-0.973777,0.0],[103.741401,-0.974129,0.0],[103.741658,-0.974472,0.0],[103.74181,-0.974795,0.0],[103.742095,-0.974909,0.0],[103.742133,-0.975002,0.0],[103.742095,-0.975183,0.0],[103.742009,-0.975397,0.0],[103.741942,-0.975511,0.0],[103.741947,-0.975626,0.0],[103.742099,-0.975516,0.0],[103.742204,-0.975416,0.0],[103.742271,-0.97534,0.0],[103.742385,-0.975354,0.0],[103.742471,-0.975464,0.0],[103.742523,-0.975569,0.0],[103.74257,-0.975688,0.0],[103.74267,-0.975721,0.0],[103.742747,-0.975692,0.0],[103.742647,-0.975564,0.0],[103.742642,-0.975454,0.0],[103.742694,-0.975345,0.0],[103.742751,-0.975274,0.0],[103.742842,-0.975221,0.0],[103.742942,-0.975212,0.0],[103.743032,-0.975178,0.0],[103.742913,-0.975045,0.0],[103.742918,-0.974964,0.0],[103.742975,-0.974931,0.0],[103.743222,-0.974936,0.0],[103.743299,-0.975017,0.0],[103.743403,-0.975145,0.0],[103.743518,-0.975231,0.0],[103.743622,-0.975245,0.0],[103.743779,-0.975245,0.0],[103.743932,-0.97524,0.0],[103.744027,-0.975269,0.0],[103.744165,-0.975388,0.0],[103.744241,-0.975483,0.0],[103.744547,-0.975774,0.0],[103.744676,-0.975964,0.0],[103.744859,-0.976116,0.0],[103.745011,-0.976314,0.0],[103.745186,-0.976489,0.0],[103.745285,-0.976649,0.0],[103.74527,-0.976801,0.0],[103.745308,-0.976908,0.0],[103.745354,-0.977083,0.0],[103.745354,-0.977251,0.0],[103.745399,-0.977395,0.0],[103.745468,-0.977487,0.0],[103.745704,-0.977578,0.0],[103.746146,-0.977966,0.0],[103.746443,-0.978263,0.0],[103.746564,-0.978423,0.0],[103.746709,-0.978652,0.0],[103.746907,-0.978911,0.0],[103.747158,-0.979185,0.0],[103.747387,-0.979406,0.0],[103.747508,-0.979568,0.0],[103.747679,-0.97992,0.0],[103.747884,-0.980209,0.0],[103.748021,-0.980491,0.0],[103.748234,-0.980833,0.0],[103.748346,-0.980913,0.0],[103.748388,-0.980963,0.0],[103.74846,-0.980992,0.0],[103.748531,-0.980992,0.0],[103.748638,-0.98087,0.0],[103.748695,-0.980863,0.0],[103.74876,-0.980963,0.0],[103.74881,-0.981113,0.0],[103.748867,-0.981163,0.0],[103.74896,-0.98122,0.0],[103.749067,-0.98127,0.0],[103.749159,-0.981349,0.0],[103.749202,-0.981413,0.0],[103.749181,-0.981456,0.0],[103.749095,-0.98147,0.0],[103.749031,-0.981506,0.0],[103.749067,-0.981556,0.0],[103.749124,-0.981598,0.0],[103.749374,-0.981713,0.0],[103.749409,-0.981791,0.0],[103.749409,-0.981927,0.0],[103.749345,-0.981998,0.0],[103.749293,-0.982097,0.0],[103.749335,-0.982223,0.0],[103.749431,-0.982305,0.0],[103.749573,-0.982384,0.0],[103.749652,-0.982476,0.0],[103.749716,-0.982612,0.0],[103.749745,-0.982655,0.0],[103.749852,-0.982676,0.0],[103.749923,-0.982669,0.0],[103.74998,-0.982626,0.0],[103.749995,-0.982533,0.0],[103.749973,-0.982491,0.0],[103.74993,-0.982326,0.0],[103.749966,-0.982248,0.0],[103.750073,-0.982234,0.0],[103.750137,-0.982248,0.0],[103.750173,-0.982326,0.0],[103.750209,-0.982455,0.0],[103.750259,-0.982519,0.0],[103.750316,-0.982533,0.0],[103.750373,-0.982512,0.0],[103.750494,-0.982526,0.0],[103.750523,-0.982555,0.0],[103.75058,-0.982583,0.0],[103.750666,-0.982526,0.0],[103.75083,-0.982376,0.0],[103.750901,-0.982362,0.0],[103.75093,-0.982412,0.0],[103.75088,-0.982491,0.0],[103.750773,-0.982598,0.0],[103.750716,-0.982733,0.0],[103.750651,-0.98284,0.0],[103.750644,-0.98294,0.0],[103.750694,-0.983026,0.0],[103.75078,-0.983026,0.0],[103.750808,-0.982955,0.0],[103.750851,-0.982912,0.0],[103.750908,-0.982905,0.0],[103.750973,-0.982883,0.0],[103.750987,-0.982798,0.0],[103.751015,-0.982676,0.0],[103.75108,-0.982626,0.0],[103.751165,-0.982591,0.0],[103.751287,-0.982598,0.0],[103.751337,-0.982669,0.0],[103.751429,-0.982755,0.0],[103.751487,-0.982848,0.0],[103.751565,-0.982933,0.0],[103.751601,-0.983019,0.0],[103.751622,-0.983097,0.0],[103.751615,-0.983155,0.0],[103.751522,-0.98329,0.0],[103.751487,-0.983354,0.0],[103.751422,-0.983447,0.0],[103.751344,-0.983511,0.0],[103.751287,-0.983569,0.0],[103.751237,-0.98364,0.0],[103.75108,-0.983811,0.0],[103.750973,-0.984011,0.0],[103.750908,-0.984047,0.0],[103.750851,-0.984047,0.0],[103.750837,-0.984168,0.0],[103.750801,-0.984232,0.0],[103.750751,-0.98429,0.0],[103.750666,-0.984368,0.0],[103.750601,-0.984418,0.0],[103.750551,-0.984497,0.0],[103.750559,-0.984575,0.0],[103.750451,-0.984775,0.0],[103.750387,-0.984846,0.0],[103.750302,-0.984925,0.0],[103.750266,-0.984989,0.0],[103.750173,-0.985184,0.0],[103.750102,-0.985279,0.0],[103.749995,-0.985398,0.0],[103.749947,-0.98547,0.0],[103.749685,-0.985839,0.0],[103.749531,-0.986005,0.0],[103.749495,-0.986076,0.0],[103.749424,-0.986148,0.0],[103.749364,-0.986231,0.0],[103.749233,-0.986398,0.0],[103.749186,-0.986481,0.0],[103.749138,-0.986588,0.0],[103.748971,-0.98679,0.0],[103.748864,-0.986897,0.0],[103.74873,-0.987118,0.0],[103.751372,-0.989616,0.0],[103.751548,-0.989531,0.0],[103.751605,-0.989531,0.0],[103.751739,-0.98956,0.0],[103.751853,-0.98956,0.0],[103.751957,-0.989484,0.0],[103.75211,-0.989417,0.0],[103.752272,-0.989408,0.0],[103.752452,-0.989351,0.0],[103.752624,-0.989255,0.0],[103.752757,-0.98916,0.0],[103.752947,-0.989075,0.0],[103.7531,-0.989056,0.0],[103.753204,-0.989084,0.0],[103.753404,-0.989103,0.0],[103.753556,-0.989036,0.0],[103.753728,-0.988979,0.0],[103.753918,-0.988894,0.0],[103.754099,-0.988884,0.0],[103.754261,-0.988884,0.0],[103.754461,-0.988894,0.0],[103.754622,-0.988932,0.0],[103.754832,-0.988932,0.0],[103.755013,-0.988894,0.0],[103.755098,-0.988884,0.0],[103.755403,-0.988875,0.0],[103.755527,-0.988932,0.0],[103.755617,-0.989,0.0],[103.755874,-0.989039,0.0],[103.756136,-0.989008,0.0],[103.756307,-0.989008,0.0],[103.756507,-0.989046,0.0],[103.756745,-0.989084,0.0],[103.756912,-0.989177,0.0],[103.757334,-0.989217,0.0],[103.757521,-0.98924,0.0],[103.757687,-0.989208,0.0],[103.757849,-0.989198,0.0],[103.757944,-0.989217,0.0],[103.758087,-0.989236,0.0],[103.758211,-0.989189,0.0],[103.758296,-0.989132,0.0],[103.758392,-0.989132,0.0],[103.758514,-0.989179,0.0],[103.758629,-0.989236,0.0],[103.758734,-0.989265,0.0],[103.758839,-0.989255,0.0],[103.758953,-0.989201,0.0],[103.759094,-0.989207,0.0],[103.759267,-0.989151,0.0],[103.759429,-0.989179,0.0],[103.759581,-0.989217,0.0],[103.759837,-0.989336,0.0],[103.760075,-0.989388,0.0],[103.761103,-0.98956,0.0],[103.761883,-0.989617,0.0],[103.762645,-0.989807,0.0],[103.763844,-0.990131,0.0],[103.764097,-0.990244,0.0],[103.764226,-0.990348,0.0],[103.764339,-0.990535,0.0],[103.764457,-0.990641,0.0],[103.76458,-0.990664,0.0],[103.764644,-0.990664,0.0],[103.764666,-0.990607,0.0],[103.764723,-0.990578,0.0],[103.764766,-0.990586,0.0],[103.764844,-0.990664,0.0],[103.76493,-0.990693,0.0],[103.765044,-0.9907,0.0],[103.765144,-0.9907,0.0],[103.765272,-0.990685,0.0],[103.765401,-0.990678,0.0],[103.765508,-0.990664,0.0],[103.765594,-0.990636,0.0],[103.765722,-0.99055,0.0],[103.765815,-0.990528,0.0],[103.765858,-0.990464,0.0],[103.765908,-0.990421,0.0],[103.765972,-0.990414,0.0],[103.766058,-0.990379,0.0],[103.766079,-0.990357,0.0],[103.766186,-0.990321,0.0],[103.766357,-0.990293,0.0],[103.766493,-0.990307,0.0],[103.766529,-0.990357,0.0],[103.766529,-0.990493,0.0],[103.766579,-0.990578,0.0],[103.766664,-0.990607,0.0],[103.766786,-0.990621,0.0],[103.767021,-0.9907,0.0],[103.76715,-0.990693,0.0],[103.767343,-0.990743,0.0],[103.767443,-0.990785,0.0],[103.767628,-0.99085,0.0],[103.767714,-0.990864,0.0],[103.767835,-0.990864,0.0],[103.767921,-0.990893,0.0],[103.767999,-0.990885,0.0],[103.768171,-0.99085,0.0],[103.76852,-0.99085,0.0],[103.768627,-0.990857,0.0],[103.768863,-0.990857,0.0],[103.768984,-0.990807,0.0],[103.769084,-0.9908,0.0],[103.769149,-0.990778,0.0],[103.769206,-0.990743,0.0],[103.769348,-0.990735,0.0],[103.769534,-0.990643,0.0],[103.769627,-0.990578,0.0],[103.769777,-0.990557,0.0],[103.769841,-0.990578,0.0],[103.769991,-0.990578,0.0],[103.770119,-0.990621,0.0],[103.770226,-0.990664,0.0],[103.770369,-0.9907,0.0],[103.770719,-0.990743,0.0],[103.771047,-0.990743,0.0],[103.771112,-0.99075,0.0],[103.771262,-0.990807,0.0],[103.771376,-0.990807,0.0],[103.771511,-0.990857,0.0],[103.771526,-0.990814,0.0],[103.771511,-0.99075,0.0],[103.77154,-0.990693,0.0],[103.771611,-0.990657,0.0],[103.771668,-0.990657,0.0],[103.771718,-0.990671,0.0],[103.771761,-0.990707,0.0],[103.771768,-0.990821,0.0],[103.771797,-0.990864,0.0],[103.771818,-0.990921,0.0],[103.771861,-0.990992,0.0],[103.77194,-0.991085,0.0],[103.772033,-0.991126,0.0],[103.772433,-0.991106,0.0],[103.772646,-0.991106,0.0],[103.773058,-0.991098,0.0],[103.773347,-0.991151,0.0],[103.773766,-0.991129,0.0],[103.774131,-0.991167,0.0],[103.774203,-0.991163,0.0],[103.774595,-0.991068,0.0],[103.774791,-0.990985,0.0],[103.774887,-0.990937,0.0],[103.775017,-0.990807,0.0],[103.775077,-0.990753,0.0],[103.775214,-0.990705,0.0],[103.775321,-0.990682,0.0],[103.775422,-0.990634,0.0],[103.775475,-0.990557,0.0],[103.775493,-0.990497,0.0],[103.775499,-0.990414,0.0],[103.775517,-0.990343,0.0],[103.775553,-0.990259,0.0],[103.775588,-0.990218,0.0],[103.775612,-0.990164,0.0],[103.775612,-0.990081,0.0],[103.775648,-0.990021,0.0],[103.775678,-0.98995,0.0],[103.775654,-0.989754,0.0],[103.775654,-0.989617,0.0],[103.77566,-0.989522,0.0],[103.775707,-0.989444,0.0],[103.775803,-0.989409,0.0],[103.775916,-0.989409,0.0],[103.776023,-0.989415,0.0],[103.776142,-0.989432,0.0],[103.776231,-0.989468,0.0],[103.77632,-0.989611,0.0],[103.776386,-0.989623,0.0],[103.776451,-0.989581,0.0],[103.776469,-0.98954,0.0],[103.776564,-0.989474,0.0],[103.776647,-0.989504,0.0],[103.776677,-0.989629,0.0],[103.776778,-0.989635,0.0],[103.776927,-0.989623,0.0],[103.777088,-0.989551,0.0],[103.777298,-0.989518,0.0],[103.777436,-0.989575,0.0],[103.777816,-0.98969,0.0],[103.778502,-0.98972,0.0],[103.778661,-0.989722,0.0],[103.7793,-0.989798,0.0],[103.779364,-0.989782,0.0],[103.779593,-0.989806,0.0],[103.779629,-0.989837,0.0],[103.779669,-0.989894,0.0],[103.7797,-0.989885,0.0],[103.779762,-0.989818,0.0],[103.779835,-0.989804,0.0],[103.779902,-0.989821,0.0],[103.779919,-0.989859,0.0],[103.779981,-0.989892,0.0],[103.780016,-0.989863,0.0],[103.779983,-0.98984,0.0],[103.779962,-0.989804,0.0],[103.779973,-0.989744,0.0],[103.780002,-0.989678,0.0],[103.780052,-0.989654,0.0],[103.780114,-0.989694,0.0],[103.78015,-0.98973,0.0],[103.780261,-0.989742,0.0],[103.780421,-0.989702,0.0],[103.780461,-0.989699,0.0],[103.780533,-0.98973,0.0],[103.780549,-0.989792,0.0],[103.780618,-0.989797,0.0],[103.780675,-0.989844,0.0],[103.780683,-0.98994,0.0],[103.780697,-0.989992,0.0],[103.780756,-0.990063,0.0],[103.780794,-0.990078,0.0],[103.780847,-0.990068,0.0],[103.780892,-0.990018,0.0],[103.780897,-0.989959,0.0],[103.780932,-0.989894,0.0],[103.780975,-0.989861,0.0],[103.78103,-0.989882,0.0],[103.781137,-0.989989,0.0],[103.781139,-0.990042,0.0],[103.781208,-0.990113,0.0],[103.78122,-0.990137,0.0],[103.781301,-0.990225,0.0],[103.781337,-0.990242,0.0],[103.781363,-0.990223,0.0],[103.781396,-0.990118,0.0],[103.78148,-0.990032,0.0],[103.781532,-0.989994,0.0],[103.781584,-0.989994,0.0],[103.781646,-0.990018,0.0],[103.781713,-0.989994,0.0],[103.781744,-0.989923,0.0],[103.781782,-0.989913,0.0],[103.781801,-0.989959,0.0],[103.781801,-0.990078,0.0],[103.781813,-0.990139,0.0],[103.78186,-0.990206,0.0],[103.78192,-0.990225,0.0],[103.781956,-0.990201,0.0],[103.78196,-0.990147,0.0],[103.78192,-0.990082,0.0],[103.781932,-0.990032,0.0],[103.781979,-0.990018,0.0],[103.782029,-0.990085,0.0],[103.782067,-0.990082,0.0],[103.782105,-0.990051,0.0],[103.78217,-0.990054,0.0],[103.782213,-0.990068,0.0],[103.782236,-0.990147,0.0],[103.782308,-0.990166,0.0],[103.782453,-0.990118,0.0],[103.782493,-0.990113,0.0],[103.782619,-0.990182,0.0],[103.782681,-0.990185,0.0],[103.782774,-0.99013,0.0],[103.78286,-0.990123,0.0],[103.782969,-0.990142,0.0],[103.783061,-0.990186,0.0],[103.783238,-0.990301,0.0],[103.783403,-0.990392,0.0],[103.78378,-0.9905,0.0],[103.78406,-0.990535,0.0],[103.784551,-0.990643,0.0],[103.784774,-0.990695,0.0],[103.785396,-0.990815,0.0],[103.785813,-0.99082,0.0],[103.786019,-0.990849,0.0],[103.786396,-0.990877,0.0],[103.786883,-0.990964,0.0],[103.787226,-0.990987,0.0],[103.787431,-0.991021,0.0],[103.787671,-0.991078,0.0],[103.788126,-0.991209,0.0],[103.788532,-0.991289,0.0],[103.789171,-0.991448,0.0],[103.789691,-0.991534,0.0],[103.790253,-0.991614,0.0],[103.790473,-0.991601,0.0],[103.790808,-0.991616,0.0],[103.794449,-0.991956,0.0],[103.794579,-0.992099,0.0],[103.795042,-0.992197,0.0],[103.795327,-0.992139,0.0],[103.795432,-0.992074,0.0],[103.798454,-0.992735,0.0],[103.798651,-0.992888,0.0],[103.798765,-0.992956,0.0],[103.798948,-0.993007,0.0],[103.799136,-0.992946,0.0],[103.800214,-0.993292,0.0],[103.800419,-0.993466,0.0],[103.800694,-0.993535,0.0],[103.801463,-0.993984,0.0],[103.802163,-0.994319,0.0],[103.802772,-0.994654,0.0],[103.80361,-0.995179,0.0],[103.80428,-0.995804,0.0],[103.804729,-0.996382,0.0],[103.805011,-0.996832,0.0],[103.805151,-0.997064,0.0],[103.805189,-0.997159,0.0],[103.805303,-0.997349,0.0],[103.80537,-0.997549,0.0],[103.805408,-0.997711,0.0],[103.805456,-0.997806,0.0],[103.805475,-0.997882,0.0],[103.805494,-0.99813,0.0],[103.805541,-0.998272,0.0],[103.805589,-0.998377,0.0],[103.805693,-0.998548,0.0],[103.805732,-0.998634,0.0],[103.805808,-0.998777,0.0],[103.805836,-0.998891,0.0],[103.805912,-0.999024,0.0],[103.805941,-0.999091,0.0],[103.805979,-0.999129,0.0],[103.806017,-0.999186,0.0],[103.806027,-0.999262,0.0],[103.806027,-0.999357,0.0],[103.806008,-0.999462,0.0],[103.806017,-0.999586,0.0],[103.806074,-0.999681,0.0],[103.80615,-0.999843,0.0],[103.806322,-1.000147,0.0],[103.80636,-1.000262,0.0],[103.806388,-1.000414,0.0],[103.806388,-1.000756,0.0],[103.806379,-1.000937,0.0],[103.806398,-1.00108,0.0],[103.806502,-1.001461,0.0],[103.80655,-1.001604,0.0],[103.806579,-1.001708,0.0],[103.806607,-1.001918,0.0],[103.806607,-1.002413,0.0],[103.806617,-1.002508,0.0],[103.806683,-1.002584,0.0],[103.806893,-1.002727,0.0],[103.80694,-1.002812,0.0],[103.80694,-1.002927,0.0],[103.806902,-1.003079,0.0],[103.806845,-1.00325,0.0],[103.806864,-1.003355,0.0],[103.806855,-1.003593,0.0],[103.806893,-1.003755,0.0],[103.806893,-1.003878,0.0],[103.806874,-1.004031,0.0],[103.806883,-1.004145,0.0],[103.80694,-1.00424,0.0],[103.806988,-1.00443,0.0],[103.807026,-1.004611,0.0],[103.807083,-1.004725,0.0],[103.807264,-1.00504,0.0],[103.80735,-1.005201,0.0],[103.807435,-1.005382,0.0],[103.80754,-1.005706,0.0],[103.807549,-1.005849,0.0],[103.807635,-1.006144,0.0],[103.807673,-1.006401,0.0],[103.807692,-1.006629,0.0],[103.807768,-1.00681,0.0],[103.807825,-1.006924,0.0],[103.807845,-1.007029,0.0],[103.807892,-1.007181,0.0],[103.807968,-1.007276,0.0],[103.808025,-1.007428,0.0],[103.808063,-1.007628,0.0],[103.808092,-1.007828,0.0],[103.808101,-1.00799,0.0],[103.80813,-1.008238,0.0],[103.808206,-1.008428,0.0],[103.808263,-1.008618,0.0],[103.808311,-1.008961,0.0],[103.808378,-1.00938,0.0],[103.808387,-1.009551,0.0],[103.808435,-1.009884,0.0],[103.808435,-1.010027,0.0],[103.808454,-1.010132,0.0],[103.808463,-1.010274,0.0],[103.808425,-1.010312,0.0],[103.808387,-1.010293,0.0],[103.80833,-1.010246,0.0],[103.808292,-1.010189,0.0],[103.808263,-1.010103,0.0],[103.808159,-1.010236,0.0],[103.808235,-1.01036,0.0],[103.808292,-1.010503,0.0],[103.808311,-1.010588,0.0],[103.808339,-1.010655,0.0],[103.808397,-1.010845,0.0],[103.808397,-1.011102,0.0],[103.808387,-1.011188,0.0],[103.808358,-1.011283,0.0],[103.80832,-1.011378,0.0],[103.808242,-1.011611,0.0],[103.808185,-1.011839,0.0],[103.808185,-1.011968,0.0],[103.808213,-1.01211,0.0],[103.808256,-1.012196,0.0],[103.808299,-1.01231,0.0],[103.808299,-1.012496,0.0],[103.80827,-1.012624,0.0],[103.80817,-1.012895,0.0],[103.808142,-1.013067,0.0],[103.80817,-1.013224,0.0],[103.808213,-1.013281,0.0],[103.808242,-1.013395,0.0],[103.808242,-1.013481,0.0],[103.808199,-1.013609,0.0],[103.808199,-1.013766,0.0],[103.827692,-1.020029,0.0],[103.827787,-1.019744,0.0],[103.828001,-1.019363,0.0],[103.82812,-1.019173,0.0],[103.82831,-1.018816,0.0],[103.828382,-1.018626,0.0],[103.828501,-1.018459,0.0],[103.828762,-1.018007,0.0],[103.828905,-1.017793,0.0],[103.829452,-1.017245,0.0],[103.829643,-1.017079,0.0],[103.829714,-1.016889,0.0],[103.829833,-1.016674,0.0],[103.829952,-1.016508,0.0],[103.830143,-1.016222,0.0],[103.830333,-1.015913,0.0],[103.830547,-1.015675,0.0],[103.83069,-1.015413,0.0],[103.831054,-1.015023,0.0],[103.831378,-1.014757,0.0],[103.831587,-1.014547,0.0],[103.83174,-1.014338,0.0],[103.831911,-1.014033,0.0],[103.832025,-1.0139,0.0],[103.832139,-1.013729,0.0],[103.83233,-1.013462,0.0],[103.832501,-1.013272,0.0],[103.83271,-1.013062,0.0],[103.832901,-1.012853,0.0],[103.833015,-1.012701,0.0],[103.833129,-1.012567,0.0],[103.833377,-1.012111,0.0],[103.833643,-1.01173,0.0],[103.833757,-1.011559,0.0],[103.833967,-1.011368,0.0],[103.834157,-1.011178,0.0],[103.834271,-1.010987,0.0],[103.834747,-1.010745,0.0],[103.83489,-1.010602,0.0],[103.835128,-1.010388,0.0],[103.835782,-1.009935,0.0],[103.836308,-1.009687,0.0],[103.836725,-1.009584,0.0],[103.837526,-1.009515,0.0],[103.838849,-1.009277,0.0],[103.840191,-1.008982,0.0],[103.841352,-1.008725,0.0],[103.842179,-1.008411,0.0],[103.84435,-1.007878,0.0],[103.84634,-1.007326,0.0],[103.847996,-1.006707,0.0],[103.850461,-1.005936,0.0],[103.853526,-1.004909,0.0],[103.855439,-1.004071,0.0],[103.856771,-1.003481,0.0],[103.858208,-1.002577,0.0],[103.859255,-1.001787,0.0],[103.859866,-1.001196,0.0],[103.860712,-1.000863,0.0],[103.861521,-1.000521,0.0],[103.862333,-0.999926,0.0],[103.863593,-0.99964,0.0],[103.863683,-0.999592,0.0],[103.863702,-0.999563,0.0],[103.863769,-0.999534,0.0],[103.863845,-0.999515,0.0],[103.863902,-0.999458,0.0],[103.863988,-0.999411,0.0],[103.864064,-0.999392,0.0],[103.864359,-0.999258,0.0],[103.864578,-0.999182,0.0],[103.864683,-0.999105,0.0],[103.865499,-0.998741,0.0],[103.866498,-0.998484,0.0],[103.867365,-0.998198,0.0],[103.868021,-0.997999,0.0],[103.868659,-0.997789,0.0],[103.869154,-0.997799,0.0],[103.86947,-0.997802,0.0],[103.869557,-0.997808,0.0],[103.86966,-0.997842,0.0],[103.86982,-0.997888,0.0],[103.869871,-0.997928,0.0],[103.869962,-0.998013,0.0],[103.87002,-0.998082,0.0],[103.870117,-0.998093,0.0],[103.870214,-0.998116,0.0],[103.870299,-0.998093,0.0],[103.870362,-0.998093,0.0],[103.870442,-0.998076,0.0],[103.870613,-0.998031,0.0],[103.870762,-0.998019,0.0],[103.870876,-0.998048,0.0],[103.870979,-0.998173,0.0],[103.871065,-0.99831,0.0],[103.87111,-0.998487,0.0],[103.871127,-0.998602,0.0],[103.871167,-0.99867,0.0],[103.871179,-0.998761,0.0],[103.87123,-0.998933,0.0],[103.871281,-0.999057,0.0],[103.871292,-0.999117,0.0],[103.871298,-0.999212,0.0],[103.87139,-0.999649,0.0],[103.87139,-0.999735,0.0],[103.871447,-0.999825,0.0],[103.871459,-0.999997,0.0],[103.871471,-1.000051,0.0],[103.871505,-1.00011,0.0],[103.87153,-1.000182,0.0],[103.871548,-1.000277,0.0],[103.872048,-1.000146,0.0],[103.872029,-1.000081,0.0],[103.872065,-1.000027,0.0],[103.872092,-1.000024,0.0],[103.872133,-1.000054,0.0],[103.872156,-1.000054,0.0],[103.872161,-0.999997,0.0],[103.872142,-0.999959,0.0],[103.87209,-0.999944,0.0],[103.872,-0.999882,0.0],[103.871961,-0.99983,0.0],[103.871957,-0.999799,0.0],[103.871991,-0.999771,0.0],[103.871997,-0.99973,0.0],[103.871919,-0.999697,0.0],[103.871907,-0.999658,0.0],[103.871904,-0.999566,0.0],[103.871881,-0.999533,0.0],[103.871863,-0.999423,0.0],[103.871919,-0.999319,0.0],[103.871955,-0.999307,0.0],[103.871997,-0.999313,0.0],[103.8721,-0.999358,0.0],[103.872117,-0.999395,0.0],[103.872127,-0.999463,0.0],[103.872098,-0.999509,0.0],[103.872104,-0.999581,0.0],[103.872125,-0.999584,0.0],[103.872182,-0.999518,0.0],[103.872238,-0.999503,0.0],[103.872303,-0.999518,0.0],[103.872351,-0.999501,0.0],[103.872403,-0.999466,0.0],[103.872532,-0.999527,0.0],[103.872547,-0.99962,0.0],[103.872542,-0.999674,0.0],[103.87252,-0.999727,0.0],[103.87252,-0.999759,0.0],[103.872564,-0.999789,0.0],[103.872597,-0.999771,0.0],[103.872633,-0.999733,0.0],[103.872722,-0.999666,0.0],[103.872783,-0.999587,0.0],[103.872809,-0.999501,0.0],[103.872853,-0.999385,0.0],[103.872887,-0.999368,0.0],[103.872961,-0.999245,0.0],[103.872994,-0.999173,0.0],[103.873085,-0.99904,0.0],[103.873175,-0.998954,0.0],[103.87328,-0.998778,0.0],[103.873323,-0.998726,0.0],[103.873375,-0.99864,0.0],[103.873427,-0.998583,0.0],[103.873484,-0.998498,0.0],[103.873676,-0.998521,0.0],[103.873796,-0.99843,0.0],[103.873803,-0.998245,0.0],[103.873879,-0.998188,0.0],[103.873965,-0.998022,0.0],[103.874003,-0.997979,0.0],[103.87409,-0.997928,0.0],[103.874204,-0.997871,0.0],[103.874347,-0.997809,0.0],[103.874423,-0.997742,0.0],[103.874504,-0.997695,0.0],[103.874727,-0.997633,0.0],[103.874808,-0.997619,0.0],[103.874894,-0.997552,0.0],[103.874975,-0.997524,0.0],[103.875094,-0.997519,0.0],[103.875189,-0.99749,0.0],[103.87547,-0.997485,0.0],[103.875536,-0.997466,0.0],[103.875612,-0.997433,0.0],[103.875679,-0.997376,0.0],[103.875784,-0.997257,0.0],[103.87585,-0.9972,0.0],[103.875912,-0.997176,0.0],[103.876069,-0.997176,0.0],[103.876145,-0.997198,0.0],[103.876196,-0.997198,0.0],[103.876293,-0.997215,0.0],[103.876333,-0.997198,0.0],[103.87639,-0.997152,0.0],[103.87643,-0.997061,0.0],[103.876476,-0.996981,0.0],[103.876527,-0.996918,0.0],[103.876567,-0.996901,0.0],[103.876653,-0.996901,0.0],[103.876801,-0.996918,0.0],[103.876887,-0.996867,0.0],[103.876978,-0.996821,0.0],[103.877064,-0.996838,0.0],[103.877132,-0.99689,0.0],[103.87719,-0.996953,0.0],[103.877252,-0.99697,0.0],[103.877315,-0.996935,0.0],[103.877361,-0.996896,0.0],[103.877441,-0.996804,0.0],[103.877509,-0.996753,0.0],[103.877658,-0.996667,0.0],[103.87804,-0.996553,0.0],[103.878103,-0.99653,0.0],[103.878217,-0.99653,0.0],[103.878332,-0.99657,0.0],[103.878435,-0.996576,0.0],[103.878552,-0.996544,0.0],[103.878706,-0.99651,0.0],[103.87882,-0.996424,0.0],[103.878912,-0.996362,0.0],[103.879026,-0.99627,0.0],[103.879089,-0.996196,0.0],[103.879312,-0.996047,0.0],[103.879471,-0.996007,0.0],[103.87966,-0.99595,0.0],[103.879968,-0.995836,0.0],[103.880077,-0.995785,0.0],[103.8803,-0.995705,0.0],[103.880397,-0.995636,0.0],[103.880517,-0.995573,0.0],[103.880648,-0.995494,0.0],[103.880865,-0.995385,0.0],[103.880968,-0.995362,0.0],[103.881093,-0.995305,0.0],[103.881242,-0.995277,0.0],[103.881339,-0.995242,0.0],[103.881453,-0.995214,0.0],[103.881664,-0.995145,0.0],[103.881739,-0.995105,0.0],[103.882048,-0.995051,0.0],[103.883371,-0.994356,0.0],[103.883524,-0.994252,0.0],[103.883686,-0.994185,0.0],[103.883828,-0.994099,0.0],[103.883943,-0.994042,0.0],[103.884314,-0.993928,0.0],[103.884514,-0.993861,0.0],[103.884723,-0.993804,0.0],[103.885037,-0.99369,0.0],[103.885532,-0.993424,0.0],[103.885741,-0.993319,0.0],[103.886075,-0.993195,0.0],[103.886465,-0.992967,0.0],[103.886627,-0.992824,0.0],[103.88675,-0.992757,0.0],[103.886807,-0.992748,0.0],[103.886884,-0.992719,0.0],[103.88698,-0.992694,0.0],[103.887001,-0.992677,0.0],[103.887068,-0.992577,0.0],[103.887124,-0.992521,0.0],[103.887185,-0.992477,0.0],[103.887331,-0.992398,0.0],[103.887389,-0.992345,0.0],[103.887526,-0.992283,0.0],[103.887606,-0.992232,0.0],[103.887774,-0.992147,0.0],[103.887897,-0.992039,0.0],[103.887944,-0.992015,0.0],[103.887999,-0.992015,0.0],[103.888041,-0.992033,0.0],[103.888105,-0.99203,0.0],[103.888143,-0.991973,0.0],[103.88816,-0.991909,0.0],[103.888188,-0.991853,0.0],[103.888237,-0.991813,0.0],[103.88832,-0.991782,0.0],[103.888371,-0.991774,0.0],[103.888464,-0.991745,0.0],[103.88853,-0.991739,0.0],[103.888605,-0.99176,0.0],[103.888696,-0.991744,0.0],[103.888765,-0.991698,0.0],[103.888874,-0.991603,0.0],[103.88896,-0.991553,0.0],[103.889024,-0.991507,0.0],[103.889066,-0.991458,0.0],[103.889094,-0.991372,0.0],[103.889136,-0.991324,0.0],[103.889201,-0.99128,0.0],[103.889242,-0.991277,0.0],[103.889301,-0.991294,0.0],[103.889357,-0.991258,0.0],[103.889376,-0.991175,0.0],[103.889469,-0.99112,0.0],[103.889554,-0.991088,0.0],[103.889604,-0.991057,0.0],[103.88963,-0.990999,0.0],[103.889595,-0.990938,0.0],[103.889561,-0.990911,0.0],[103.889588,-0.990833,0.0],[103.889632,-0.990803,0.0],[103.88969,-0.990796,0.0],[103.889717,-0.990805,0.0],[103.889775,-0.990895,0.0],[103.889818,-0.990913,0.0],[103.889856,-0.990895,0.0],[103.889921,-0.990774,0.0],[103.889998,-0.990716,0.0],[103.890041,-0.990667,0.0],[103.890094,-0.990644,0.0],[103.890147,-0.990637,0.0],[103.890189,-0.990615,0.0],[103.890208,-0.990589,0.0],[103.890219,-0.990533,0.0],[103.890248,-0.990464,0.0],[103.890281,-0.990426,0.0],[103.890386,-0.990377,0.0],[103.890429,-0.990348,0.0],[103.890477,-0.990338,0.0],[103.89059,-0.990332,0.0],[103.890656,-0.990284,0.0],[103.890683,-0.990255,0.0],[103.890702,-0.990207,0.0],[103.890767,-0.990151,0.0],[103.890841,-0.990119,0.0],[103.890951,-0.990061,0.0],[103.891051,-0.989992,0.0],[103.891115,-0.989954,0.0],[103.891248,-0.989904,0.0],[103.891286,-0.989867,0.0],[103.891408,-0.98979,0.0],[103.891479,-0.989752,0.0],[103.891579,-0.989689,0.0],[103.891633,-0.989665,0.0],[103.891711,-0.989651,0.0],[103.891823,-0.989675,0.0],[103.891878,-0.989716,0.0],[103.891924,-0.989724,0.0],[103.892091,-0.989678,0.0],[103.892137,-0.989681,0.0],[103.892217,-0.989713,0.0],[103.89231,-0.989775,0.0],[103.892436,-0.989869,0.0],[103.892509,-0.989943,0.0],[103.892591,-0.990056,0.0],[103.892641,-0.990116,0.0],[103.892682,-0.990178,0.0],[103.892765,-0.990261,0.0],[103.892834,-0.990358,0.0],[103.892929,-0.990554,0.0],[103.892947,-0.990608,0.0],[103.892935,-0.990702,0.0],[103.892985,-0.990819,0.0],[103.893054,-0.990904,0.0],[103.893118,-0.991132,0.0],[103.893304,-0.991043,0.0],[103.893299,-0.99096,0.0],[103.89332,-0.990883,0.0],[103.893319,-0.990835,0.0],[103.893332,-0.990809,0.0],[103.893343,-0.990736,0.0],[103.893375,-0.990747,0.0],[103.893501,-0.990812,0.0],[103.893565,-0.990925,0.0],[103.893604,-0.99095,0.0],[103.8937,-0.990954,0.0],[103.89375,-0.990911,0.0],[103.893782,-0.99085,0.0],[103.8938,-0.990743,0.0],[103.893761,-0.990593,0.0],[103.893807,-0.990379,0.0],[103.893857,-0.990308,0.0],[103.893932,-0.990236,0.0],[103.893986,-0.990172,0.0],[103.894011,-0.990119,0.0],[103.894032,-0.98999,0.0],[103.894004,-0.989962,0.0],[103.894004,-0.989887,0.0],[103.894018,-0.98984,0.0],[103.894064,-0.989801,0.0],[103.894071,-0.989705,0.0],[103.894089,-0.98964,0.0],[103.894118,-0.989623,0.0],[103.894161,-0.989619,0.0],[103.894193,-0.989594,0.0],[103.8942,-0.989558,0.0],[103.894196,-0.989469,0.0],[103.894207,-0.989423,0.0],[103.894261,-0.989348,0.0],[103.894314,-0.989305,0.0],[103.894358,-0.989306,0.0],[103.894468,-0.989284,0.0],[103.894496,-0.989262,0.0],[103.8946,-0.989109,0.0],[103.894632,-0.989087,0.0],[103.894767,-0.989069,0.0],[103.894943,-0.988967,0.0],[103.895258,-0.988715,0.0],[103.895353,-0.988586,0.0],[103.895424,-0.988539,0.0],[103.89551,-0.988472,0.0],[103.89561,-0.98841,0.0],[103.895776,-0.988296,0.0],[103.895838,-0.988248,0.0],[103.895943,-0.988115,0.0],[103.896048,-0.988034,0.0],[103.896212,-0.987946,0.0],[103.896869,-0.987469,0.0],[103.89692,-0.987484,0.0],[103.897017,-0.987467,0.0],[103.897108,-0.987427,0.0],[103.897223,-0.987318,0.0],[103.897331,-0.987135,0.0],[103.897451,-0.987044,0.0],[103.89756,-0.987004,0.0],[103.897794,-0.987044,0.0],[103.897897,-0.987044,0.0],[103.897976,-0.987004,0.0],[103.898085,-0.986913,0.0],[103.898119,-0.986856,0.0],[103.898245,-0.98673,0.0],[103.898277,-0.986658,0.0],[103.898449,-0.986477,0.0],[103.898583,-0.98624,0.0],[103.898775,-0.986157,0.0],[103.899203,-0.986015,0.0],[103.899511,-0.985803,0.0],[103.899677,-0.985609,0.0],[103.899716,-0.98547,0.0],[103.899851,-0.985406,0.0],[103.899951,-0.985512,0.0],[103.900259,-0.985198,0.0],[103.900494,-0.985095,0.0],[103.900722,-0.984878,0.0],[103.90095,-0.984838,0.0],[103.90115,-0.984718,0.0],[103.901293,-0.984473,0.0],[103.901556,-0.98437,0.0],[103.90179,-0.98433,0.0],[103.90195,-0.98421,0.0],[103.902115,-0.984136,0.0],[103.902184,-0.984119,0.0],[103.902355,-0.984221,0.0],[103.902544,-0.984216,0.0],[103.902698,-0.984159,0.0],[103.902751,-0.984095,0.0],[103.903006,-0.984119,0.0],[103.903298,-0.984096,0.0],[103.903543,-0.984016,0.0],[103.903686,-0.983856,0.0],[103.903747,-0.983708,0.0],[103.903953,-0.983708,0.0],[103.90406,-0.983678,0.0],[103.904194,-0.983776,0.0],[103.904405,-0.983645,0.0],[103.904531,-0.983673,0.0],[103.90468,-0.983679,0.0],[103.904737,-0.983473,0.0],[103.904813,-0.98332,0.0],[103.90489,-0.98329,0.0],[103.905016,-0.98345,0.0],[103.905268,-0.98349,0.0],[103.905473,-0.983416,0.0],[103.90557,-0.983273,0.0],[103.905742,-0.983168,0.0],[103.905811,-0.983251,0.0],[103.905887,-0.983328,0.0],[103.906062,-0.983343,0.0],[103.90625,-0.983325,0.0],[103.906341,-0.983176,0.0],[103.906447,-0.983113,0.0],[103.906561,-0.983233,0.0],[103.906669,-0.983262,0.0],[103.906778,-0.983233,0.0],[103.906841,-0.983153,0.0],[103.906881,-0.983142,0.0],[103.907018,-0.983222,0.0],[103.907092,-0.983211,0.0],[103.907149,-0.983188,0.0],[103.907418,-0.983182,0.0],[103.907558,-0.983233,0.0],[103.9077,-0.983176,0.0],[103.907803,-0.983016,0.0],[103.90792,-0.982982,0.0],[103.908029,-0.983039,0.0],[103.90812,-0.983096,0.0],[103.908326,-0.983096,0.0],[103.90846,-0.983131,0.0],[103.90866,-0.983062,0.0],[103.908751,-0.982851,0.0],[103.908825,-0.982765,0.0],[103.908925,-0.982714,0.0],[103.908986,-0.98275,0.0],[103.909048,-0.982845,0.0],[103.909133,-0.982921,0.0],[103.909224,-0.98293,0.0],[103.909252,-0.982911,0.0],[103.909385,-0.982759,0.0],[103.909419,-0.982707,0.0],[103.909478,-0.982649,0.0],[103.909581,-0.982635,0.0],[103.909671,-0.98264,0.0],[103.909753,-0.982679,0.0],[103.909843,-0.982758,0.0],[103.909895,-0.982845,0.0],[103.909942,-0.982945,0.0],[103.910018,-0.982978,0.0],[103.910128,-0.982983,0.0],[103.910309,-0.982954,0.0],[103.910356,-0.982911,0.0],[103.910451,-0.982873,0.0],[103.910504,-0.982811,0.0],[103.910547,-0.982692,0.0],[103.910666,-0.982564,0.0],[103.910794,-0.982583,0.0],[103.910899,-0.982635,0.0],[103.910956,-0.98273,0.0],[103.910984,-0.982754,0.0],[103.911023,-0.982826,0.0],[103.911113,-0.982873,0.0],[103.911251,-0.982849,0.0],[103.911384,-0.982737,0.0],[103.911383,-0.982622,0.0],[103.91155,-0.982574,0.0],[103.911584,-0.982742,0.0],[103.911818,-0.982834,0.0],[103.912046,-0.982908,0.0],[103.912354,-0.982903,0.0],[103.912397,-0.982931,0.0],[103.912468,-0.982955,0.0],[103.912521,-0.98295,0.0],[103.912559,-0.982912,0.0],[103.912606,-0.982893,0.0],[103.912663,-0.982893,0.0],[103.912811,-0.982993,0.0],[103.912863,-0.983003,0.0],[103.912963,-0.982969,0.0],[103.913001,-0.982931,0.0],[103.913044,-0.98286,0.0],[103.913044,-0.982817,0.0],[103.913077,-0.98276,0.0],[103.913149,-0.982731,0.0],[103.913203,-0.982754,0.0],[103.913186,-0.982818,0.0],[103.913323,-0.982921,0.0],[103.913448,-0.983041,0.0],[103.91358,-0.983092,0.0],[103.913631,-0.983087,0.0],[103.913797,-0.983087,0.0],[103.91394,-0.983115,0.0],[103.913985,-0.983024,0.0],[103.914078,-0.982889,0.0],[103.914106,-0.982885,0.0],[103.914196,-0.982932,0.0],[103.914308,-0.983148,0.0],[103.914582,-0.983182,0.0],[103.914756,-0.983075,0.0],[103.91487,-0.983087,0.0],[103.91515,-0.983092,0.0],[103.915242,-0.983121,0.0],[103.915344,-0.983206,0.0],[103.915401,-0.983281,0.0],[103.915476,-0.983418,0.0],[103.915518,-0.983553,0.0],[103.915764,-0.983548,0.0],[103.915887,-0.983435,0.0],[103.916044,-0.983445,0.0],[103.916052,-0.983521,0.0],[103.916112,-0.98365,0.0],[103.916255,-0.983765,0.0],[103.916392,-0.983753,0.0],[103.916544,-0.983715,0.0],[103.916681,-0.983755,0.0],[103.916753,-0.983828,0.0],[103.916821,-0.983851,0.0],[103.91692,-0.983874,0.0],[103.916989,-0.983897,0.0],[103.917088,-0.983904,0.0],[103.917286,-0.983927,0.0],[103.91743,-0.983958,0.0],[103.917506,-0.984003,0.0],[103.917674,-0.984148,0.0],[103.917765,-0.984194,0.0],[103.917895,-0.984354,0.0],[103.918154,-0.984376,0.0],[103.918222,-0.984361,0.0],[103.918268,-0.984331,0.0],[103.918397,-0.984338,0.0],[103.918489,-0.984369,0.0],[103.918557,-0.984445,0.0],[103.91877,-0.984567,0.0],[103.918871,-0.984741,0.0],[103.919059,-0.984707,0.0],[103.919265,-0.984539,0.0],[103.91935,-0.984558,0.0],[103.919353,-0.984693,0.0],[103.919425,-0.984826,0.0],[103.919547,-0.984925,0.0],[103.919664,-0.985072,0.0],[103.919813,-0.985152,0.0],[103.919939,-0.985089,0.0],[103.920027,-0.98497,0.0],[103.920126,-0.985062,0.0],[103.920133,-0.985199,0.0],[103.920161,-0.985335,0.0],[103.920293,-0.985421,0.0],[103.920447,-0.985375,0.0],[103.920567,-0.985284,0.0],[103.920606,-0.985157,0.0],[103.920651,-0.985138,0.0],[103.920747,-0.98514,0.0],[103.920752,-0.985302,0.0],[103.920786,-0.985373,0.0],[103.920847,-0.98544,0.0],[103.920961,-0.985718,0.0],[103.921183,-0.985963,0.0],[103.921475,-0.986169,0.0],[103.921789,-0.986317,0.0],[103.922314,-0.98642,0.0],[103.9228,-0.986626,0.0],[103.923222,-0.986763,0.0],[103.923828,-0.986968,0.0],[103.924427,-0.987117,0.0],[103.924867,-0.987305,0.0],[103.925455,-0.987488,0.0],[103.925843,-0.987568,0.0],[103.925946,-0.987494,0.0],[103.926083,-0.987414,0.0],[103.926152,-0.987402,0.0],[103.926226,-0.987699,0.0],[103.926323,-0.987808,0.0],[103.926569,-0.987905,0.0],[103.926877,-0.987905,0.0],[103.927117,-0.987933,0.0],[103.927311,-0.987888,0.0],[103.92746,-0.987939,0.0],[103.927568,-0.988093,0.0],[103.927756,-0.988219,0.0],[103.927928,-0.988265,0.0],[103.928076,-0.988173,0.0],[103.928168,-0.988059,0.0],[103.928299,-0.987945,0.0],[103.928356,-0.987996,0.0],[103.92835,-0.988116,0.0],[103.928368,-0.988299,0.0],[103.928407,-0.988396,0.0],[103.928664,-0.988436,0.0],[103.929053,-0.988522,0.0],[103.92947,-0.988601,0.0],[103.930184,-0.988761,0.0],[103.930281,-0.98883,0.0],[103.930498,-0.98883,0.0],[103.930578,-0.98871,0.0],[103.930686,-0.988744,0.0],[103.930732,-0.988841,0.0],[103.930914,-0.988921,0.0],[103.931223,-0.989001,0.0],[103.931354,-0.988887,0.0],[103.931411,-0.98879,0.0],[103.931554,-0.988779,0.0],[103.93156,-0.988904,0.0],[103.931554,-0.988967,0.0],[103.93164,-0.989041,0.0],[103.931714,-0.989041,0.0],[103.931834,-0.989001,0.0],[103.932005,-0.988904,0.0],[103.932108,-0.988898,0.0],[103.932211,-0.98891,0.0],[103.932239,-0.988973,0.0],[103.932239,-0.989047,0.0],[103.932405,-0.989138,0.0],[103.932571,-0.989213,0.0],[103.932713,-0.989218,0.0],[103.932782,-0.989144,0.0],[103.932793,-0.989087,0.0],[103.932965,-0.989047,0.0],[103.933045,-0.989173,0.0],[103.933136,-0.989287,0.0],[103.933256,-0.989367,0.0],[103.933387,-0.989344,0.0],[103.933484,-0.989264,0.0],[103.933553,-0.989241,0.0],[103.93361,-0.989304,0.0],[103.933644,-0.98939,0.0],[103.933713,-0.989447,0.0],[103.933787,-0.989492,0.0],[103.933861,-0.989498,0.0],[103.933947,-0.98947,0.0],[103.934021,-0.989407,0.0],[103.934061,-0.989412,0.0],[103.934084,-0.989521,0.0],[103.93413,-0.989578,0.0],[103.934152,-0.989567,0.0],[103.934232,-0.989407,0.0],[103.93429,-0.989355,0.0],[103.934387,-0.989395,0.0],[103.934489,-0.989549,0.0],[103.934695,-0.989549,0.0],[103.934998,-0.989618,0.0],[103.93514,-0.989618,0.0],[103.935152,-0.989504,0.0],[103.935135,-0.989418,0.0],[103.935192,-0.989361,0.0],[103.935443,-0.989418,0.0],[103.9355,-0.989487,0.0],[103.93558,-0.989641,0.0],[103.935757,-0.989692,0.0],[103.935974,-0.989641,0.0],[103.936111,-0.989698,0.0],[103.93622,-0.989875,0.0],[103.936334,-0.989932,0.0],[103.936477,-0.989812,0.0],[103.936688,-0.989892,0.0],[103.936911,-0.989961,0.0],[103.937088,-0.989904,0.0],[103.937139,-0.989784,0.0],[103.937288,-0.989755,0.0],[103.937345,-0.989898,0.0],[103.937436,-0.990052,0.0],[103.937585,-0.990143,0.0],[103.937767,-0.990121,0.0],[103.93791,-0.990098,0.0],[103.938024,-0.990006,0.0],[103.938201,-0.989938,0.0],[103.938201,-0.990092,0.0],[103.938213,-0.99024,0.0],[103.938253,-0.99036,0.0],[103.938356,-0.990417,0.0],[103.938521,-0.990303,0.0],[103.938624,-0.990395,0.0],[103.938641,-0.990463,0.0],[103.938784,-0.990355,0.0],[103.938892,-0.990263,0.0],[103.938995,-0.990332,0.0],[103.939041,-0.990446,0.0],[103.939121,-0.990543,0.0],[103.939178,-0.990566,0.0],[103.939269,-0.990572,0.0],[103.939429,-0.99044,0.0],[103.939498,-0.990469,0.0],[103.939572,-0.990577,0.0],[103.939635,-0.990629,0.0],[103.939698,-0.990623,0.0],[103.939703,-0.990503,0.0],[103.939846,-0.990515,0.0],[103.939897,-0.990606,0.0],[103.939915,-0.990732,0.0],[103.939977,-0.990749,0.0],[103.940143,-0.990743,0.0],[103.940223,-0.990686,0.0],[103.94029,-0.990673,0.0],[103.940366,-0.990806,0.0],[103.940583,-0.990874,0.0],[103.940868,-0.990937,0.0],[103.941142,-0.990989,0.0],[103.941228,-0.990926,0.0],[103.941308,-0.990994,0.0],[103.941371,-0.991154,0.0],[103.941479,-0.991211,0.0],[103.941565,-0.991074,0.0],[103.941668,-0.991,0.0],[103.941805,-0.990994,0.0],[103.94189,-0.991097,0.0],[103.941908,-0.991228,0.0],[103.941913,-0.99132,0.0],[103.941976,-0.99136,0.0],[103.942153,-0.991251,0.0],[103.942216,-0.991217,0.0],[103.942313,-0.991303,0.0],[103.942382,-0.991434,0.0],[103.942536,-0.991423,0.0],[103.94261,-0.991348,0.0],[103.942713,-0.991354,0.0],[103.94277,-0.991383,0.0],[103.942838,-0.991554,0.0],[103.943055,-0.991622,0.0],[103.943181,-0.991622,0.0],[103.943318,-0.9916,0.0],[103.943421,-0.991537,0.0],[103.943495,-0.991543,0.0],[103.943512,-0.991651,0.0],[103.943512,-0.991725,0.0],[103.943575,-0.991794,0.0],[103.943649,-0.99176,0.0],[103.943741,-0.991737,0.0],[103.943792,-0.991794,0.0],[103.943815,-0.991885,0.0],[103.943866,-0.991937,0.0],[103.944021,-0.991937,0.0],[103.944101,-0.991948,0.0],[103.94422,-0.991948,0.0],[103.944278,-0.992022,0.0],[103.944283,-0.992125,0.0],[103.94438,-0.992176,0.0],[103.944586,-0.992233,0.0],[103.944769,-0.992068,0.0],[103.944906,-0.992028,0.0],[103.944923,-0.992165,0.0],[103.944923,-0.992256,0.0],[103.944991,-0.992336,0.0],[103.94514,-0.992411,0.0],[103.945197,-0.992416,0.0],[103.945311,-0.992371,0.0],[103.945414,-0.992313,0.0],[103.9455,-0.992319,0.0],[103.945625,-0.992365,0.0],[103.945682,-0.992405,0.0],[103.945774,-0.992502,0.0],[103.945859,-0.992565,0.0],[103.946019,-0.992719,0.0],[103.946145,-0.99281,0.0],[103.946309,-0.992958,0.0],[103.946425,-0.992927,0.0],[103.946589,-0.992891,0.0],[103.946718,-0.992836,0.0],[103.946817,-0.992836,0.0],[103.946832,-0.992896,0.0],[103.946823,-0.992951,0.0],[103.946843,-0.992976,0.0],[103.946972,-0.992976,0.0],[103.947017,-0.992988,0.0],[103.947009,-0.993062,0.0],[103.947069,-0.993119,0.0],[103.94718,-0.993091,0.0],[103.947257,-0.993048,0.0],[103.947269,-0.992971,0.0],[103.947266,-0.992902,0.0],[103.947354,-0.992848,0.0],[103.947431,-0.992868,0.0],[103.947491,-0.992931,0.0],[103.947543,-0.992971,0.0],[103.947648,-0.992996,0.0],[103.947703,-0.992991,0.0],[103.947765,-0.992942,0.0],[103.947834,-0.992871,0.0],[103.947988,-0.992839,0.0],[103.948077,-0.992848,0.0],[103.948251,-0.992831,0.0],[103.948339,-0.992816,0.0],[103.948362,-0.992725,0.0],[103.948399,-0.992617,0.0],[103.948456,-0.992579,0.0],[103.948573,-0.992582,0.0],[103.948693,-0.992625,0.0],[103.948705,-0.992699,0.0],[103.948699,-0.992836,0.0],[103.948739,-0.992871,0.0],[103.948816,-0.992871,0.0],[103.948885,-0.992856,0.0],[103.948902,-0.992742,0.0],[103.948959,-0.992694,0.0],[103.949047,-0.992805,0.0],[103.94909,-0.992822,0.0],[103.949162,-0.992808,0.0],[103.949216,-0.992782,0.0],[103.949222,-0.992708,0.0],[103.949259,-0.992708,0.0],[103.949307,-0.992765,0.0],[103.949364,-0.992717,0.0],[103.94937,-0.992608,0.0],[103.949401,-0.992545,0.0],[103.949436,-0.992577,0.0],[103.949453,-0.992671,0.0],[103.949456,-0.992734,0.0],[103.949536,-0.992762,0.0],[103.949604,-0.992771,0.0],[103.949661,-0.992811,0.0],[103.949667,-0.992874,0.0],[103.949636,-0.992999,0.0],[103.949653,-0.993076,0.0],[103.949716,-0.993073,0.0],[103.949781,-0.993119,0.0],[103.949818,-0.993125,0.0],[103.949898,-0.993119,0.0],[103.950112,-0.993176,0.0],[103.950155,-0.993313,0.0],[103.950241,-0.993336,0.0],[103.950349,-0.99333,0.0],[103.950464,-0.99327,0.0],[103.950566,-0.993211,0.0],[103.950626,-0.993145,0.0],[103.950698,-0.993125,0.0],[103.950746,-0.993196,0.0],[103.950738,-0.993256,0.0],[103.950786,-0.99337,0.0],[103.950806,-0.993436,0.0],[103.950863,-0.993439,0.0],[103.950918,-0.993393,0.0],[103.950952,-0.99329,0.0],[103.951029,-0.993285,0.0],[103.951098,-0.993293,0.0],[103.951152,-0.993336,0.0],[103.951215,-0.993402,0.0],[103.951266,-0.993436,0.0],[103.951406,-0.993505,0.0],[103.951569,-0.993553,0.0],[103.951603,-0.993579,0.0],[103.951689,-0.993673,0.0],[103.951711,-0.993722,0.0],[103.951729,-0.993836,0.0],[103.951763,-0.993853,0.0],[103.951814,-0.993856,0.0],[103.951877,-0.99379,0.0],[103.951914,-0.993764,0.0],[103.952028,-0.993804,0.0],[103.952088,-0.993853,0.0],[103.952163,-0.993822,0.0],[103.952248,-0.993859,0.0],[103.952283,-0.993902,0.0],[103.952243,-0.99395,0.0],[103.952243,-0.993999,0.0],[103.952274,-0.994073,0.0],[103.952308,-0.994113,0.0],[103.952365,-0.994141,0.0],[103.952391,-0.994216,0.0],[103.952425,-0.994264,0.0],[103.9525,-0.99429,0.0],[103.952619,-0.99423,0.0],[103.952651,-0.994238,0.0],[103.952648,-0.994336,0.0],[103.952599,-0.994387,0.0],[103.952619,-0.99443,0.0],[103.952688,-0.99445,0.0],[103.952739,-0.994487,0.0],[103.952825,-0.994564,0.0],[103.952851,-0.994638,0.0],[103.952862,-0.99473,0.0],[103.952862,-0.99481,0.0],[103.952851,-0.994852,0.0],[103.952856,-0.994912,0.0],[103.952888,-0.994955,0.0],[103.953051,-0.994995,0.0],[103.953108,-0.995015,0.0],[103.953225,-0.995175,0.0],[103.953313,-0.995204,0.0],[103.953376,-0.995166,0.0],[103.953439,-0.995235,0.0],[103.953468,-0.995298,0.0],[103.953473,-0.995352,0.0],[103.953519,-0.995375,0.0],[103.953579,-0.995429,0.0],[103.953596,-0.995503,0.0],[103.953605,-0.995663,0.0],[103.953596,-0.995755,0.0],[103.953671,-0.995942,0.0],[103.953695,-0.996085,0.0],[103.953728,-0.996237,0.0],[103.953714,-0.996328,0.0],[103.953728,-0.996399,0.0],[103.954462,-0.996373,0.0],[103.955575,-0.99632,0.0],[103.95572,-0.996315,0.0],[103.955963,-0.995835,0.0],[103.956038,-0.995773,0.0],[103.956158,-0.995659,0.0],[103.95622,-0.995562,0.0],[103.95625,-0.995485,0.0],[103.956303,-0.995378,0.0],[103.956478,-0.995249,0.0],[103.956556,-0.995185,0.0],[103.956762,-0.995123,0.0],[103.956981,-0.995097,0.0],[103.957279,-0.995082,0.0],[103.957429,-0.995059,0.0],[103.957755,-0.994949,0.0],[103.957859,-0.994892,0.0],[103.957864,-0.99484,0.0],[103.958054,-0.994744,0.0],[103.958366,-0.994642,0.0],[103.958407,-0.994573,0.0],[103.958461,-0.994542,0.0],[103.958509,-0.99454,0.0],[103.958564,-0.994566,0.0],[103.958635,-0.994568,0.0],[103.958775,-0.994516,0.0],[103.958985,-0.994416,0.0],[103.959142,-0.994276,0.0],[103.959163,-0.994166,0.0],[103.95922,-0.994116,0.0],[103.959258,-0.994095,0.0],[103.959337,-0.994109,0.0],[103.959394,-0.994083,0.0],[103.959411,-0.994016,0.0],[103.959463,-0.993997,0.0],[103.959568,-0.993985,0.0],[103.959649,-0.993969,0.0],[103.959844,-0.993937,0.0],[103.959879,-0.993913,0.0],[103.960058,-0.993921,0.0],[103.960146,-0.993857,0.0],[103.960253,-0.993826,0.0],[103.960324,-0.993812,0.0],[103.960347,-0.99377,0.0],[103.960628,-0.993679,0.0],[103.960826,-0.993671,0.0],[103.960941,-0.993694,0.0],[103.961146,-0.993656,0.0],[103.961253,-0.993625,0.0],[103.961344,-0.993511,0.0],[103.961483,-0.993431,0.0],[103.961576,-0.993469,0.0],[103.961666,-0.993421,0.0],[103.961797,-0.993498,0.0],[103.961885,-0.993464,0.0],[103.961926,-0.993419,0.0],[103.961907,-0.99336,0.0],[103.961966,-0.993343,0.0],[103.962031,-0.993352,0.0],[103.962135,-0.993348,0.0],[103.962209,-0.99331,0.0],[103.962266,-0.993267,0.0],[103.962323,-0.99316,0.0],[103.962354,-0.993141,0.0],[103.962406,-0.993143,0.0],[103.962435,-0.993181,0.0],[103.962487,-0.9932,0.0],[103.962592,-0.993207,0.0],[103.962721,-0.993205,0.0],[103.962773,-0.993188,0.0],[103.962989,-0.993198,0.0],[103.963346,-0.993217,0.0],[103.963668,-0.993203,0.0],[103.96381,-0.993203,0.0],[103.963913,-0.993157,0.0],[103.964241,-0.993143,0.0],[103.964498,-0.993129,0.0],[103.964943,-0.993138,0.0],[103.96506,-0.993122,0.0],[103.965162,-0.993065,0.0],[103.965283,-0.992943,0.0],[103.965328,-0.992924,0.0],[103.965371,-0.992946,0.0],[103.965424,-0.993029,0.0],[103.965526,-0.993015,0.0],[103.965645,-0.993019,0.0],[103.965809,-0.993005,0.0],[103.965946,-0.992967,0.0],[103.966023,-0.992899,0.0],[103.966182,-0.992899,0.0],[103.966586,-0.992967,0.0],[103.966769,-0.992937,0.0],[103.966891,-0.992868,0.0],[103.96702,-0.992891,0.0],[103.967188,-0.992823,0.0],[103.967264,-0.992731,0.0],[103.967401,-0.992678,0.0],[103.967545,-0.992693,0.0],[103.967629,-0.992769,0.0],[103.967774,-0.992808,0.0],[103.967941,-0.992815,0.0],[103.968215,-0.992853,0.0],[103.968581,-0.992907,0.0],[103.96887,-0.992929,0.0],[103.969053,-0.992899,0.0],[103.969358,-0.992922,0.0],[103.969464,-0.992754,0.0],[103.969662,-0.992731,0.0],[103.970043,-0.992808,0.0],[103.970271,-0.992785,0.0],[103.970416,-0.992891,0.0],[103.970583,-0.992952,0.0],[103.970896,-0.992891,0.0],[103.971017,-0.992945,0.0],[103.971185,-0.993097,0.0],[103.971665,-0.99328,0.0],[103.971878,-0.993348,0.0],[103.972228,-0.993371,0.0],[103.972365,-0.993257,0.0],[103.972594,-0.993249,0.0],[103.97299,-0.993333,0.0],[103.973279,-0.993379,0.0],[103.973424,-0.9935,0.0],[103.973713,-0.993508,0.0],[103.973957,-0.993485,0.0],[103.974132,-0.993577,0.0],[103.974375,-0.993668,0.0],[103.974528,-0.99363,0.0],[103.97468,-0.993714,0.0],[103.974863,-0.993736,0.0],[103.974977,-0.993668,0.0],[103.975091,-0.993714,0.0],[103.975221,-0.993797,0.0],[103.975472,-0.993828,0.0],[103.975723,-0.99382,0.0],[103.975906,-0.993775,0.0],[103.975982,-0.993858,0.0],[103.976157,-0.993965,0.0],[103.976294,-0.993934,0.0],[103.976462,-0.993904,0.0],[103.97653,-0.99398,0.0],[103.976858,-0.994056,0.0],[103.97704,-0.994026,0.0],[103.977276,-0.994041,0.0],[103.977741,-0.994117,0.0],[103.97803,-0.99411,0.0],[103.978266,-0.994186,0.0],[103.978548,-0.994148,0.0],[103.978799,-0.994209,0.0],[103.97902,-0.99433,0.0],[103.979355,-0.994452,0.0],[103.979675,-0.99449,0.0],[103.980056,-0.994521,0.0],[103.980452,-0.99462,0.0],[103.980924,-0.994719,0.0],[103.981639,-0.994787,0.0],[103.982218,-0.994886,0.0],[103.982903,-0.995031,0.0],[103.983467,-0.995092,0.0],[103.984198,-0.995176,0.0],[103.984853,-0.995259,0.0],[103.985538,-0.995396,0.0],[103.986238,-0.995457,0.0],[103.986672,-0.995503,0.0],[103.987099,-0.995533,0.0],[103.987571,-0.995632,0.0],[103.98802,-0.995762,0.0],[103.988744,-0.995846,0.0],[103.989368,-0.995922,0.0],[103.99,-0.996021,0.0],[103.991081,-0.99615,0.0],[103.992139,-0.996302,0.0],[103.992513,-0.996318,0.0],[103.993015,-0.99631,0.0],[103.993487,-0.996386,0.0],[103.993898,-0.996455,0.0],[103.994043,-0.996394,0.0],[103.994104,-0.996272,0.0],[103.994211,-0.996219,0.0],[103.99431,-0.996287,0.0],[103.994348,-0.996401,0.0],[103.994508,-0.996455,0.0],[103.994705,-0.996409,0.0],[103.99485,-0.996478,0.0],[103.994972,-0.996363,0.0],[103.995101,-0.996341,0.0],[103.995223,-0.996485,0.0],[103.99533,-0.996531,0.0],[103.995513,-0.996569,0.0],[103.995589,-0.99647,0.0],[103.995695,-0.996432,0.0],[103.996,-0.99644,0.0],[103.996091,-0.996531,0.0],[103.996137,-0.996676,0.0],[103.996236,-0.996721,0.0],[103.996411,-0.99666,0.0],[103.996525,-0.996577,0.0],[103.996784,-0.996516,0.0],[103.997058,-0.996554,0.0],[103.997218,-0.996653,0.0],[103.997485,-0.996691,0.0],[103.997652,-0.996645,0.0],[103.997774,-0.996569,0.0],[103.997911,-0.996683,0.0],[103.998086,-0.996706,0.0],[103.998277,-0.996622,0.0],[103.998467,-0.996698,0.0],[103.998566,-0.996767,0.0],[103.998772,-0.996896,0.0],[103.999,-0.996934,0.0],[103.999343,-0.996942,0.0],[103.999563,-0.996957,0.0],[103.999761,-0.996881,0.0],[103.999975,-0.996858,0.0],[104.000134,-0.996919,0.0],[104.000393,-0.996973,0.0],[104.0005,-0.997072,0.0],[104.000645,-0.997049,0.0],[104.000812,-0.996965,0.0],[104.000896,-0.997026,0.0],[104.001063,-0.997087,0.0],[104.001178,-0.997064,0.0],[104.001223,-0.996912,0.0],[104.001398,-0.996858,0.0],[104.001558,-0.996881,0.0],[104.001711,-0.997041,0.0],[104.001909,-0.99711,0.0],[104.002274,-0.997102,0.0],[104.002655,-0.997079,0.0],[104.003127,-0.997102,0.0],[104.003371,-0.99698,0.0],[104.00353,-0.997026,0.0],[104.003744,-0.997125,0.0],[104.004193,-0.997026,0.0],[104.004467,-0.997033,0.0],[104.004635,-0.997072,0.0],[104.004832,-0.997155,0.0],[104.005061,-0.997193,0.0],[104.005655,-0.997308,0.0],[104.005944,-0.997292,0.0],[104.006515,-0.997475,0.0],[104.006926,-0.997612,0.0],[104.00733,-0.99765,0.0],[104.007741,-0.997673,0.0],[104.008145,-0.997704,0.0],[104.008388,-0.997841,0.0],[104.008845,-0.997894,0.0],[104.009378,-0.99794,0.0],[104.009972,-0.997985,0.0],[104.010414,-0.998046,0.0],[104.010772,-0.998046,0.0],[104.010947,-0.997993,0.0],[104.011061,-0.997856,0.0],[104.011267,-0.997848,0.0],[104.011358,-0.99797,0.0],[104.011609,-0.998008,0.0],[104.011921,-0.998084,0.0],[104.012294,-0.99816,0.0],[104.012614,-0.998221,0.0],[104.012835,-0.998107,0.0],[104.013056,-0.99813,0.0],[104.013307,-0.998237,0.0],[104.013734,-0.998252,0.0],[104.01397,-0.998374,0.0],[104.014061,-0.99848,0.0],[104.014206,-0.998366,0.0],[104.014571,-0.998419,0.0],[104.014937,-0.998526,0.0],[104.015477,-0.998724,0.0],[104.01614,-0.998823,0.0],[104.016429,-0.998868,0.0],[104.016673,-0.99896,0.0],[104.017213,-0.999051,0.0],[104.017594,-0.999158,0.0],[104.01783,-0.999143,0.0],[104.01831,-0.999234,0.0],[104.018721,-0.999341,0.0],[104.018919,-0.999424,0.0],[104.019048,-0.999485,0.0],[104.019071,-0.99963,0.0],[104.019201,-0.999668,0.0],[104.019368,-0.999546,0.0],[104.019467,-0.999485,0.0],[104.019764,-0.999569,0.0],[104.020533,-0.999714,0.0],[104.020975,-0.999744,0.0],[104.021553,-0.999889,0.0],[104.022109,-0.999988,0.0],[104.022993,-1.000224,0.0],[104.024013,-1.000483,0.0],[104.024553,-1.000589,0.0],[104.024797,-1.000605,0.0],[104.025163,-1.000726,0.0],[104.025589,-1.000863,0.0],[104.025962,-1.001008,0.0],[104.02629,-1.001176,0.0],[104.026457,-1.001275,0.0],[104.026678,-1.001237,0.0],[104.027028,-1.001282,0.0],[104.02731,-1.001374,0.0],[104.027782,-1.001473,0.0],[104.027987,-1.001549,0.0],[104.028269,-1.001632,0.0],[104.028536,-1.001731,0.0],[104.028718,-1.00183,0.0],[104.028916,-1.002036,0.0],[104.029259,-1.002196,0.0],[104.029541,-1.00231,0.0],[104.029724,-1.002333,0.0],[104.029922,-1.002318,0.0],[104.030127,-1.002424,0.0],[104.030401,-1.002493,0.0],[104.030592,-1.002546,0.0],[104.030691,-1.002668,0.0],[104.030759,-1.002767,0.0],[104.03098,-1.002797,0.0],[104.031193,-1.002782,0.0],[104.031353,-1.002874,0.0],[104.031498,-1.002995,0.0],[104.031757,-1.003117,0.0],[104.031962,-1.003186,0.0],[104.032244,-1.0033,0.0],[104.032457,-1.003437,0.0],[104.03264,-1.003513,0.0],[104.032647,-1.003643,0.0],[104.032823,-1.00362,0.0],[104.032944,-1.003574,0.0],[104.033135,-1.003673,0.0],[104.033416,-1.003871,0.0],[104.033561,-1.003978,0.0],[104.033767,-1.004168,0.0],[104.034048,-1.004465,0.0],[104.034216,-1.004602,0.0],[104.034391,-1.004579,0.0],[104.034482,-1.004671,0.0],[104.034612,-1.004975,0.0],[104.034741,-1.005051,0.0],[104.03497,-1.005089,0.0],[104.035054,-1.005166,0.0],[104.035061,-1.005379,0.0],[104.03516,-1.005447,0.0],[104.035434,-1.005478,0.0],[104.035609,-1.005432,0.0],[104.035693,-1.005561,0.0],[104.035701,-1.005699,0.0],[104.03567,-1.005851,0.0],[104.035693,-1.005995,0.0],[104.035861,-1.006308,0.0],[104.03596,-1.006399,0.0],[104.03612,-1.006468,0.0],[104.036302,-1.006498,0.0],[104.036462,-1.006582,0.0],[104.036531,-1.006818,0.0],[104.036538,-1.007054,0.0],[104.036592,-1.007145,0.0],[104.036744,-1.007199,0.0],[104.03682,-1.007298,0.0],[104.036919,-1.00748,0.0],[104.03701,-1.007526,0.0],[104.03698,-1.007663,0.0],[104.03698,-1.007891,0.0],[104.037018,-1.008036,0.0],[104.037102,-1.008082,0.0],[104.037071,-1.008204,0.0],[104.037125,-1.008386,0.0],[104.037285,-1.008478,0.0],[104.03749,-1.008493,0.0],[104.037581,-1.008516,0.0],[104.037612,-1.008615,0.0],[104.037673,-1.008721,0.0],[104.03762,-1.008836,0.0],[104.039392,-1.009604,0.0],[104.039445,-1.009637,0.0],[104.039571,-1.009582,0.0],[104.039608,-1.009599,0.0],[104.039646,-1.009661,0.0],[104.039691,-1.009808,0.0],[104.039805,-1.009977,0.0],[104.039919,-1.010029,0.0],[104.039957,-1.010072,0.0],[104.040026,-1.010122,0.0],[104.040072,-1.01017,0.0],[104.040115,-1.010284,0.0],[104.040237,-1.010238,0.0],[104.04032,-1.010276,0.0],[104.040442,-1.010299,0.0],[104.040556,-1.010276,0.0],[104.040655,-1.01023,0.0],[104.040724,-1.010276,0.0],[104.040853,-1.010306,0.0],[104.041021,-1.010207,0.0],[104.041128,-1.010276,0.0],[104.041188,-1.010322,0.0],[104.041303,-1.010238,0.0],[104.041417,-1.01004,0.0],[104.041493,-1.010032,0.0],[104.041493,-1.010139,0.0],[104.041577,-1.010207,0.0],[104.041721,-1.010162,0.0],[104.04179,-1.010169,0.0],[104.041843,-1.01023,0.0],[104.041912,-1.0102,0.0],[104.041996,-1.010139,0.0],[104.04211,-1.010215,0.0],[104.042194,-1.010162,0.0],[104.042277,-1.01023,0.0],[104.042323,-1.010276,0.0],[104.042414,-1.010284,0.0],[104.042589,-1.010245,0.0],[104.042711,-1.010154,0.0],[104.04278,-1.009796,0.0],[104.042841,-1.009652,0.0],[104.042924,-1.009712,0.0],[104.042955,-1.009857,0.0],[104.043023,-1.009987,0.0],[104.043084,-1.01004,0.0],[104.043199,-1.010162,0.0],[104.043206,-1.009933,0.0],[104.04326,-1.00991,0.0],[104.043358,-1.010192,0.0],[104.04345,-1.010147,0.0],[104.043602,-1.010093,0.0],[104.043754,-1.010086,0.0],[104.043869,-1.0102,0.0],[104.043968,-1.010207,0.0],[104.044097,-1.010116,0.0],[104.044143,-1.010162,0.0],[104.044166,-1.010245,0.0],[104.044318,-1.010253,0.0],[104.044402,-1.010169,0.0],[104.044569,-1.010147,0.0],[104.044782,-1.010162,0.0],[104.045072,-1.0102,0.0],[104.045277,-1.01023,0.0],[104.045567,-1.01036,0.0],[104.045833,-1.010459,0.0],[104.046092,-1.010474,0.0],[104.046176,-1.010443,0.0],[104.046397,-1.010603,0.0],[104.046716,-1.010626,0.0],[104.046998,-1.010641,0.0],[104.047257,-1.010588,0.0],[104.047425,-1.010733,0.0],[104.047615,-1.010778,0.0],[104.047767,-1.01068,0.0],[104.047919,-1.010603,0.0],[104.048087,-1.010725,0.0],[104.048315,-1.010725,0.0],[104.048506,-1.010794,0.0],[104.048795,-1.010847,0.0],[104.04894,-1.010969,0.0],[104.049183,-1.01103,0.0],[104.049534,-1.011098,0.0],[104.049678,-1.011136,0.0],[104.049853,-1.011243,0.0],[104.050166,-1.011365,0.0],[104.050508,-1.011555,0.0],[104.050676,-1.011578,0.0],[104.050904,-1.011669,0.0],[104.051186,-1.011738,0.0],[104.051338,-1.011814,0.0],[104.051536,-1.011875,0.0],[104.051696,-1.011806,0.0],[104.051795,-1.011905,0.0],[104.051871,-1.012065,0.0],[104.05197,-1.012141,0.0],[104.052092,-1.012172,0.0],[104.05222,-1.012065,0.0],[104.052366,-1.012202,0.0],[104.052511,-1.012309,0.0],[104.052709,-1.012408,0.0],[104.052815,-1.01253,0.0],[104.052975,-1.012545,0.0],[104.053105,-1.012537,0.0],[104.053272,-1.012591,0.0],[104.053478,-1.012682,0.0],[104.053584,-1.012804,0.0],[104.053722,-1.012903,0.0],[104.054026,-1.013032,0.0],[104.054163,-1.013093,0.0],[104.054293,-1.013032,0.0],[104.054407,-1.013078,0.0],[104.054513,-1.013154,0.0],[104.05465,-1.013322,0.0],[104.054689,-1.013398,0.0],[104.054985,-1.013459,0.0],[104.055153,-1.013504,0.0],[104.055374,-1.013581,0.0],[104.055517,-1.013637,0.0],[104.056044,-1.013686,0.0],[104.057424,-1.014281,0.0],[104.058352,-1.014685,0.0],[104.059542,-1.015304,0.0],[104.065729,-1.018445,0.0],[104.069988,-1.020848,0.0],[104.073391,-1.022561,0.0],[104.074985,-1.023204,0.0],[104.076531,-1.024037,0.0],[104.076805,-1.024245,0.0],[104.076827,-1.024228,0.0],[104.077193,-1.024447,0.0],[104.077976,-1.024717,0.0],[104.07817,-1.024793,0.0],[104.078223,-1.024937,0.0],[104.078308,-1.024971,0.0],[104.078435,-1.024897,0.0],[104.078673,-1.024987,0.0],[104.078914,-1.025122,0.0],[104.078902,-1.025234,0.0],[104.078874,-1.025274,0.0],[104.078896,-1.025348,0.0],[104.078954,-1.025343,0.0],[104.079022,-1.02524,0.0],[104.079083,-1.025167,0.0],[104.079148,-1.025263,0.0],[104.079222,-1.025343,0.0],[104.079291,-1.025343,0.0],[104.079437,-1.025264,0.0],[104.079569,-1.025308,0.0],[104.079582,-1.025388,0.0],[104.079725,-1.025537,0.0],[104.079753,-1.025537,0.0],[104.079787,-1.025468,0.0],[104.079802,-1.025386,0.0],[104.080188,-1.025515,0.0],[104.081483,-1.026094,0.0],[104.082242,-1.026402,0.0],[104.0827,-1.026723,0.0],[104.08342,-1.02717,0.0],[104.083762,-1.027488,0.0],[104.083795,-1.027524,0.0],[104.084574,-1.027597,0.0],[104.084592,-1.02756,0.0],[104.084669,-1.027451,0.0],[104.084702,-1.027373,0.0],[104.084735,-1.027317,0.0],[104.08491,-1.027355,0.0],[104.084978,-1.027256,0.0],[104.084913,-1.027137,0.0],[104.085003,-1.027062,0.0],[104.085101,-1.026972,0.0],[104.085134,-1.026957,0.0],[104.085244,-1.026936,0.0],[104.085294,-1.026942,0.0],[104.085449,-1.026987,0.0],[104.085518,-1.027026,0.0],[104.085649,-1.027083,0.0],[104.085602,-1.027225,0.0],[104.085595,-1.02734,0.0],[104.085633,-1.027454,0.0],[104.085724,-1.027454,0.0],[104.085762,-1.027362,0.0],[104.085869,-1.027317,0.0],[104.085976,-1.027423,0.0],[104.08609,-1.02753,0.0],[104.086234,-1.027576,0.0],[104.086471,-1.027621,0.0],[104.086623,-1.027659,0.0],[104.086845,-1.027602,0.0],[104.08727,-1.027614,0.0],[104.087582,-1.027713,0.0],[104.088054,-1.027865,0.0],[104.088443,-1.028002,0.0],[104.088459,-1.028106,0.0],[104.088412,-1.02823,0.0],[104.088252,-1.02823,0.0],[104.08826,-1.028337,0.0],[104.088549,-1.028345,0.0],[104.088793,-1.028413,0.0],[104.089242,-1.028489,0.0],[104.089419,-1.02855,0.0],[104.089714,-1.028645,0.0],[104.089914,-1.028636,0.0],[104.090047,-1.028446,0.0],[104.0902,-1.028284,0.0],[104.090342,-1.028274,0.0],[104.090685,-1.02836,0.0],[104.090961,-1.028474,0.0],[104.091123,-1.02855,0.0],[104.091361,-1.028474,0.0],[104.091713,-1.028284,0.0],[104.091894,-1.028331,0.0],[104.091986,-1.028266,0.0],[104.092141,-1.028242,0.0],[104.092257,-1.02832,0.0],[104.092712,-1.028322,0.0],[104.093188,-1.028436,0.0],[104.093636,-1.028484,0.0],[104.094054,-1.02856,0.0],[104.094464,-1.028626,0.0],[104.094892,-1.028664,0.0],[104.094683,-1.028426,0.0],[104.094454,-1.02836,0.0],[104.094178,-1.028303,0.0],[104.09394,-1.028208,0.0],[104.093988,-1.028093,0.0],[104.094178,-1.028027,0.0],[104.094673,-1.028027,0.0],[104.095025,-1.028036,0.0],[104.09532,-1.027998,0.0],[104.095511,-1.027855,0.0],[104.095672,-1.02776,0.0],[104.095825,-1.027656,0.0],[104.095939,-1.027627,0.0],[104.096072,-1.027751,0.0],[104.096291,-1.027732,0.0],[104.096862,-1.027694,0.0],[104.097262,-1.027722,0.0],[104.097624,-1.027817,0.0],[104.097804,-1.027846,0.0],[104.098204,-1.02777,0.0],[104.09867,-1.027779,0.0],[104.09927,-1.027789,0.0],[104.100346,-1.027789,0.0],[104.100555,-1.027703,0.0],[104.100898,-1.027817,0.0],[104.101231,-1.027932,0.0],[104.101726,-1.028093,0.0],[104.102154,-1.028131,0.0],[104.103344,-1.028588,0.0],[104.103867,-1.028807,0.0],[104.104419,-1.029207,0.0],[104.105037,-1.029638,0.0],[104.105226,-1.029798,0.0],[104.105316,-1.029852,0.0],[104.105532,-1.029992,0.0],[104.105707,-1.030097,0.0],[104.105935,-1.030281,0.0],[104.105982,-1.030329,0.0],[104.106134,-1.030451,0.0],[104.106324,-1.030588,0.0],[104.106543,-1.030731,0.0],[104.106698,-1.030843,0.0],[104.106841,-1.030954,0.0],[104.106914,-1.030996,0.0],[104.106953,-1.031065,0.0],[104.107026,-1.031132,0.0],[104.107199,-1.031311,0.0],[104.107295,-1.031378,0.0],[104.107388,-1.031471,0.0],[104.107425,-1.031493,0.0],[104.107531,-1.0316,0.0],[104.107763,-1.031794,0.0],[104.107883,-1.031902,0.0],[104.107985,-1.031964,0.0],[104.108103,-1.032041,0.0],[104.108172,-1.032094,0.0],[104.108392,-1.03229,0.0],[104.108563,-1.032425,0.0],[104.108675,-1.03253,0.0],[104.108897,-1.032714,0.0],[104.109023,-1.032825,0.0],[104.109123,-1.032906,0.0],[104.109292,-1.033011,0.0],[104.109402,-1.033108,0.0],[104.109605,-1.033268,0.0],[104.10974,-1.033405,0.0],[104.109866,-1.033504,0.0],[104.110134,-1.033785,0.0],[104.110322,-1.033949,0.0],[104.110434,-1.034009,0.0],[104.110698,-1.034288,0.0],[104.110745,-1.034345,0.0],[104.110865,-1.034454,0.0],[104.110971,-1.034571,0.0],[104.111199,-1.034798,0.0],[104.111431,-1.035012,0.0],[104.111529,-1.035121,0.0],[104.111661,-1.035244,0.0],[104.111938,-1.035523,0.0],[104.112093,-1.035663,0.0],[104.112311,-1.035879,0.0],[104.112364,-1.035943,0.0],[104.112425,-1.035996,0.0],[104.112616,-1.036127,0.0],[104.112744,-1.036247,0.0],[104.112814,-1.036291,0.0],[104.112938,-1.03634,0.0],[104.113084,-1.036382,0.0],[104.113241,-1.036527,0.0],[104.113312,-1.036582,0.0],[104.113436,-1.036691,0.0],[104.113561,-1.036812,0.0],[104.113721,-1.036921,0.0],[104.113848,-1.037018,0.0],[104.113976,-1.037097,0.0],[104.114096,-1.037194,0.0],[104.114175,-1.037243,0.0],[104.114379,-1.037392,0.0],[104.114548,-1.037544,0.0],[104.11498,-1.037865,0.0],[104.115089,-1.037924,0.0],[104.115291,-1.038081,0.0],[104.115434,-1.038195,0.0],[104.11556,-1.038304,0.0],[104.115613,-1.038342,0.0],[104.116013,-1.038768,0.0],[104.116812,-1.039217,0.0],[104.11762,-1.039529,0.0],[104.117977,-1.039658,0.0],[104.118373,-1.039686,0.0],[104.118487,-1.039734,0.0],[104.118682,-1.039825,0.0],[104.118918,-1.039904,0.0],[104.119083,-1.039981,0.0],[104.11938,-1.04014,0.0],[104.119464,-1.040187,0.0],[104.119615,-1.040249,0.0],[104.119676,-1.040282,0.0],[104.119873,-1.040369,0.0],[104.120095,-1.040455,0.0],[104.120193,-1.040484,0.0],[104.120924,-1.040884,0.0],[104.12151,-1.04112,0.0],[104.121914,-1.041242,0.0],[104.122211,-1.041296,0.0],[104.122409,-1.041288,0.0],[104.122599,-1.041395,0.0],[104.122797,-1.041478,0.0],[104.123536,-1.041593,0.0],[104.123894,-1.041638,0.0],[104.124526,-1.04179,0.0],[104.124686,-1.041935,0.0],[104.124975,-1.041897,0.0],[104.125165,-1.041958,0.0],[104.125401,-1.042087,0.0],[104.12566,-1.042141,0.0],[104.12582,-1.04227,0.0],[104.126011,-1.0424,0.0],[104.12614,-1.042529,0.0],[104.126285,-1.04243,0.0],[104.126391,-1.042476,0.0],[104.126566,-1.042499,0.0],[104.126741,-1.042476,0.0],[104.126879,-1.042681,0.0],[104.126947,-1.042689,0.0],[104.127198,-1.042727,0.0],[104.127526,-1.042818,0.0],[104.127747,-1.042948,0.0],[104.128082,-1.043161,0.0],[104.128165,-1.04329,0.0],[104.128333,-1.043435,0.0],[104.128653,-1.043481,0.0],[104.128851,-1.043534,0.0],[104.129049,-1.043664,0.0],[104.129186,-1.043793,0.0],[104.129285,-1.04392,0.0],[104.129356,-1.044234,0.0],[104.129534,-1.044828,0.0],[104.132271,-1.048903,0.0],[104.133074,-1.048576,0.0],[104.134204,-1.048457,0.0],[104.13471,-1.048755,0.0],[104.135275,-1.049201,0.0],[104.135959,-1.049439,0.0],[104.136494,-1.049409,0.0],[104.136673,-1.049825,0.0],[104.136881,-1.050004,0.0],[104.137208,-1.050093,0.0],[104.137982,-1.049498,0.0],[104.138785,-1.049439,0.0],[104.140153,-1.049409,0.0],[104.142443,-1.049082,0.0],[104.144109,-1.048874,0.0],[104.146161,-1.048368,0.0],[104.147708,-1.04813,0.0],[104.149076,-1.047624,0.0],[104.150771,-1.046792,0.0],[104.153805,-1.046137,0.0],[104.154549,-1.046256,0.0],[104.15556,-1.046583,0.0],[104.157047,-1.047059,0.0],[104.158342,-1.047289,0.0],[104.158408,-1.047271,0.0],[104.158941,-1.047337,0.0],[104.159446,-1.047385,0.0],[104.159617,-1.047528,0.0],[104.159964,-1.047405,0.0],[104.160303,-1.047661,0.0],[104.160569,-1.047689,0.0],[104.161112,-1.047861,0.0],[104.16133,-1.048061,0.0],[104.161625,-1.048146,0.0],[104.161882,-1.048118,0.0],[104.16213,-1.048213,0.0],[104.162206,-1.048327,0.0],[104.162387,-1.048184,0.0],[104.162644,-1.048375,0.0],[104.163006,-1.048365,0.0],[104.163653,-1.048489,0.0],[104.164367,-1.048708,0.0],[104.165204,-1.04887,0.0],[104.165861,-1.048974,0.0],[104.166375,-1.049108,0.0],[104.167089,-1.049269,0.0],[104.167469,-1.049279,0.0],[104.167755,-1.049365,0.0],[104.167981,-1.049273,0.0],[104.168323,-1.049342,0.0],[104.170722,-1.04981,0.0],[104.172803,-1.050071,0.0],[104.173723,-1.050295,0.0],[104.173906,-1.050339,0.0],[104.174881,-1.05053,0.0],[104.17515,-1.050478,0.0],[104.175398,-1.05045,0.0],[104.175636,-1.050554,0.0],[104.175741,-1.050685,0.0],[104.176026,-1.050573,0.0],[104.176273,-1.050649,0.0],[104.176515,-1.050818,0.0],[104.177381,-1.050968,0.0],[104.178584,-1.051234,0.0],[104.180191,-1.051772,0.0],[104.182159,-1.052413,0.0],[104.184623,-1.053347,0.0],[104.186963,-1.054417,0.0],[104.18837,-1.055112,0.0],[104.190112,-1.055981,0.0],[104.190884,-1.056406,0.0],[104.191264,-1.056484,0.0],[104.191521,-1.056608,0.0],[104.191718,-1.056866,0.0],[104.193021,-1.057685,0.0],[104.193234,-1.057702,0.0],[104.193396,-1.057797,0.0],[104.193397,-1.057955,0.0],[104.194139,-1.058522,0.0],[104.195228,-1.059423,0.0],[104.196166,-1.06033,0.0],[104.196489,-1.060672,0.0],[104.196927,-1.060995,0.0],[104.197251,-1.0613,0.0],[104.197375,-1.06149,0.0],[104.197632,-1.061766,0.0],[104.197831,-1.061995,0.0],[104.197993,-1.062185,0.0],[104.198231,-1.062394,0.0],[104.198421,-1.062613,0.0],[104.198593,-1.062823,0.0],[104.198821,-1.063118,0.0],[104.199164,-1.063537,0.0],[104.199449,-1.063917,0.0],[104.199735,-1.064241,0.0],[104.199787,-1.064365,0.0],[104.199767,-1.064445,0.0],[104.199776,-1.064502,0.0],[104.200004,-1.064859,0.0],[104.200081,-1.064987,0.0],[104.200116,-1.065079,0.0],[104.20017,-1.06509,0.0],[104.200187,-1.065136,0.0],[104.200178,-1.065193,0.0],[104.200213,-1.065253,0.0],[104.200241,-1.065273,0.0],[104.200253,-1.06533,0.0],[104.200375,-1.065513,0.0],[104.200524,-1.065724,0.0],[104.20065,-1.066038,0.0],[104.200735,-1.066078,0.0],[104.200815,-1.066209,0.0],[104.200827,-1.066352,0.0],[104.201021,-1.066792,0.0],[104.201221,-1.067249,0.0],[104.201402,-1.067725,0.0],[104.201475,-1.0679,0.0],[104.201516,-1.068047,0.0],[104.201489,-1.068128,0.0],[104.201501,-1.068301,0.0],[104.201572,-1.068461,0.0],[104.201676,-1.068601,0.0],[104.201716,-1.068687,0.0],[104.201742,-1.068826,0.0],[104.201746,-1.068956,0.0],[104.201773,-1.069095,0.0],[104.20188,-1.069337,0.0],[104.201899,-1.06948,0.0],[104.201884,-1.069613,0.0],[104.201884,-1.069756,0.0],[104.20188,-1.069884,0.0],[104.201837,-1.069975,0.0],[104.201742,-1.070046,0.0],[104.201685,-1.070146,0.0],[104.201685,-1.07026,0.0],[104.201718,-1.070303,0.0],[104.201821,-1.070331,0.0],[104.201861,-1.070374,0.0],[104.201875,-1.070427,0.0],[104.201861,-1.070484,0.0],[104.201837,-1.070732,0.0],[104.206528,-1.071561,0.0],[104.206575,-1.071481,0.0],[104.206628,-1.071428,0.0],[104.206675,-1.071304,0.0],[104.206747,-1.071252,0.0],[104.206771,-1.071209,0.0],[104.20678,-1.071081,0.0],[104.206828,-1.071019,0.0],[104.20688,-1.070981,0.0],[104.206947,-1.070976,0.0],[104.207004,-1.070962,0.0],[104.207032,-1.070928,0.0],[104.207047,-1.070867,0.0],[104.207037,-1.070781,0.0],[104.207047,-1.07071,0.0],[104.207075,-1.070671,0.0],[104.207113,-1.070648,0.0],[104.207161,-1.0706,0.0],[104.207213,-1.070491,0.0],[104.207361,-1.070338,0.0],[104.207394,-1.070291,0.0],[104.207446,-1.070167,0.0],[104.207501,-1.070115,0.0],[104.20757,-1.070103,0.0],[104.207618,-1.07006,0.0],[104.207645,-1.070012,0.0],[104.207673,-1.069992,0.0],[104.207767,-1.069997,0.0],[104.207795,-1.069985,0.0],[104.20779,-1.069936,0.0],[104.207801,-1.069895,0.0],[104.207832,-1.069871,0.0],[104.207863,-1.069869,0.0],[104.207884,-1.069895,0.0],[104.20795,-1.069904,0.0],[104.207982,-1.069947,0.0],[104.208036,-1.069944,0.0],[104.208066,-1.069917,0.0],[104.208049,-1.069843,0.0],[104.208054,-1.069817,0.0],[104.208089,-1.069788,0.0],[104.208132,-1.069786,0.0],[104.208185,-1.069819,0.0],[104.208224,-1.069784,0.0],[104.208334,-1.069774,0.0],[104.208413,-1.069808,0.0],[104.208494,-1.06981,0.0],[104.208566,-1.069784,0.0],[104.208628,-1.06971,0.0],[104.208813,-1.069684,0.0],[104.208866,-1.06973,0.0],[104.208987,-1.069701,0.0],[104.209094,-1.069637,0.0],[104.209237,-1.069651,0.0],[104.209261,-1.069713,0.0],[104.2093,-1.069716,0.0],[104.209348,-1.069657,0.0],[104.209432,-1.069678,0.0],[104.209545,-1.069694,0.0],[104.209588,-1.069648,0.0],[104.209656,-1.069614,0.0],[104.209719,-1.069543,0.0],[104.209796,-1.069409,0.0],[104.209859,-1.069337,0.0],[104.209888,-1.069246,0.0],[104.209945,-1.069212,0.0],[104.21003,-1.069174,0.0],[104.210073,-1.069206,0.0],[104.210093,-1.069257,0.0],[104.210142,-1.069269,0.0],[104.210225,-1.069246,0.0],[104.210347,-1.069249,0.0],[104.210433,-1.069209,0.0],[104.210576,-1.0692,0.0],[104.210659,-1.069112,0.0],[104.21071,-1.069123,0.0],[104.210784,-1.06912,0.0],[104.210881,-1.069057,0.0],[104.210964,-1.069088,0.0],[104.21139,-1.068864,0.0],[104.212056,-1.068491,0.0],[104.212371,-1.068275,0.0],[104.212445,-1.068219,0.0],[104.212668,-1.067945,0.0],[104.212735,-1.067821,0.0],[104.212858,-1.067812,0.0],[104.213039,-1.06765,0.0],[104.213191,-1.067593,0.0],[104.213486,-1.067326,0.0],[104.213668,-1.067318,0.0],[104.214083,-1.067009,0.0],[104.214482,-1.066658,0.0],[104.215014,-1.066171,0.0],[104.215081,-1.066075,0.0],[104.215457,-1.065889,0.0],[104.215476,-1.065737,0.0],[104.215945,-1.065192,0.0],[104.216637,-1.064582,0.0],[104.217232,-1.064306,0.0],[104.217849,-1.064018,0.0],[104.218006,-1.063914,0.0],[104.219032,-1.063407,0.0],[104.219972,-1.063012,0.0],[104.220655,-1.062581,0.0],[104.220966,-1.062309,0.0],[104.221366,-1.061933,0.0],[104.222083,-1.061189,0.0],[104.222587,-1.060568,0.0],[104.223226,-1.059615,0.0],[104.223477,-1.059375,0.0],[104.223795,-1.058935,0.0],[104.223934,-1.058935,0.0],[104.223987,-1.058881,0.0],[104.224003,-1.058849,0.0],[104.224047,-1.058811,0.0],[104.224116,-1.05877,0.0],[104.224261,-1.058726,0.0],[104.224343,-1.058707,0.0],[104.22444,-1.058672,0.0],[104.224544,-1.058628,0.0],[104.224717,-1.058574,0.0],[104.224887,-1.058542,0.0],[104.225098,-1.058476,0.0],[104.225403,-1.05841,0.0],[104.225563,-1.058391,0.0],[104.225661,-1.058387,0.0],[104.226,-1.058388,0.0],[104.226227,-1.058378,0.0],[104.226406,-1.058375,0.0],[104.226601,-1.058356,0.0],[104.226821,-1.058302,0.0],[104.227038,-1.058283,0.0],[104.227281,-1.058271,0.0],[104.22741,-1.058271,0.0],[104.227658,-1.058261,0.0],[104.227765,-1.058261,0.0],[104.228139,-1.058252,0.0],[104.228363,-1.058223,0.0],[104.228684,-1.058179,0.0],[104.22885,-1.058148,0.0],[104.228938,-1.058138,0.0],[104.229291,-1.058135,0.0],[104.229354,-1.058138,0.0],[104.229561,-1.058138,0.0],[104.229832,-1.058142,0.0],[104.229973,-1.058126,0.0],[104.230065,-1.058085,0.0],[104.230109,-1.05805,0.0],[104.230457,-1.057875,0.0],[104.230847,-1.057856,0.0],[104.23125,-1.057876,0.0],[104.231383,-1.057838,0.0],[104.231593,-1.057772,0.0],[104.231741,-1.057746,0.0],[104.232072,-1.057711,0.0],[104.232251,-1.05768,0.0],[104.232521,-1.057607,0.0],[104.232663,-1.057563,0.0],[104.232735,-1.057553,0.0],[104.232871,-1.057519,0.0],[104.233296,-1.057538,0.0],[104.233449,-1.0575,0.0],[104.233657,-1.057367,0.0],[104.233814,-1.057357,0.0],[104.234277,-1.057316,0.0],[104.23439,-1.0573,0.0],[104.234604,-1.057247,0.0],[104.234903,-1.057136,0.0],[104.235019,-1.057101,0.0],[104.235211,-1.057038,0.0],[104.235476,-1.0571,0.0],[104.235793,-1.056959,0.0],[104.235979,-1.056949,0.0],[104.23618,-1.056946,0.0],[104.236246,-1.056927,0.0],[104.236491,-1.056867,0.0],[104.236589,-1.056829,0.0],[104.236885,-1.056744,0.0],[104.236957,-1.056703,0.0],[104.23718,-1.056671,0.0],[104.23736,-1.056639,0.0],[104.237514,-1.05662,0.0],[104.23768,-1.056567,0.0],[104.23802,-1.056431,0.0],[104.238121,-1.056393,0.0],[104.238322,-1.056333,0.0],[104.238546,-1.056247,0.0],[104.23864,-1.056206,0.0],[104.238819,-1.056136,0.0],[104.239024,-1.056067,0.0],[104.239348,-1.055953,0.0],[104.23942,-1.055924,0.0],[104.239716,-1.055839,0.0],[104.239917,-1.055772,0.0],[104.240018,-1.055744,0.0],[104.240106,-1.055731,0.0],[104.240329,-1.055674,0.0],[104.240449,-1.055633,0.0],[104.240672,-1.055542,0.0],[104.240877,-1.05545,0.0],[104.241047,-1.05538,0.0],[104.241358,-1.055279,0.0],[104.241487,-1.055247,0.0],[104.241695,-1.055181,0.0],[104.241836,-1.055121,0.0],[104.241962,-1.055054,0.0],[104.242173,-1.054956,0.0],[104.242311,-1.054909,0.0],[104.242566,-1.054795,0.0],[104.243098,-1.054595,0.0],[104.243176,-1.05458,0.0],[104.243296,-1.054538,0.0],[104.243617,-1.054406,0.0],[104.244063,-1.054244,0.0],[104.244167,-1.054228,0.0],[104.244274,-1.054184,0.0],[104.24434,-1.05414,0.0],[104.244472,-1.05407,0.0],[104.244583,-1.054004,0.0],[104.244658,-1.053982,0.0],[104.245032,-1.053776,0.0],[104.245196,-1.053678,0.0],[104.245347,-1.053576,0.0],[104.245564,-1.053447,0.0],[104.245621,-1.053421,0.0],[104.24574,-1.053402,0.0],[104.245822,-1.05338,0.0],[104.24592,-1.053333,0.0],[104.246093,-1.053241,0.0],[104.246181,-1.053181,0.0],[104.246275,-1.053127,0.0],[104.246451,-1.053007,0.0],[104.246609,-1.052921,0.0],[104.246738,-1.052868,0.0],[104.246904,-1.052779,0.0],[104.247055,-1.052684,0.0],[104.247276,-1.052576,0.0],[104.247405,-1.052481,0.0],[104.24765,-1.052285,0.0],[104.247725,-1.052228,0.0],[104.247983,-1.052057,0.0],[104.248059,-1.052,0.0],[104.248323,-1.051814,0.0],[104.248499,-1.0517,0.0],[104.248672,-1.051598,0.0],[104.248757,-1.051545,0.0],[104.248915,-1.051424,0.0],[104.249063,-1.05132,0.0],[104.249226,-1.051212,0.0],[104.249321,-1.051143,0.0],[104.249478,-1.051041,0.0],[104.24956,-1.050981,0.0],[104.249685,-1.050905,0.0],[104.249802,-1.050842,0.0],[104.249881,-1.050791,0.0],[104.250189,-1.050554,0.0],[104.250349,-1.050418,0.0],[104.250453,-1.050351,0.0],[104.250636,-1.050199,0.0],[104.250837,-1.050051,0.0],[104.250996,-1.049907,0.0],[104.25169,-1.049424,0.0],[104.253046,-1.048696,0.0],[104.253788,-1.048191,0.0],[104.254455,-1.047782,0.0],[104.255007,-1.047449,0.0],[104.255378,-1.047202,0.0],[104.255673,-1.046906,0.0],[104.256025,-1.046669,0.0],[104.25672,-1.04625,0.0],[104.256796,-1.046183,0.0],[104.256882,-1.046059,0.0],[104.257024,-1.045983,0.0],[104.257272,-1.045831,0.0],[104.257586,-1.045564,0.0],[104.257948,-1.045317,0.0],[104.25799,-1.04515,0.0],[104.258672,-1.044682,0.0],[104.259235,-1.044218,0.0],[104.260627,-1.04361,0.0],[104.261269,-1.043204,0.0],[104.261536,-1.043113,0.0],[104.261818,-1.043151,0.0],[104.262094,-1.043102,0.0],[104.262396,-1.04302,0.0],[104.263419,-1.042663,0.0],[104.264299,-1.042473,0.0],[104.265203,-1.04233,0.0],[104.266369,-1.042235,0.0],[104.267226,-1.042188,0.0],[104.267987,-1.042259,0.0],[104.268606,-1.04233,0.0],[104.26951,-1.042425,0.0],[104.270367,-1.04264,0.0],[104.27089,-1.042759,0.0],[104.271319,-1.042711,0.0],[104.271628,-1.042497,0.0],[104.272056,-1.042306,0.0],[104.27277,-1.042378,0.0],[104.273079,-1.042687,0.0],[104.273365,-1.04302,0.0],[104.273722,-1.043163,0.0],[104.274007,-1.043187,0.0],[104.274245,-1.04283,0.0],[104.274602,-1.042592,0.0],[104.275054,-1.042544,0.0],[104.275464,-1.042564,0.0],[104.275619,-1.0426,0.0],[104.276114,-1.042609,0.0],[104.27639,-1.042609,0.0],[104.276581,-1.042713,0.0],[104.276691,-1.042934,0.0],[104.277148,-1.043103,0.0],[104.277409,-1.043236,0.0],[104.2777,-1.043276,0.0],[104.278053,-1.043256,0.0],[104.278268,-1.043276,0.0],[104.278483,-1.043319,0.0],[104.278744,-1.043382,0.0],[104.279226,-1.04337,0.0],[104.279436,-1.04337,0.0],[104.279623,-1.043446,0.0],[104.279732,-1.043453,0.0],[104.280284,-1.043625,0.0],[104.280627,-1.043796,0.0],[104.280989,-1.043967,0.0],[104.281331,-1.044082,0.0],[104.281541,-1.044234,0.0],[104.281693,-1.044443,0.0],[104.281731,-1.044634,0.0],[104.281826,-1.044748,0.0],[104.281853,-1.044761,0.0],[104.28192,-1.044741,0.0],[104.282034,-1.044788,0.0],[104.282082,-1.044921,0.0],[104.282082,-1.045045,0.0],[104.281906,-1.045204,0.0],[104.281915,-1.045297,0.0],[104.281901,-1.045445,0.0],[104.281911,-1.045473,0.0],[104.282082,-1.045559,0.0],[104.282224,-1.045488,0.0],[104.282366,-1.045461,0.0],[104.282358,-1.04534,0.0],[104.282253,-1.045207,0.0],[104.282244,-1.045074,0.0],[104.282301,-1.04496,0.0],[104.282434,-1.044874,0.0],[104.282567,-1.04496,0.0],[104.282672,-1.045017,0.0],[104.282834,-1.045255,0.0],[104.282948,-1.04534,0.0],[104.282929,-1.045007,0.0],[104.283005,-1.044826,0.0],[104.2831,-1.04475,0.0],[104.283214,-1.044741,0.0],[104.283138,-1.044883,0.0],[104.283081,-1.045045,0.0],[104.2831,-1.045169,0.0],[104.283214,-1.045093,0.0],[104.283329,-1.044769,0.0],[104.283471,-1.044845,0.0],[104.283452,-1.045036,0.0],[104.283367,-1.045169,0.0],[104.283538,-1.045159,0.0],[104.283671,-1.045188,0.0],[104.283633,-1.045274,0.0],[104.283572,-1.045378,0.0],[104.283636,-1.045447,0.0],[104.283576,-1.045578,0.0],[104.283633,-1.045607,0.0],[104.283862,-1.045502,0.0],[104.283995,-1.045369,0.0],[104.284157,-1.045331,0.0],[104.284338,-1.045378,0.0],[104.284414,-1.045569,0.0],[104.284433,-1.045702,0.0],[104.284395,-1.04593,0.0],[104.284347,-1.046102,0.0],[104.284269,-1.046323,0.0],[104.284185,-1.046539,0.0],[104.284265,-1.046606,0.0],[104.284395,-1.046425,0.0],[104.284585,-1.046311,0.0],[104.284775,-1.046416,0.0],[104.284906,-1.046662,0.0],[104.285137,-1.046748,0.0],[104.285279,-1.046775,0.0],[104.285676,-1.046812,0.0],[104.285963,-1.046835,0.0],[104.286267,-1.046852,0.0],[104.286637,-1.046898,0.0],[104.2874,-1.046942,0.0],[104.287611,-1.046945,0.0],[104.287842,-1.046918,0.0],[104.288173,-1.046892,0.0],[104.28849,-1.046892,0.0],[104.288741,-1.046895,0.0],[104.289038,-1.046895,0.0],[104.289325,-1.046925,0.0],[104.289497,-1.046932,0.0],[104.289708,-1.046912,0.0],[104.290049,-1.046886,0.0],[104.2903,-1.046889,0.0],[104.290567,-1.046919,0.0],[104.290868,-1.046919,0.0],[104.291895,-1.04686,0.0],[104.2924,-1.046856,0.0],[104.292652,-1.046868,0.0],[104.29298,-1.046625,0.0],[104.293437,-1.046682,0.0],[104.293665,-1.046625,0.0],[104.29396,-1.046587,0.0],[104.294217,-1.046616,0.0],[104.294312,-1.04672,0.0],[104.294341,-1.046863,0.0],[104.294436,-1.046863,0.0],[104.294626,-1.046692,0.0],[104.294731,-1.046711,0.0],[104.295007,-1.046711,0.0],[104.29515,-1.04673,0.0],[104.295216,-1.046835,0.0],[104.295334,-1.046979,0.0],[104.295596,-1.046951,0.0],[104.295917,-1.046896,0.0],[104.296636,-1.046757,0.0],[104.296809,-1.046743,0.0],[104.297215,-1.046578,0.0],[104.297577,-1.046587,0.0],[104.2989,-1.046587,0.0],[104.299547,-1.046549,0.0],[104.300232,-1.046492,0.0],[104.300813,-1.046463,0.0],[104.301298,-1.046416,0.0],[104.30147,-1.046533,0.0],[104.301755,-1.046511,0.0],[104.301981,-1.046592,0.0],[104.302107,-1.046302,0.0],[104.302174,-1.046263,0.0],[104.302298,-1.046292,0.0],[104.302471,-1.04649,0.0],[104.302622,-1.046458,0.0],[104.302724,-1.046425,0.0],[104.302844,-1.046366,0.0],[104.302965,-1.046324,0.0],[104.303116,-1.046289,0.0],[104.303228,-1.046275,0.0],[104.303534,-1.046227,0.0],[104.303702,-1.046209,0.0],[104.303946,-1.046205,0.0],[104.304022,-1.046183,0.0],[104.304062,-1.046147,0.0],[104.30416,-1.046002,0.0],[104.304222,-1.045947,0.0],[104.304286,-1.045927,0.0],[104.304381,-1.045923,0.0],[104.30445,-1.045929,0.0],[104.304744,-1.046045,0.0],[104.304849,-1.046045,0.0],[104.304881,-1.04581,0.0],[104.304999,-1.045694,0.0],[104.305134,-1.045603,0.0],[104.305278,-1.045528,0.0],[104.305467,-1.045378,0.0],[104.305562,-1.045483,0.0],[104.305706,-1.045651,0.0],[104.305771,-1.045603,0.0],[104.305824,-1.045541,0.0],[104.305891,-1.045484,0.0],[104.305984,-1.045431,0.0],[104.306071,-1.045403,0.0],[104.306172,-1.045396,0.0],[104.306255,-1.045416,0.0],[104.30635,-1.045473,0.0],[104.306581,-1.045587,0.0],[104.306699,-1.045616,0.0],[104.306805,-1.045612,0.0],[104.306929,-1.045592,0.0],[104.307094,-1.045547,0.0],[104.307282,-1.04549,0.0],[104.307517,-1.045413,0.0],[104.307719,-1.045363,0.0],[104.30798,-1.04515,0.0],[104.308056,-1.045045,0.0],[104.30837,-1.045064,0.0],[104.308618,-1.04496,0.0],[104.308808,-1.045007,0.0],[104.309008,-1.044988,0.0],[104.309189,-1.044864,0.0],[104.309284,-1.044693,0.0],[104.309417,-1.044617,0.0],[104.309665,-1.044569,0.0],[104.309769,-1.044683,0.0],[104.309883,-1.044788,0.0],[104.310179,-1.044741,0.0],[104.310521,-1.04462,0.0],[104.310794,-1.044554,0.0],[104.311164,-1.04449,0.0],[104.311364,-1.04445,0.0],[104.311539,-1.044421,0.0],[104.311688,-1.044388,0.0],[104.311843,-1.044331,0.0],[104.311939,-1.044008,0.0],[104.312092,-1.043884,0.0],[104.31233,-1.043865,0.0],[104.312434,-1.043932,0.0],[104.312453,-1.044055,0.0],[104.312524,-1.044163,0.0],[104.312911,-1.044102,0.0],[104.313133,-1.044071,0.0],[104.313354,-1.044046,0.0],[104.313821,-1.043995,0.0],[104.314034,-1.043952,0.0],[104.314273,-1.043883,0.0],[104.314562,-1.043784,0.0],[104.314837,-1.043694,0.0],[104.315023,-1.04365,0.0],[104.315245,-1.043586,0.0],[104.315459,-1.043533,0.0],[104.315832,-1.043464,0.0],[104.316078,-1.043381,0.0],[104.316302,-1.043293,0.0],[104.316535,-1.043231,0.0],[104.316908,-1.043147,0.0],[104.317269,-1.043023,0.0],[104.317691,-1.042904,0.0],[104.317867,-1.042865,0.0],[104.318004,-1.042823,0.0],[104.318164,-1.04273,0.0],[104.31833,-1.042638,0.0],[104.318473,-1.042565,0.0],[104.318675,-1.042501,0.0],[104.318894,-1.042481,0.0],[104.319141,-1.042435,0.0],[104.319658,-1.042276,0.0],[104.319906,-1.042166,0.0],[104.320126,-1.04208,0.0],[104.320352,-1.041984,0.0],[104.320603,-1.041897,0.0],[104.320861,-1.041833,0.0],[104.321216,-1.041758,0.0],[104.321426,-1.04173,0.0],[104.321911,-1.041763,0.0],[104.322047,-1.041609,0.0],[104.322238,-1.041495,0.0],[104.322495,-1.041514,0.0],[104.322752,-1.041438,0.0],[104.322999,-1.0414,0.0],[104.323161,-1.041276,0.0],[104.323256,-1.041238,0.0],[104.323266,-1.041324,0.0],[104.323266,-1.0414,0.0],[104.323427,-1.041419,0.0],[104.323561,-1.041257,0.0],[104.323627,-1.0412,0.0],[104.323837,-1.041171,0.0],[104.323979,-1.041171,0.0],[104.324046,-1.041276,0.0],[104.324084,-1.041314,0.0],[104.324265,-1.041248,0.0],[104.32437,-1.041143,0.0],[104.324455,-1.041048,0.0],[104.324579,-1.040981,0.0],[104.324817,-1.041038,0.0],[104.324922,-1.041086,0.0],[104.325036,-1.041257,0.0],[104.32516,-1.041219,0.0],[104.325283,-1.041133,0.0],[104.325388,-1.041181,0.0],[104.325626,-1.041133,0.0],[104.325693,-1.041086,0.0],[104.325997,-1.041209,0.0],[104.326145,-1.041376,0.0],[104.326213,-1.041397,0.0],[104.326304,-1.041442,0.0],[104.326616,-1.041552,0.0],[104.326919,-1.041704,0.0],[104.326966,-1.0418,0.0],[104.327039,-1.041762,0.0],[104.327088,-1.041712,0.0],[104.327133,-1.041693,0.0],[104.32716,-1.04175,0.0],[104.327366,-1.041849,0.0],[104.327434,-1.041888,0.0],[104.327468,-1.041971,0.0],[104.327468,-1.042017,0.0],[104.327518,-1.042059,0.0],[104.327522,-1.042226,0.0],[104.327575,-1.042333,0.0],[104.327621,-1.042325,0.0],[104.327663,-1.042276,0.0],[104.327751,-1.042247,0.0],[104.327777,-1.042272,0.0],[104.327825,-1.042362,0.0],[104.327938,-1.042557,0.0],[104.328092,-1.042686,0.0],[104.328137,-1.04272,0.0],[104.329147,-1.042804,0.0],[104.32923,-1.042556,0.0],[104.329344,-1.042251,0.0],[104.329582,-1.041851,0.0],[104.329725,-1.041537,0.0],[104.329849,-1.041328,0.0],[104.330039,-1.041042,0.0],[104.33023,-1.040738,0.0],[104.330639,-1.040338,0.0],[104.331124,-1.039938,0.0],[104.331581,-1.039567,0.0],[104.332105,-1.039215,0.0],[104.332333,-1.039196,0.0],[104.332647,-1.039377,0.0],[104.332866,-1.039577,0.0],[104.333142,-1.039891,0.0],[104.333342,-1.039862,0.0],[104.333113,-1.039529,0.0],[104.332895,-1.03932,0.0],[104.332666,-1.039006,0.0],[104.332933,-1.038758,0.0],[104.333123,-1.038625,0.0],[104.333666,-1.038339,0.0],[104.334132,-1.038101,0.0],[104.334627,-1.037768,0.0],[104.334836,-1.037635,0.0],[104.334998,-1.037702,0.0],[104.335169,-1.037597,0.0],[104.335331,-1.037711,0.0],[104.335588,-1.037911,0.0],[104.335817,-1.038101,0.0],[104.335902,-1.038177,0.0],[104.336083,-1.038177,0.0],[104.336159,-1.038044,0.0],[104.335969,-1.037835,0.0],[104.335664,-1.03754,0.0],[104.335502,-1.03733,0.0],[104.335731,-1.037035,0.0],[104.336521,-1.036398,0.0],[104.336959,-1.036055,0.0],[104.33712,-1.035884,0.0],[104.337235,-1.035884,0.0],[104.337473,-1.036026,0.0],[104.337587,-1.03616,0.0],[104.337749,-1.036331,0.0],[104.338006,-1.036474,0.0],[104.338101,-1.036483,0.0],[104.338215,-1.03635,0.0],[104.338215,-1.036084,0.0],[104.338158,-1.035836,0.0],[104.338053,-1.03557,0.0],[104.337968,-1.035389,0.0],[104.33792,-1.03517,0.0],[104.338072,-1.034932,0.0],[104.338167,-1.034827,0.0],[104.338748,-1.033999,0.0],[104.339148,-1.03359,0.0],[104.339414,-1.033333,0.0],[104.339576,-1.033152,0.0],[104.339824,-1.033038,0.0],[104.339995,-1.033104,0.0],[104.340081,-1.033133,0.0],[104.340135,-1.033178,0.0],[104.34014,-1.033097,0.0],[104.340028,-1.033001,0.0],[104.339926,-1.03294,0.0],[104.339902,-1.032854,0.0],[104.339976,-1.0328,0.0],[104.340157,-1.032733,0.0],[104.340366,-1.032705,0.0],[104.340709,-1.032876,0.0],[104.340928,-1.033019,0.0],[104.341108,-1.033133,0.0],[104.341242,-1.033181,0.0],[104.341461,-1.033171,0.0],[104.341527,-1.033237,0.0],[104.341558,-1.033382,0.0],[104.341605,-1.033506,0.0],[104.341777,-1.033677,0.0],[104.341891,-1.033739,0.0],[104.342,-1.033849,0.0],[104.342365,-1.03399,0.0],[104.342508,-1.033942,0.0],[104.342679,-1.03399,0.0],[104.342803,-1.034066,0.0],[104.342964,-1.034142,0.0],[104.343145,-1.034161,0.0],[104.34324,-1.034028,0.0],[104.343269,-1.033828,0.0],[104.343269,-1.033342,0.0],[104.343193,-1.033104,0.0],[104.343098,-1.032895,0.0],[104.342974,-1.032781,0.0],[104.342879,-1.032667,0.0],[104.342765,-1.032419,0.0],[104.342726,-1.032229,0.0],[104.342584,-1.032162,0.0],[104.342431,-1.032134,0.0],[104.342431,-1.031943,0.0],[104.342327,-1.031791,0.0],[104.342289,-1.031639,0.0],[104.342403,-1.03162,0.0],[104.342574,-1.031772,0.0],[104.342774,-1.031991,0.0],[104.343012,-1.032191,0.0],[104.343117,-1.032391,0.0],[104.343298,-1.032533,0.0],[104.343555,-1.03261,0.0],[104.343831,-1.0328,0.0],[104.343973,-1.032971,0.0],[104.344211,-1.033133,0.0],[104.344459,-1.033228,0.0],[104.344754,-1.033323,0.0],[104.344982,-1.0334,0.0],[104.34503,-1.0332,0.0],[104.344925,-1.032962,0.0],[104.34483,-1.0328,0.0],[104.344649,-1.032657,0.0],[104.344506,-1.032619,0.0],[104.344202,-1.032552,0.0],[104.344145,-1.032486,0.0],[104.344306,-1.032438,0.0],[104.344868,-1.032524,0.0],[104.345344,-1.032667,0.0],[104.345534,-1.0326,0.0],[104.345991,-1.032667,0.0],[104.346334,-1.032838,0.0],[104.3464,-1.032714,0.0],[104.346505,-1.032619,0.0],[104.346581,-1.032752,0.0],[104.346657,-1.032838,0.0],[104.346724,-1.032562,0.0],[104.346772,-1.032505,0.0],[104.346971,-1.032476,0.0],[104.347095,-1.032619,0.0],[104.347171,-1.032676,0.0],[104.347333,-1.03259,0.0],[104.347314,-1.032372,0.0],[104.347371,-1.032305,0.0],[104.347581,-1.032286,0.0],[104.347723,-1.032324,0.0],[104.347857,-1.032381,0.0],[104.347952,-1.032429,0.0],[104.348066,-1.032429,0.0],[104.348218,-1.032533,0.0],[104.348218,-1.032286,0.0],[104.348228,-1.032096,0.0],[104.348437,-1.032029,0.0],[104.34858,-1.032105,0.0],[104.34897,-1.032038,0.0],[104.349037,-1.032124,0.0],[104.349161,-1.032115,0.0],[104.349256,-1.031753,0.0],[104.349132,-1.031572,0.0],[104.349246,-1.03141,0.0],[104.349389,-1.031277,0.0],[104.349655,-1.031077,0.0],[104.349922,-1.030925,0.0],[104.350074,-1.03082,0.0],[104.350179,-1.030658,0.0],[104.350379,-1.030411,0.0],[104.350541,-1.030173,0.0],[104.350721,-1.03003,0.0],[104.350902,-1.029849,0.0],[104.351083,-1.029621,0.0],[104.351159,-1.029402,0.0],[104.351102,-1.028936,0.0],[104.35114,-1.028641,0.0],[104.35114,-1.028298,0.0],[104.351407,-1.028355,0.0],[104.351626,-1.028384,0.0],[104.351711,-1.028336,0.0],[104.351702,-1.028117,0.0],[104.351711,-1.028079,0.0],[104.351997,-1.028127,0.0],[104.352121,-1.028203,0.0],[104.35234,-1.027927,0.0],[104.35253,-1.027784,0.0],[104.352711,-1.027565,0.0],[104.352901,-1.027308,0.0],[104.35312,-1.027004,0.0],[104.353282,-1.026775,0.0],[104.353434,-1.02648,0.0],[104.35351,-1.026471,0.0],[104.353643,-1.026528,0.0],[104.353862,-1.02609,0.0],[104.354024,-1.025842,0.0],[104.35411,-1.025623,0.0],[104.354272,-1.025405,0.0],[104.354262,-1.025233,0.0],[104.354091,-1.025109,0.0],[104.354186,-1.025071,0.0],[104.354443,-1.025033,0.0],[104.354805,-1.0249,0.0],[104.355005,-1.024634,0.0],[104.355071,-1.024386,0.0],[104.355119,-1.02412,0.0],[104.355214,-1.023901,0.0],[104.355214,-1.023634,0.0],[104.355157,-1.02352,0.0],[104.35509,-1.023444,0.0],[104.355109,-1.02333,0.0],[104.355176,-1.023263,0.0],[104.355376,-1.023215,0.0],[104.355452,-1.023215,0.0],[104.355538,-1.023187,0.0],[104.355614,-1.023101,0.0],[104.35549,-1.022787,0.0],[104.355452,-1.022568,0.0],[104.355423,-1.02234,0.0],[104.355471,-1.022102,0.0],[104.355538,-1.02194,0.0],[104.355725,-1.021879,0.0],[104.355745,-1.021832,0.0],[104.355875,-1.021638,0.0],[104.355946,-1.02152,0.0],[104.355983,-1.021428,0.0],[104.355978,-1.021353,0.0],[104.355912,-1.021227,0.0],[104.355854,-1.021071,0.0],[104.35584,-1.020972,0.0],[104.355874,-1.020665,0.0],[104.355931,-1.020608,0.0],[104.355988,-1.02046,0.0],[104.355998,-1.020222,0.0],[104.355998,-1.019808,0.0],[104.355993,-1.019575,0.0],[104.356107,-1.019418,0.0],[104.356507,-1.019056,0.0],[104.356652,-1.018912,0.0],[104.356672,-1.018811,0.0],[104.356916,-1.018675,0.0],[104.357017,-1.01861,0.0],[104.357109,-1.018619,0.0],[104.357407,-1.018561,0.0],[104.357635,-1.01849,0.0],[104.357897,-1.018476,0.0],[104.35812,-1.018447,0.0],[104.358363,-1.018423,0.0],[104.35852,-1.018442,0.0],[104.358715,-1.018513,0.0],[104.359072,-1.018566,0.0],[104.359377,-1.01868,0.0],[104.359915,-1.018909,0.0],[104.360443,-1.019189,0.0],[104.360961,-1.019546,0.0],[104.361509,-1.019965,0.0],[104.361768,-1.020185,0.0],[104.361916,-1.020263,0.0],[104.362041,-1.020364,0.0],[104.362105,-1.020431,0.0],[104.362346,-1.020657,0.0],[104.362417,-1.020702,0.0],[104.362879,-1.02115,0.0],[104.363212,-1.021407,0.0],[104.364007,-1.02204,0.0],[104.364497,-1.022502,0.0],[104.364764,-1.022735,0.0],[104.365007,-1.02293,0.0],[104.365053,-1.023002,0.0],[104.365198,-1.023099,0.0],[104.36524,-1.023277,0.0],[104.365378,-1.023377,0.0],[104.365478,-1.02352,0.0],[104.365578,-1.023577,0.0],[104.365654,-1.023682,0.0],[104.365792,-1.023815,0.0],[104.365896,-1.023853,0.0],[104.36612,-1.023644,0.0],[104.366265,-1.023531,0.0],[104.366287,-1.023553,0.0],[104.367006,-1.024392,0.0],[104.367321,-1.024773,0.0],[104.367967,-1.025571,0.0],[104.367986,-1.025634,0.0],[104.36768,-1.025884,0.0],[104.367635,-1.025923,0.0],[104.367803,-1.026325,0.0],[104.367924,-1.026428,0.0],[104.36801,-1.026523,0.0],[104.368058,-1.026584,0.0],[104.368139,-1.02671,0.0],[104.368355,-1.026899,0.0],[104.3686,-1.027083,0.0],[104.368989,-1.027433,0.0],[104.369165,-1.027645,0.0],[104.36931,-1.027888,0.0],[104.3695,-1.028186,0.0],[104.369594,-1.028317,0.0],[104.36965,-1.028354,0.0],[104.370299,-1.029291,0.0],[104.37071,-1.029923,0.0],[104.370969,-1.030372,0.0],[104.371106,-1.030684,0.0],[104.371075,-1.030882,0.0],[104.371319,-1.030981,0.0],[104.371578,-1.031278,0.0],[104.371859,-1.031929,0.0],[104.372134,-1.032386,0.0],[104.372476,-1.032674,0.0],[104.372695,-1.032865,0.0],[104.372838,-1.033179,0.0],[104.372943,-1.033483,0.0],[104.373,-1.033731,0.0],[104.373361,-1.034054,0.0],[104.37359,-1.034368,0.0],[104.373771,-1.03473,0.0],[104.373932,-1.035044,0.0],[104.374237,-1.035615,0.0],[104.374361,-1.035958,0.0],[104.374494,-1.036291,0.0],[104.374722,-1.036596,0.0],[104.375084,-1.036948,0.0],[104.375379,-1.037157,0.0],[104.375869,-1.03706,0.0],[104.376353,-1.038059,0.0],[104.376484,-1.038197,0.0],[104.376564,-1.038306,0.0],[104.376649,-1.038517,0.0],[104.376798,-1.038734,0.0],[104.376884,-1.038945,0.0],[104.377021,-1.039202,0.0],[104.377146,-1.039448,0.0],[104.377249,-1.039596,0.0],[104.377455,-1.039916,0.0],[104.377597,-1.040185,0.0],[104.37774,-1.04043,0.0],[104.3779,-1.040744,0.0],[104.378054,-1.040933,0.0],[104.37821,-1.041284,0.0],[104.378359,-1.041513,0.0],[104.378511,-1.041784,0.0],[104.378604,-1.041973,0.0],[104.378648,-1.042197,0.0],[104.378667,-1.042282,0.0],[104.37885,-1.042553,0.0],[104.378966,-1.042689,0.0],[104.379101,-1.042951,0.0],[104.379151,-1.043127,0.0],[104.379528,-1.043651,0.0],[104.379608,-1.043773,0.0],[104.379688,-1.043926,0.0],[104.379749,-1.044135,0.0],[104.379821,-1.044329,0.0],[104.379887,-1.044434,0.0],[104.380206,-1.044979,0.0],[104.380282,-1.045177,0.0],[104.380309,-1.045273,0.0],[104.380422,-1.045478,0.0],[104.380583,-1.045801,0.0],[104.380749,-1.046177,0.0],[104.380756,-1.046221,0.0],[104.380878,-1.046473,0.0],[104.380975,-1.046728,0.0],[104.381131,-1.047014,0.0],[104.38136,-1.047416,0.0],[104.381497,-1.04764,0.0],[104.381696,-1.048132,0.0],[104.381921,-1.04857,0.0],[104.382042,-1.0489,0.0],[104.38229,-1.04934,0.0],[104.38292,-1.050521,0.0],[104.383024,-1.050807,0.0],[104.383165,-1.051135,0.0],[104.383508,-1.051783,0.0],[104.383714,-1.052228,0.0],[104.383908,-1.052645,0.0],[104.38413,-1.053062,0.0],[104.384382,-1.053513,0.0],[104.384627,-1.053959,0.0],[104.384736,-1.054199,0.0],[104.384737,-1.054407,0.0],[104.385159,-1.055374,0.0],[104.385205,-1.055426,0.0],[104.385506,-1.055945,0.0],[104.38582,-1.056593,0.0],[104.386058,-1.057078,0.0],[104.386296,-1.057478,0.0],[104.386329,-1.057542,0.0],[104.386358,-1.057768,0.0],[104.38642,-1.057973,0.0],[104.38646,-1.058156,0.0],[104.386696,-1.058449,0.0],[104.386906,-1.059047,0.0],[104.3871,-1.059424,0.0],[104.38726,-1.059778,0.0],[104.387396,-1.059873,0.0],[104.387552,-1.06019,0.0],[104.387895,-1.060895,0.0],[104.388143,-1.061456,0.0],[104.388695,-1.062694,0.0],[104.38919,-1.06376,0.0],[104.389427,-1.064369,0.0],[104.389584,-1.064856,0.0],[104.389593,-1.064901,0.0],[104.389596,-1.064985,0.0],[104.389922,-1.065815,0.0],[104.390132,-1.066605,0.0],[104.390512,-1.067472,0.0],[104.390636,-1.067976,0.0],[104.390884,-1.068557,0.0],[104.390865,-1.068763,0.0],[104.390907,-1.068805,0.0],[104.390977,-1.068837,0.0],[104.391066,-1.068925,0.0],[104.391208,-1.068873,0.0],[104.391265,-1.068847,0.0],[104.391318,-1.068904,0.0],[104.391474,-1.069098,0.0],[104.391547,-1.069182,0.0],[104.391474,-1.069234,0.0],[104.391417,-1.06922,0.0],[104.391406,-1.069284,0.0],[104.391429,-1.069338,0.0],[104.391417,-1.069406,0.0],[104.39141,-1.069562,0.0],[104.39147,-1.069685,0.0],[104.391464,-1.069794,0.0],[104.391521,-1.070003,0.0],[104.391721,-1.070355,0.0],[104.391816,-1.07067,0.0],[104.391859,-1.070838,0.0],[104.392045,-1.070921,0.0],[104.392144,-1.071055,0.0],[104.392236,-1.071249,0.0],[104.392278,-1.071382,0.0],[104.39225,-1.07144,0.0],[104.392267,-1.071483,0.0],[104.392305,-1.071845,0.0],[104.392332,-1.071915,0.0],[104.39243,-1.071968,0.0],[104.392495,-1.072018,0.0],[104.392492,-1.072078,0.0],[104.392359,-1.07223,0.0],[104.392351,-1.072289,0.0],[104.392396,-1.072368,0.0],[104.392453,-1.072406,0.0],[104.392524,-1.072478,0.0],[104.392606,-1.072506,0.0],[104.392835,-1.072783,0.0],[104.392826,-1.07289,0.0],[104.392807,-1.072985,0.0],[104.392838,-1.073052,0.0],[104.392796,-1.073129,0.0],[104.39292,-1.073225,0.0],[104.393001,-1.073221,0.0],[104.393054,-1.07324,0.0],[104.3931,-1.073293,0.0],[104.393085,-1.073367,0.0],[104.393035,-1.073404,0.0],[104.393031,-1.07348,0.0],[104.393074,-1.073646,0.0],[104.393157,-1.073697,0.0],[104.393283,-1.073876,0.0],[104.393306,-1.073933,0.0],[104.393351,-1.074078,0.0],[104.393374,-1.074226,0.0],[104.393359,-1.074356,0.0],[104.3933,-1.074455,0.0],[104.393351,-1.074538,0.0],[104.393401,-1.074592,0.0],[104.393536,-1.074527,0.0],[104.393644,-1.074581,0.0],[104.39373,-1.074734,0.0],[104.393727,-1.07479,0.0],[104.393675,-1.074824,0.0],[104.393644,-1.074881,0.0],[104.393633,-1.074968,0.0],[104.393641,-1.075117,0.0],[104.39371,-1.075191,0.0],[104.393751,-1.075166,0.0],[104.393816,-1.075159,0.0],[104.393915,-1.075239,0.0],[104.393938,-1.075315,0.0],[104.393901,-1.075419,0.0],[104.39385,-1.075414,0.0],[104.393826,-1.075465,0.0],[104.393895,-1.075574,0.0],[104.393935,-1.075571,0.0],[104.394015,-1.075695,0.0],[104.394213,-1.076009,0.0],[104.394384,-1.076342,0.0],[104.394459,-1.076676,0.0],[104.394433,-1.076804,0.0],[104.394429,-1.07691,0.0],[104.394448,-1.07704,0.0],[104.394501,-1.077123,0.0],[104.394551,-1.077218,0.0],[104.394641,-1.077303,0.0],[104.394756,-1.077675,0.0],[104.394822,-1.07816,0.0],[104.395047,-1.078646,0.0],[104.395103,-1.078669,0.0],[104.395129,-1.078711,0.0],[104.395141,-1.078802,0.0],[104.395137,-1.07889,0.0],[104.395106,-1.079012,0.0],[104.395084,-1.079065,0.0],[104.395064,-1.079156,0.0],[104.395064,-1.079232,0.0],[104.395044,-1.079325,0.0],[104.395106,-1.07937,0.0],[104.395141,-1.079453,0.0],[104.395114,-1.079539,0.0],[104.39524,-1.079686,0.0],[104.395278,-1.079758,0.0],[104.395323,-1.079864,0.0],[104.395327,-1.079956,0.0],[104.39531,-1.080049,0.0],[104.395379,-1.080229,0.0],[104.395358,-1.080291,0.0],[104.395339,-1.080382,0.0],[104.395346,-1.080542,0.0],[104.395419,-1.080736,0.0],[104.395422,-1.080809,0.0],[104.395518,-1.081048,0.0],[104.395641,-1.081095,0.0],[104.395707,-1.081339,0.0],[104.39582,-1.081667,0.0],[104.395769,-1.081722,0.0],[104.395765,-1.081791,0.0],[104.395773,-1.081852,0.0],[104.395811,-1.081905,0.0],[104.395898,-1.081891,0.0],[104.395963,-1.082095,0.0],[104.396004,-1.082373,0.0],[104.39595,-1.082409,0.0],[104.396043,-1.082579,0.0],[104.396066,-1.082708,0.0],[104.396085,-1.082853,0.0],[104.396188,-1.083245,0.0],[104.396114,-1.083333,0.0],[104.396203,-1.083548,0.0],[104.396474,-1.083618,0.0],[104.396646,-1.083694,0.0],[104.396712,-1.083798,0.0],[104.396684,-1.083979,0.0],[104.396731,-1.084227,0.0],[104.396903,-1.084684,0.0],[104.397084,-1.085017,0.0],[104.397103,-1.085226,0.0],[104.397007,-1.085302,0.0],[104.397007,-1.085464,0.0],[104.397112,-1.085559,0.0],[104.397255,-1.085493,0.0],[104.397455,-1.085626,0.0],[104.39756,-1.086102,0.0],[104.397636,-1.086654,0.0],[104.397778,-1.087168,0.0],[104.397864,-1.087444,0.0],[104.397797,-1.087653,0.0],[104.397721,-1.08791,0.0],[104.397683,-1.088234,0.0],[104.397826,-1.089452,0.0],[104.397883,-1.089976,0.0],[104.398035,-1.090404,0.0],[104.398054,-1.090613,0.0],[104.398007,-1.090842,0.0],[104.397921,-1.09107,0.0],[104.397712,-1.09108,0.0],[104.397502,-1.091165,0.0],[104.397355,-1.09133,0.0],[104.397198,-1.091479,0.0],[104.397198,-1.091774,0.0],[104.397255,-1.091898,0.0],[104.397452,-1.092095,0.0],[104.397523,-1.092365,0.0],[104.397322,-1.092488,0.0],[104.397283,-1.092622,0.0],[104.397407,-1.092745,0.0],[104.397542,-1.092664,0.0],[104.397536,-1.09297,0.0],[104.397505,-1.093364,0.0],[104.397474,-1.093719,0.0],[104.397474,-1.094075,0.0],[104.397535,-1.094518,0.0],[104.397672,-1.095037,0.0],[104.397814,-1.095523,0.0],[104.398019,-1.095985,0.0],[104.398161,-1.096304,0.0],[104.398273,-1.096822,0.0],[104.398273,-1.097159,0.0],[104.398304,-1.097546,0.0],[104.398329,-1.098283,0.0],[104.398335,-1.098545,0.0],[104.398197,-1.098827,0.0],[104.39815,-1.098941,0.0],[104.398245,-1.099065,0.0],[104.398452,-1.099163,0.0],[104.398513,-1.099423,0.0],[104.398302,-1.09956,0.0],[104.398064,-1.099674,0.0],[104.397997,-1.099903,0.0],[104.39815,-1.099969,0.0],[104.39863,-1.099932,0.0],[104.398706,-1.100293,0.0],[104.398781,-1.100592,0.0],[104.398899,-1.101029,0.0],[104.398948,-1.101591,0.0],[104.398944,-1.102403,0.0],[104.399026,-1.102965,0.0],[104.399078,-1.103294,0.0],[104.398975,-1.103332,0.0],[104.398933,-1.103413,0.0],[104.398918,-1.103498,0.0],[104.398923,-1.10357,0.0],[104.399018,-1.103627,0.0],[104.399141,-1.103669,0.0],[104.39929,-1.104356,0.0],[104.399426,-1.105124,0.0],[104.399486,-1.10564,0.0],[104.399539,-1.106028,0.0],[104.399591,-1.106231,0.0],[104.399769,-1.107496,0.0],[104.399837,-1.107553,0.0],[104.399894,-1.107624,0.0],[104.399927,-1.107696,0.0],[104.399941,-1.107767,0.0],[104.399932,-1.107829,0.0],[104.39982,-1.107951,0.0],[104.399834,-1.108088,0.0],[104.399872,-1.10865,0.0],[104.399891,-1.108964,0.0],[104.399984,-1.109195,0.0],[104.400132,-1.109233,0.0],[104.400156,-1.109299,0.0],[104.400132,-1.109371,0.0],[104.400072,-1.109411,0.0],[104.400044,-1.109582,0.0],[104.399987,-1.109744,0.0],[104.399939,-1.109934,0.0],[104.400015,-1.110068,0.0],[104.400158,-1.110163,0.0],[104.400196,-1.110448,0.0],[104.400196,-1.110563,0.0],[104.400253,-1.110763,0.0],[104.400234,-1.110981,0.0],[104.400205,-1.111115,0.0],[104.400348,-1.111257,0.0],[104.400386,-1.111353,0.0],[104.400348,-1.111657,0.0],[104.400196,-1.111876,0.0],[104.400053,-1.111971,0.0],[104.40011,-1.112209,0.0],[104.40011,-1.112371,0.0],[104.400139,-1.112571,0.0],[104.400072,-1.112695,0.0],[104.399929,-1.112809,0.0],[104.399891,-1.11299,0.0],[104.400025,-1.113085,0.0],[104.399968,-1.113228,0.0],[104.399815,-1.113332,0.0],[104.399872,-1.113732,0.0],[104.39973,-1.113884,0.0],[104.399663,-1.113989,0.0],[104.399644,-1.114094,0.0],[104.399701,-1.114208,0.0],[104.399942,-1.114222,0.0],[104.399996,-1.114598,0.0],[104.399987,-1.114798,0.0],[104.400491,-1.114798,0.0],[104.400586,-1.114903,0.0],[104.400634,-1.115017,0.0],[104.400815,-1.115226,0.0],[104.400872,-1.11536,0.0],[104.400929,-1.115521,0.0],[104.400986,-1.115617,0.0],[104.40131,-1.116302,0.0],[104.401462,-1.116464,0.0],[104.401586,-1.11654,0.0],[104.401662,-1.116711,0.0],[104.401671,-1.116863,0.0],[104.4017,-1.117054,0.0],[104.401909,-1.117282,0.0],[104.401966,-1.117406,0.0],[104.401976,-1.117596,0.0],[104.402042,-1.117749,0.0],[104.402204,-1.117882,0.0],[104.402233,-1.118101,0.0],[104.402242,-1.118339,0.0],[104.402357,-1.118624,0.0],[104.402613,-1.119214,0.0],[104.402899,-1.119985,0.0],[104.403089,-1.120737,0.0],[104.403622,-1.122117,0.0],[104.403613,-1.122479,0.0],[104.403641,-1.122755,0.0],[104.403775,-1.123079,0.0],[104.403889,-1.123326,0.0],[104.404022,-1.12364,0.0],[104.404117,-1.123897,0.0],[104.404232,-1.124411,0.0],[104.404289,-1.124925,0.0],[104.404346,-1.125249,0.0],[104.404602,-1.125474,0.0],[104.40463,-1.125625,0.0],[104.40445,-1.125782,0.0],[104.404431,-1.12582,0.0],[104.40445,-1.125972,0.0],[104.404603,-1.126086,0.0],[104.404612,-1.126134,0.0],[104.404546,-1.126391,0.0],[104.404669,-1.126524,0.0],[104.404784,-1.126686,0.0],[104.404869,-1.126981,0.0],[104.404774,-1.127143,0.0],[104.404765,-1.127181,0.0],[104.404898,-1.127333,0.0],[104.404993,-1.127542,0.0],[104.404964,-1.127666,0.0],[104.404955,-1.127914,0.0],[104.405031,-1.128123,0.0],[104.405041,-1.128447,0.0],[104.40506,-1.128732,0.0],[104.404983,-1.129303,0.0],[104.404888,-1.129798,0.0],[104.404974,-1.130112,0.0],[104.404955,-1.130284,0.0],[104.40486,-1.130503,0.0],[104.404774,-1.130607,0.0],[104.404888,-1.130826,0.0],[104.404907,-1.130883,0.0],[104.404999,-1.131004,0.0],[104.404948,-1.131417,0.0],[104.404812,-1.131673,0.0],[104.40465,-1.132082,0.0],[104.404612,-1.132292,0.0],[104.404669,-1.132615,0.0],[104.404726,-1.132806,0.0],[104.404717,-1.132968,0.0],[104.40465,-1.133101,0.0],[104.404593,-1.133348,0.0],[104.404679,-1.133567,0.0],[104.404707,-1.133672,0.0],[104.40466,-1.133872,0.0],[104.404641,-1.134081,0.0],[104.404707,-1.134291,0.0],[104.404846,-1.134408,0.0],[104.404719,-1.134712,0.0],[104.404712,-1.135016,0.0],[104.404696,-1.135214,0.0],[104.404727,-1.135435,0.0],[104.404704,-1.135785,0.0],[104.404704,-1.135915,0.0],[104.404842,-1.136096,0.0],[104.404848,-1.136253,0.0],[104.404844,-1.136372,0.0],[104.404719,-1.136593,0.0],[104.404681,-1.136859,0.0],[104.404712,-1.137019,0.0],[104.404817,-1.137271,0.0],[104.404812,-1.137503,0.0],[104.404651,-1.137605,0.0],[104.404521,-1.137666,0.0],[104.404605,-1.137765,0.0],[104.404658,-1.137819,0.0],[104.404582,-1.137933,0.0],[104.404582,-1.138039,0.0],[104.404605,-1.138131,0.0],[104.404536,-1.13823,0.0],[104.404643,-1.138283,0.0],[104.404696,-1.138374,0.0],[104.404734,-1.138618,0.0],[104.404757,-1.138923,0.0],[104.40459,-1.139052,0.0],[104.404689,-1.139166,0.0],[104.404689,-1.139288,0.0],[104.404727,-1.139463,0.0],[104.404765,-1.139585,0.0],[104.404765,-1.13976,0.0],[104.404597,-1.140072,0.0],[104.404529,-1.140209,0.0],[104.404498,-1.140324,0.0],[104.404521,-1.140529,0.0],[104.404681,-1.140666,0.0],[104.404734,-1.141293,0.0],[104.404781,-1.141749,0.0],[104.404857,-1.142206,0.0],[104.404962,-1.142654,0.0],[104.405029,-1.142968,0.0],[104.405076,-1.143206,0.0],[104.405152,-1.143558,0.0],[104.405219,-1.143853,0.0],[104.405324,-1.144177,0.0],[104.4054,-1.144767,0.0],[104.405448,-1.145052,0.0],[104.405552,-1.145243,0.0],[104.405647,-1.145357,0.0],[104.405695,-1.145671,0.0],[104.405724,-1.145814,0.0],[104.405865,-1.146122,0.0],[104.405876,-1.146263,0.0],[104.405714,-1.146413,0.0],[104.405704,-1.146527,0.0],[104.405743,-1.146689,0.0],[104.40579,-1.146756,0.0],[104.405809,-1.146965,0.0],[104.405838,-1.147175,0.0],[104.405975,-1.147293,0.0],[104.405866,-1.147413,0.0],[104.4058,-1.147574,0.0],[104.405752,-1.147651,0.0],[104.40579,-1.147793,0.0],[104.405904,-1.147955,0.0],[104.405952,-1.14806,0.0],[104.405961,-1.148164,0.0],[104.405942,-1.148279,0.0],[104.405914,-1.148374,0.0],[104.405933,-1.148602,0.0],[104.405971,-1.148774,0.0],[104.406095,-1.148926,0.0],[104.406095,-1.148974,0.0],[104.40599,-1.149059,0.0],[104.405971,-1.149183,0.0],[104.406095,-1.149259,0.0],[104.406057,-1.149478,0.0],[104.406047,-1.149735,0.0],[104.406028,-1.15002,0.0],[104.406076,-1.150325,0.0],[104.406038,-1.150468,0.0],[104.406076,-1.150734,0.0],[104.406199,-1.150858,0.0],[104.406209,-1.151153,0.0],[104.40619,-1.151334,0.0],[104.40618,-1.151648,0.0],[104.406266,-1.152162,0.0],[104.406323,-1.152828,0.0],[104.406447,-1.153276,0.0],[104.406552,-1.153837,0.0],[104.406685,-1.155541,0.0],[104.406713,-1.156121,0.0],[104.406837,-1.156826,0.0],[104.40698,-1.157444,0.0],[104.407037,-1.157892,0.0],[104.407208,-1.158092,0.0],[104.407199,-1.158234,0.0],[104.407132,-1.158349,0.0],[104.407142,-1.158739,0.0],[104.40717,-1.159262,0.0],[104.407199,-1.159672,0.0],[104.407256,-1.160205,0.0],[104.407389,-1.161213,0.0],[104.407427,-1.162022,0.0],[104.407532,-1.162651,0.0],[104.407551,-1.163136,0.0],[104.407446,-1.163593,0.0],[104.407294,-1.164088,0.0],[104.407104,-1.164897,0.0],[104.407047,-1.165259,0.0],[104.406923,-1.165649,0.0],[104.406904,-1.166001,0.0],[104.407083,-1.166166,0.0],[104.407015,-1.166349,0.0],[104.40683,-1.166613,0.0],[104.406677,-1.166866,0.0],[104.406342,-1.167408,0.0],[104.40616,-1.167708,0.0],[104.406032,-1.167815,0.0],[104.405933,-1.167971,0.0],[104.405733,-1.168057,0.0],[104.405533,-1.168019,0.0],[104.405276,-1.167885,0.0],[104.405097,-1.167672,0.0],[104.404864,-1.16769,0.0],[104.404725,-1.167763,0.0],[104.404623,-1.167899,0.0],[104.404587,-1.168082,0.0],[104.404591,-1.168331,0.0],[104.404656,-1.168617,0.0],[104.404751,-1.168914,0.0],[104.404867,-1.169243,0.0],[104.404969,-1.169515,0.0],[104.405078,-1.169786,0.0],[104.405103,-1.170115,0.0],[104.405034,-1.170438,0.0],[104.404732,-1.171079,0.0],[104.40451,-1.17146,0.0],[104.404507,-1.171814,0.0],[104.404408,-1.17202,0.0],[104.404347,-1.172127,0.0],[104.40434,-1.172302,0.0],[104.404378,-1.172477,0.0],[104.40434,-1.172576,0.0],[104.404401,-1.172835,0.0],[104.404416,-1.173223,0.0],[104.404347,-1.173741,0.0],[104.404324,-1.174091,0.0],[104.404401,-1.174289,0.0],[104.404408,-1.174441,0.0],[104.404332,-1.174693,0.0],[104.404248,-1.174799,0.0],[104.404218,-1.174967,0.0],[104.404309,-1.175043,0.0],[104.404309,-1.175264,0.0],[104.404248,-1.175485,0.0],[104.404066,-1.175675,0.0],[104.404096,-1.175941,0.0],[104.404088,-1.176147,0.0],[104.404088,-1.176436,0.0],[104.403951,-1.176649,0.0],[104.403723,-1.176756,0.0],[104.403517,-1.176771,0.0],[104.403373,-1.176825,0.0],[104.403213,-1.176985,0.0],[104.403167,-1.17719,0.0],[104.403022,-1.177373,0.0],[104.402741,-1.177487,0.0],[104.402672,-1.177388,0.0],[104.40252,-1.177327,0.0],[104.402398,-1.17732,0.0],[104.402162,-1.177462,0.0],[104.402051,-1.177882,0.0],[104.401698,-1.178663,0.0],[104.401347,-1.178979,0.0],[104.401187,-1.179109,0.0],[104.400951,-1.179292,0.0],[104.400766,-1.179623,0.0],[104.400675,-1.179703,0.0],[104.400588,-1.179772,0.0],[104.400502,-1.180015,0.0],[104.400281,-1.180167,0.0],[104.40014,-1.180198,0.0],[104.40003,-1.180281,0.0],[104.399992,-1.180411,0.0],[104.399984,-1.180594,0.0],[104.399931,-1.180723,0.0],[104.399823,-1.180875,0.0],[104.399575,-1.180912,0.0],[104.399466,-1.180941,0.0],[104.399339,-1.180992,0.0],[104.399291,-1.181047,0.0],[104.399233,-1.181165,0.0],[104.399138,-1.181381,0.0],[104.399044,-1.18163,0.0],[104.398953,-1.18181,0.0],[104.398994,-1.182033,0.0],[104.398926,-1.18217,0.0],[104.398835,-1.182261,0.0],[104.398644,-1.182391,0.0],[104.398523,-1.18237,0.0],[104.398477,-1.182431,0.0],[104.398477,-1.182566,0.0],[104.398522,-1.182718,0.0],[104.398538,-1.182878,0.0],[104.398492,-1.182924,0.0],[104.398355,-1.182946,0.0],[104.398195,-1.182954,0.0],[104.39805,-1.183015,0.0],[104.397982,-1.183167,0.0],[104.397906,-1.18332,0.0],[104.397784,-1.183525,0.0],[104.397738,-1.183655,0.0],[104.397647,-1.183853,0.0],[104.397555,-1.184058,0.0],[104.397278,-1.184406,0.0],[104.397234,-1.184509,0.0],[104.397085,-1.18489,0.0],[104.396917,-1.185257,0.0],[104.396739,-1.185652,0.0],[104.396385,-1.186407,0.0],[104.396163,-1.186968,0.0],[104.395988,-1.187352,0.0],[104.395657,-1.188052,0.0],[104.395154,-1.188924,0.0],[104.394965,-1.189246,0.0],[104.394834,-1.189492,0.0],[104.39455,-1.19003,0.0],[104.394492,-1.190182,0.0],[104.394243,-1.190416,0.0],[104.394038,-1.190515,0.0],[104.394068,-1.19085,0.0],[104.394299,-1.191055,0.0],[104.3945,-1.191124,0.0],[104.394464,-1.191186,0.0],[104.394395,-1.191222,0.0],[104.394379,-1.19127,0.0],[104.3944,-1.191353,0.0],[104.394376,-1.191415,0.0],[104.394234,-1.191397,0.0],[104.394178,-1.191631,0.0],[104.394102,-1.191976,0.0],[104.394021,-1.192456,0.0],[104.39397,-1.192917,0.0],[104.393912,-1.193383,0.0],[104.393872,-1.193559,0.0],[104.393777,-1.193866,0.0],[104.393701,-1.194181,0.0],[104.393661,-1.194394,0.0],[104.393621,-1.19468,0.0],[104.393569,-1.195292,0.0],[104.393537,-1.195658,0.0],[104.3935,-1.195984,0.0],[104.393424,-1.196372,0.0],[104.393329,-1.196819,0.0],[104.393252,-1.197211,0.0],[104.393186,-1.197596,0.0],[104.39308,-1.197654,0.0],[104.393012,-1.197867,0.0],[104.392875,-1.198636,0.0],[104.392783,-1.199055,0.0],[104.392722,-1.199268,0.0],[104.392756,-1.199434,0.0],[104.392702,-1.199597,0.0],[104.392618,-1.199897,0.0],[104.39256,-1.20023,0.0],[104.392502,-1.200604,0.0],[104.392473,-1.200883,0.0],[104.392447,-1.201201,0.0],[104.392429,-1.201553,0.0],[104.392425,-1.201897,0.0],[104.392436,-1.20233,0.0],[104.392443,-1.202714,0.0],[104.392447,-1.203341,0.0],[104.392439,-1.20359,0.0],[104.392392,-1.203902,0.0],[104.392333,-1.204187,0.0],[104.392197,-1.204583,0.0],[104.392174,-1.204788,0.0],[104.392282,-1.205055,0.0],[104.392282,-1.205279,0.0],[104.392271,-1.205624,0.0],[104.392147,-1.206598,0.0],[104.392106,-1.207446,0.0],[104.392082,-1.207543,0.0],[104.391946,-1.207758,0.0],[104.391877,-1.208062,0.0],[104.391854,-1.208283,0.0],[104.391892,-1.208512,0.0],[104.391984,-1.20874,0.0],[104.392238,-1.208931,0.0],[104.392252,-1.209212,0.0],[104.392231,-1.20942,0.0],[104.392177,-1.209636,0.0],[104.39217,-1.209841,0.0],[104.39222,-1.209999,0.0],[104.39225,-1.210179,0.0],[104.392266,-1.210369,0.0],[104.392205,-1.21043,0.0],[104.392205,-1.210567,0.0],[104.392235,-1.210773,0.0],[104.392235,-1.210925,0.0],[104.392258,-1.211154,0.0],[104.392151,-1.211283,0.0],[104.392136,-1.211435,0.0],[104.392136,-1.211641,0.0],[104.392151,-1.211809,0.0],[104.392241,-1.211887,0.0],[104.392223,-1.21224,0.0],[104.39223,-1.212477,0.0],[104.392323,-1.212934,0.0],[104.392358,-1.213092,0.0],[104.392362,-1.213272,0.0],[104.392333,-1.213448,0.0],[104.392269,-1.213707,0.0],[104.392237,-1.213948,0.0],[104.392247,-1.214232,0.0],[104.392283,-1.214552,0.0],[104.392365,-1.214836,0.0],[104.392319,-1.215205,0.0],[104.392395,-1.215517,0.0],[104.392504,-1.215695,0.0],[104.392408,-1.215857,0.0],[104.392158,-1.216001,0.0],[104.392093,-1.216109,0.0],[104.392033,-1.216328,0.0],[104.391949,-1.21677,0.0],[104.391938,-1.216894,0.0],[104.391966,-1.217031,0.0],[104.392034,-1.217121,0.0],[104.392136,-1.217189,0.0],[104.392288,-1.217359,0.0],[104.392464,-1.217397,0.0],[104.392578,-1.217451,0.0],[104.392776,-1.217535,0.0],[104.392913,-1.217778,0.0],[104.393004,-1.21793,0.0],[104.393367,-1.218406,0.0],[104.393491,-1.218821,0.0],[104.393674,-1.219225,0.0],[104.393819,-1.219659,0.0],[104.393865,-1.219842,0.0],[104.393941,-1.220093,0.0],[104.394162,-1.220588,0.0],[104.394225,-1.220682,0.0],[104.39442,-1.221334,0.0],[104.394527,-1.22173,0.0],[104.394564,-1.221815,0.0],[104.394763,-1.222507,0.0],[104.394946,-1.223062,0.0],[104.395106,-1.223504,0.0],[104.39525,-1.223999,0.0],[104.395471,-1.224547,0.0],[104.395608,-1.224867,0.0],[104.39579,-1.225217,0.0],[104.395882,-1.225659,0.0],[104.39608,-1.226154,0.0],[104.396225,-1.226603,0.0],[104.396392,-1.227014,0.0],[104.39653,-1.227403,0.0],[104.396651,-1.227768,0.0],[104.396857,-1.22824,0.0],[104.397031,-1.228561,0.0],[104.397161,-1.228971,0.0],[104.397403,-1.22974,0.0],[104.397518,-1.230072,0.0],[104.397676,-1.230417,0.0],[104.397786,-1.230943,0.0],[104.398075,-1.23159,0.0],[104.398334,-1.232215,0.0],[104.398532,-1.232763,0.0],[104.398814,-1.233266,0.0],[104.398988,-1.233473,0.0],[104.399035,-1.233589,0.0],[104.39908,-1.233731,0.0],[104.399121,-1.233888,0.0],[104.399145,-1.234025,0.0],[104.399204,-1.23422,0.0],[104.39932,-1.234494,0.0],[104.399385,-1.234679,0.0],[104.399429,-1.234848,0.0],[104.399458,-1.235024,0.0],[104.399494,-1.235156,0.0],[104.399578,-1.235343,0.0],[104.399608,-1.235438,0.0],[104.399641,-1.235705,0.0],[104.399643,-1.235824,0.0],[104.399639,-1.236134,0.0],[104.399626,-1.23632,0.0],[104.399603,-1.236496,0.0],[104.399596,-1.23663,0.0],[104.399603,-1.236712,0.0],[104.399624,-1.236786,0.0],[104.39966,-1.236832,0.0],[104.399753,-1.236929,0.0],[104.399828,-1.237053,0.0],[104.399906,-1.237096,0.0],[104.400071,-1.237203,0.0],[104.400179,-1.237319,0.0],[104.400361,-1.237608,0.0],[104.400458,-1.237771,0.0],[104.400565,-1.237973,0.0],[104.400664,-1.238185,0.0],[104.400781,-1.23849,0.0],[104.400908,-1.238844,0.0],[104.401153,-1.23955,0.0],[104.40122,-1.239734,0.0],[104.401309,-1.239954,0.0],[104.40142,-1.240184,0.0],[104.401864,-1.241187,0.0],[104.402192,-1.241985,0.0],[104.402267,-1.242156,0.0],[104.402362,-1.242362,0.0],[104.402505,-1.242704,0.0],[104.402724,-1.243198,0.0],[104.402835,-1.243441,0.0],[104.403626,-1.244946,0.0],[104.403976,-1.245692,0.0],[104.404327,-1.246476,0.0],[104.404654,-1.247223,0.0],[104.404692,-1.247375,0.0],[104.40537,-1.248608,0.0],[104.405796,-1.249446,0.0],[104.40612,-1.250097,0.0],[104.406201,-1.250184,0.0],[104.406316,-1.250322,0.0],[104.406403,-1.250475,0.0],[104.406579,-1.2508,0.0],[104.406647,-1.250934,0.0],[104.406742,-1.251105,0.0],[104.407212,-1.252179,0.0],[104.407639,-1.252979,0.0],[104.408012,-1.253778,0.0],[104.408278,-1.254296,0.0],[104.408438,-1.25473,0.0],[104.409017,-1.255667,0.0],[104.40931,-1.256138,0.0],[104.409404,-1.256451,0.0],[104.410235,-1.257982,0.0],[104.41041,-1.258332,0.0],[104.410547,-1.258713,0.0],[104.410738,-1.259268,0.0],[104.410826,-1.259638,0.0],[104.411043,-1.260116,0.0],[104.411078,-1.260198,0.0],[104.411027,-1.260441,0.0],[104.410981,-1.260616,0.0],[104.410974,-1.26086,0.0],[104.411058,-1.261042,0.0],[104.411218,-1.261047,0.0],[104.411438,-1.260936,0.0],[104.411575,-1.260905,0.0],[104.411728,-1.261088,0.0],[104.412497,-1.262573,0.0],[104.412847,-1.26335,0.0],[104.41319,-1.26386,0.0],[104.413815,-1.265026,0.0],[104.413975,-1.265281,0.0],[104.414058,-1.265435,0.0],[104.414164,-1.265642,0.0],[104.414241,-1.265811,0.0],[104.414322,-1.266006,0.0],[104.414405,-1.266219,0.0],[104.414624,-1.266647,0.0],[104.414786,-1.266917,0.0],[104.414994,-1.267268,0.0],[104.415226,-1.267642,0.0],[104.415326,-1.267889,0.0],[104.415473,-1.268201,0.0],[104.415715,-1.268644,0.0],[104.41583,-1.268809,0.0],[104.415973,-1.269041,0.0],[104.416023,-1.269161,0.0],[104.416796,-1.270726,0.0],[104.416907,-1.270926,0.0],[104.416962,-1.27104,0.0],[104.417107,-1.271272,0.0],[104.41723,-1.27149,0.0],[104.417299,-1.271625,0.0],[104.417413,-1.271805,0.0],[104.417724,-1.272241,0.0],[104.417883,-1.272493,0.0],[104.418035,-1.272774,0.0],[104.418188,-1.273111,0.0],[104.418635,-1.273829,0.0],[104.419028,-1.274429,0.0],[104.419128,-1.274616,0.0],[104.419266,-1.274846,0.0],[104.419383,-1.275077,0.0],[104.419507,-1.275313,0.0],[104.41962,-1.275509,0.0],[104.419756,-1.275714,0.0],[104.419913,-1.275936,0.0],[104.420101,-1.276197,0.0],[104.420251,-1.276419,0.0],[104.420462,-1.276803,0.0],[104.420679,-1.277152,0.0],[104.420868,-1.277483,0.0],[104.421032,-1.277793,0.0],[104.421196,-1.278108,0.0],[104.421309,-1.278336,0.0],[104.421359,-1.278389,0.0],[104.421954,-1.279195,0.0],[104.422311,-1.279751,0.0],[104.422745,-1.280505,0.0],[104.423172,-1.281266,0.0],[104.42353,-1.281769,0.0],[104.423781,-1.282218,0.0],[104.424002,-1.282515,0.0],[104.424253,-1.282684,0.0],[104.424568,-1.283092,0.0],[104.425169,-1.283984,0.0],[104.425567,-1.284922,0.0],[104.425909,-1.285493,0.0],[104.426214,-1.286209,0.0],[104.426511,-1.286711,0.0],[104.426678,-1.286871,0.0],[104.426869,-1.286887,0.0],[104.427036,-1.287046,0.0],[104.427211,-1.287397,0.0],[104.427424,-1.287808,0.0],[104.427638,-1.288295,0.0],[104.427858,-1.288638,0.0],[104.428095,-1.289011,0.0],[104.428376,-1.289521,0.0],[104.428597,-1.289849,0.0],[104.428757,-1.290008,0.0],[104.42894,-1.290389,0.0],[104.429161,-1.290701,0.0],[104.429427,-1.291059,0.0],[104.429671,-1.291425,0.0],[104.42999,-1.291935,0.0],[104.430097,-1.292217,0.0],[104.430379,-1.292552,0.0],[104.430584,-1.292643,0.0],[104.430752,-1.292803,0.0],[104.430935,-1.293184,0.0],[104.43098,-1.293389,0.0],[104.431095,-1.293572,0.0],[104.431202,-1.293567,0.0],[104.431805,-1.294495,0.0],[104.432128,-1.295009,0.0],[104.432499,-1.295485,0.0],[104.432928,-1.296037,0.0],[104.433327,-1.296418,0.0],[104.433594,-1.296637,0.0],[104.434013,-1.297074,0.0],[104.43446,-1.297607,0.0],[104.434688,-1.298017,0.0],[104.434907,-1.298464,0.0],[104.435241,-1.29894,0.0],[104.435345,-1.299159,0.0],[104.435374,-1.299321,0.0],[104.435536,-1.29954,0.0],[104.435802,-1.299663,0.0],[104.43604,-1.299911,0.0],[104.436145,-1.300234,0.0],[104.436164,-1.30052,0.0],[104.436392,-1.300805,0.0],[104.436592,-1.301148,0.0],[104.436954,-1.3013,0.0],[104.437239,-1.30171,0.0],[104.437468,-1.302043,0.0],[104.437706,-1.302471,0.0],[104.438001,-1.302947,0.0],[104.438275,-1.303059,0.0],[104.438505,-1.303412,0.0],[104.438811,-1.30386,0.0],[104.438951,-1.304084,0.0],[104.439133,-1.304556,0.0],[104.439286,-1.304974,0.0],[104.439524,-1.305403,0.0],[104.439857,-1.305917,0.0],[104.43999,-1.306183,0.0],[104.440275,-1.306445,0.0],[104.440543,-1.30698,0.0],[104.44086,-1.307729,0.0],[104.441109,-1.308284,0.0],[104.441294,-1.308755,0.0],[104.441452,-1.309203,0.0],[104.441497,-1.309326,0.0],[104.441608,-1.309962,0.0],[104.441855,-1.310542,0.0],[104.442084,-1.311199,0.0],[104.44216,-1.311665,0.0],[104.442236,-1.312265,0.0],[104.44236,-1.312807,0.0],[104.442465,-1.313426,0.0],[104.442455,-1.314045,0.0],[104.442512,-1.314349,0.0],[104.442598,-1.314702,0.0],[104.442588,-1.314997,0.0],[104.442569,-1.315768,0.0],[104.44255,-1.316015,0.0],[104.441941,-1.317624,0.0],[104.442122,-1.317823,0.0],[104.442409,-1.318008,0.0],[104.442473,-1.318133,0.0],[104.442741,-1.318585,0.0],[104.443015,-1.318941,0.0],[104.443664,-1.319565,0.0],[104.444054,-1.319974,0.0],[104.444492,-1.320298,0.0],[104.444968,-1.320755,0.0],[104.445348,-1.321088,0.0],[104.445491,-1.321221,0.0],[104.445596,-1.321221,0.0],[104.446138,-1.321697,0.0],[104.446548,-1.322078,0.0],[104.447319,-1.322754,0.0],[104.44738,-1.322829,0.0],[104.448288,-1.323742,0.0],[104.448423,-1.323861,0.0],[104.448528,-1.323982,0.0],[104.449018,-1.324472,0.0],[104.449668,-1.325118,0.0],[104.450599,-1.326214,0.0],[104.450786,-1.326451,0.0],[104.450944,-1.326674,0.0],[104.451117,-1.326885,0.0],[104.451639,-1.327578,0.0],[104.451854,-1.327926,0.0],[104.452029,-1.328151,0.0],[104.452211,-1.32838,0.0],[104.452524,-1.328694,0.0],[104.452982,-1.329464,0.0],[104.453337,-1.329724,0.0],[104.453525,-1.329951,0.0],[104.453657,-1.330145,0.0],[104.45381,-1.33039,0.0],[104.454191,-1.331225,0.0],[104.454486,-1.331643,0.0],[104.454762,-1.332157,0.0],[104.455142,-1.332852,0.0],[104.455285,-1.333185,0.0],[104.45539,-1.333661,0.0],[104.455514,-1.334166,0.0],[104.455609,-1.334622,0.0],[104.45579,-1.335393,0.0],[104.455904,-1.335993,0.0],[104.456132,-1.337021,0.0],[104.456208,-1.337906,0.0],[104.456332,-1.338782,0.0],[104.456399,-1.339343,0.0],[104.456389,-1.339876,0.0],[104.456465,-1.340504,0.0],[104.456503,-1.341361,0.0],[104.456532,-1.34197,0.0],[104.456522,-1.342646,0.0],[104.456627,-1.343392,0.0],[104.456623,-1.343476,0.0],[104.456589,-1.344008,0.0],[104.456568,-1.344618,0.0],[104.456665,-1.345082,0.0],[104.456618,-1.34592,0.0],[104.456551,-1.346815,0.0],[104.456475,-1.348033,0.0],[104.456408,-1.349137,0.0],[104.456351,-1.349899,0.0],[104.456246,-1.35065,0.0],[104.456094,-1.351507,0.0],[104.45597,-1.352592,0.0],[104.455837,-1.35342,0.0],[104.455713,-1.353963,0.0],[104.455609,-1.354496,0.0],[104.455494,-1.354867,0.0],[104.455494,-1.355305,0.0],[104.455333,-1.35618,0.0],[104.455294,-1.356747,0.0],[104.45528,-1.356971,0.0],[104.455196,-1.357458,0.0],[104.455165,-1.357686,0.0],[104.455134,-1.358,0.0],[104.455059,-1.358348,0.0],[104.455042,-1.358555,0.0],[104.455026,-1.358901,0.0],[104.455021,-1.359103,0.0],[104.455021,-1.359346,0.0],[104.454904,-1.359692,0.0],[104.454876,-1.360625,0.0],[104.454762,-1.361625,0.0],[104.454552,-1.362529,0.0],[104.454409,-1.363109,0.0],[104.454295,-1.364156,0.0],[104.45421,-1.364708,0.0],[104.454093,-1.36539,0.0],[104.454054,-1.365476,0.0],[104.453972,-1.36563,0.0],[104.45392,-1.36576,0.0],[104.453876,-1.365889,0.0],[104.453855,-1.366014,0.0],[104.453824,-1.366504,0.0],[104.453798,-1.366676,0.0],[104.453779,-1.366885,0.0],[104.453732,-1.367055,0.0],[104.453683,-1.367172,0.0],[104.453582,-1.367455,0.0],[104.453539,-1.36767,0.0],[104.453539,-1.367906,0.0],[104.453542,-1.368152,0.0],[104.453532,-1.368273,0.0],[104.453507,-1.368389,0.0],[104.453423,-1.368486,0.0],[104.453282,-1.368585,0.0],[104.453236,-1.368638,0.0],[104.453058,-1.369077,0.0],[104.453029,-1.36961,0.0],[104.45301,-1.370162,0.0],[104.452906,-1.370714,0.0],[104.452744,-1.371409,0.0],[104.452611,-1.371894,0.0],[104.452382,-1.373074,0.0],[104.452239,-1.373845,0.0],[104.451992,-1.375987,0.0],[104.451716,-1.377234,0.0],[104.451649,-1.377976,0.0],[104.451608,-1.378565,0.0],[104.451364,-1.379309,0.0],[104.45123,-1.379918,0.0],[104.45105,-1.380489,0.0],[104.450954,-1.381127,0.0],[104.450821,-1.381498,0.0],[104.450764,-1.382345,0.0],[104.45064,-1.383154,0.0],[104.450479,-1.384182,0.0],[104.450355,-1.384905,0.0],[104.450326,-1.385581,0.0],[104.450345,-1.386342,0.0],[104.45045,-1.387104,0.0],[104.450393,-1.387675,0.0],[104.450393,-1.388474,0.0],[104.450526,-1.389217,0.0],[104.450631,-1.389873,0.0],[104.450812,-1.390273,0.0],[104.45084,-1.390959,0.0],[104.45084,-1.391606,0.0],[104.450926,-1.392615,0.0],[104.451059,-1.393328,0.0],[104.451211,-1.393852,0.0],[104.451297,-1.394195,0.0],[104.451573,-1.394366,0.0],[104.451906,-1.394442,0.0],[104.451954,-1.394756,0.0],[104.452011,-1.394889,0.0],[104.452125,-1.394994,0.0],[104.452249,-1.395232,0.0],[104.452287,-1.395508,0.0],[104.452392,-1.395841,0.0],[104.452573,-1.396051,0.0],[104.45262,-1.396336,0.0],[104.45262,-1.396622,0.0],[104.452715,-1.397202,0.0],[104.452791,-1.397611,0.0],[104.452887,-1.397821,0.0],[104.453058,-1.397764,0.0],[104.453182,-1.397926,0.0],[104.453324,-1.398125,0.0],[104.453524,-1.398868,0.0],[104.453572,-1.399125,0.0],[104.453743,-1.39942,0.0],[104.453905,-1.399801,0.0],[104.454038,-1.40021,0.0],[104.454133,-1.400676,0.0],[104.45439,-1.401447,0.0],[104.454647,-1.40199,0.0],[104.454762,-1.402723,0.0],[104.454899,-1.403533,0.0],[104.455059,-1.40447,0.0],[104.455173,-1.405075,0.0],[104.455249,-1.405557,0.0],[104.455411,-1.406147,0.0],[104.455496,-1.406499,0.0],[104.455382,-1.406737,0.0],[104.455335,-1.407127,0.0],[104.455163,-1.407575,0.0],[104.455178,-1.408862,0.0],[104.455288,-1.408946,0.0],[104.455395,-1.408954,0.0],[104.455464,-1.409098,0.0],[104.455521,-1.409285,0.0],[104.455608,-1.409491,0.0],[104.455662,-1.409692,0.0],[104.455696,-1.40986,0.0],[104.455762,-1.410154,0.0],[104.455877,-1.410563,0.0],[104.455962,-1.411125,0.0],[104.45601,-1.411877,0.0],[104.456181,-1.412809,0.0],[104.456248,-1.413761,0.0],[104.456314,-1.415037,0.0],[104.456324,-1.415998,0.0],[104.456286,-1.416388,0.0],[104.456324,-1.416874,0.0],[104.456429,-1.417464,0.0],[104.456657,-1.418339,0.0],[104.456667,-1.418891,0.0],[104.456667,-1.419472,0.0],[104.456686,-1.420842,0.0],[104.456738,-1.421513,0.0],[104.456709,-1.421911,0.0],[104.456694,-1.422246,0.0],[104.456672,-1.422552,0.0],[104.456658,-1.422875,0.0],[104.456658,-1.423148,0.0],[104.456654,-1.42354,0.0],[104.456639,-1.423811,0.0],[104.45659,-1.423983,0.0],[104.456657,-1.424212,0.0],[104.456629,-1.424926,0.0],[104.45659,-1.425582,0.0],[104.45659,-1.426096,0.0],[104.456571,-1.426648,0.0],[104.4564,-1.427324,0.0],[104.456153,-1.428133,0.0],[104.455934,-1.428904,0.0],[104.455644,-1.429945,0.0],[104.455613,-1.430103,0.0],[104.45556,-1.430261,0.0],[104.455448,-1.431141,0.0],[104.455163,-1.431931,0.0],[104.454925,-1.432645,0.0],[104.454725,-1.433035,0.0],[104.454458,-1.433159,0.0],[104.454327,-1.4332,0.0],[104.454249,-1.434101,0.0],[104.453964,-1.434729,0.0],[104.453564,-1.435386,0.0],[104.453174,-1.435795,0.0],[104.453024,-1.435909,0.0],[104.452764,-1.436052,0.0],[104.45265,-1.436252,0.0],[104.452593,-1.436509,0.0],[104.452622,-1.436737,0.0],[104.452815,-1.436937,0.0],[104.452745,-1.437099,0.0],[104.452593,-1.437394,0.0],[104.452583,-1.437689,0.0],[104.452622,-1.437975,0.0],[104.452574,-1.438203,0.0],[104.452231,-1.438527,0.0],[104.452079,-1.438822,0.0],[104.451765,-1.43886,0.0],[104.451603,-1.438765,0.0],[104.451203,-1.438707,0.0],[104.450889,-1.438669,0.0],[104.45067,-1.438736,0.0],[104.450423,-1.438888,0.0],[104.450204,-1.439079,0.0],[104.450025,-1.439156,0.0],[104.449936,-1.439587,0.0],[104.449578,-1.439862,0.0],[104.449561,-1.440024,0.0],[104.449547,-1.440328,0.0],[104.449575,-1.440407,0.0],[104.449528,-1.44082,0.0],[104.449557,-1.441401,0.0],[104.449481,-1.441829,0.0],[104.449633,-1.442058,0.0],[104.449642,-1.443714,0.0],[104.449652,-1.443866,0.0],[104.449528,-1.443999,0.0],[104.449309,-1.444066,0.0],[104.449205,-1.444123,0.0],[104.44909,-1.444323,0.0],[104.449005,-1.444628,0.0],[104.449005,-1.444932,0.0],[104.448948,-1.445379,0.0],[104.448948,-1.445846,0.0],[104.448833,-1.446008,0.0],[104.448653,-1.446084,0.0],[104.4485,-1.44655,0.0],[104.448319,-1.447036,0.0],[104.447967,-1.448777,0.0],[104.447672,-1.450119,0.0],[104.447491,-1.451138,0.0],[104.447425,-1.452158,0.0],[104.447323,-1.452356,0.0],[104.447111,-1.452423,0.0],[104.44692,-1.452584,0.0],[104.446838,-1.452837,0.0],[104.446748,-1.452977,0.0],[104.446405,-1.453581,0.0],[104.446272,-1.453947,0.0],[104.446198,-1.454143,0.0],[104.446138,-1.454318,0.0],[104.446041,-1.454516,0.0],[104.445885,-1.454732,0.0],[104.44584,-1.454801,0.0],[104.445801,-1.454893,0.0],[104.445751,-1.455053,0.0],[104.445731,-1.455137,0.0],[104.4457,-1.455418,0.0],[104.445697,-1.45553,0.0],[104.445698,-1.455881,0.0],[104.44569,-1.456044,0.0],[104.445635,-1.456226,0.0],[104.445604,-1.456378,0.0],[104.445571,-1.456633,0.0],[104.445566,-1.456806,0.0],[104.445501,-1.457068,0.0],[104.445428,-1.457256,0.0],[104.445282,-1.457608,0.0],[104.445148,-1.45791,0.0],[104.445054,-1.4581,0.0],[104.444895,-1.458338,0.0],[104.444821,-1.458504,0.0],[104.444713,-1.458819,0.0],[104.444674,-1.458956,0.0],[104.444646,-1.4591,0.0],[104.444638,-1.459216,0.0],[104.444629,-1.459425,0.0],[104.444621,-1.45952,0.0],[104.444601,-1.459629,0.0],[104.444563,-1.459739,0.0],[104.444503,-1.459865,0.0],[104.444431,-1.459976,0.0],[104.444358,-1.460056,0.0],[104.444148,-1.460302,0.0],[104.444094,-1.460431,0.0],[104.444033,-1.460561,0.0],[104.443952,-1.460708,0.0],[104.443865,-1.460877,0.0],[104.443813,-1.460992,0.0],[104.443713,-1.461181,0.0],[104.44361,-1.461431,0.0],[104.443514,-1.461644,0.0],[104.443446,-1.461855,0.0],[104.443386,-1.462093,0.0],[104.443375,-1.462204,0.0],[104.443336,-1.462431,0.0],[104.443323,-1.462538,0.0],[104.443318,-1.462653,0.0],[104.443314,-1.462938,0.0],[104.443314,-1.463176,0.0],[104.443356,-1.463436,0.0],[104.443356,-1.463518,0.0],[104.443324,-1.46374,0.0],[104.443299,-1.463811,0.0],[104.44321,-1.463943,0.0],[104.443124,-1.464022,0.0],[104.443026,-1.464062,0.0],[104.442928,-1.464054,0.0],[104.442885,-1.464104,0.0],[104.442867,-1.464161,0.0],[104.442864,-1.464251,0.0],[104.442829,-1.464318,0.0],[104.442824,-1.464397,0.0],[104.442799,-1.464575,0.0],[104.442799,-1.464639,0.0],[104.44277,-1.464793,0.0],[104.442767,-1.464939,0.0],[104.442742,-1.465043,0.0],[104.442688,-1.465146,0.0],[104.442638,-1.465221,0.0],[104.442581,-1.465346,0.0],[104.442553,-1.465428,0.0],[104.442535,-1.465507,0.0],[104.442464,-1.465744,0.0],[104.442416,-1.465863,0.0],[104.442362,-1.465959,0.0],[104.442297,-1.466089,0.0],[104.442243,-1.466262,0.0],[104.442214,-1.466387,0.0],[104.442166,-1.466649,0.0],[104.442154,-1.466785,0.0],[104.442077,-1.467231,0.0],[104.442074,-1.467342,0.0],[104.442052,-1.46746,0.0],[104.442006,-1.467617,0.0],[104.441951,-1.467757,0.0],[104.441877,-1.46843,0.0],[104.441857,-1.468498,0.0],[104.441838,-1.468636,0.0],[104.441773,-1.46879,0.0],[104.441648,-1.469031,0.0],[104.441588,-1.46923,0.0],[104.441524,-1.469432,0.0],[104.441492,-1.469574,0.0],[104.441457,-1.469756,0.0],[104.441434,-1.469922,0.0],[104.441369,-1.470182,0.0],[104.441308,-1.470327,0.0],[104.441257,-1.470464,0.0],[104.441194,-1.470597,0.0],[104.44113,-1.4707,0.0],[104.441003,-1.471012,0.0],[104.440966,-1.471199,0.0],[104.440944,-1.471378,0.0],[104.440858,-1.471776,0.0],[104.4408,-1.471939,0.0],[104.440748,-1.47211,0.0],[104.440715,-1.47232,0.0],[104.440727,-1.472538,0.0],[104.440724,-1.472613,0.0],[104.440709,-1.472708,0.0],[104.440629,-1.472976,0.0],[104.440629,-1.473086,0.0],[104.440635,-1.473202,0.0],[104.440705,-1.473343,0.0],[104.440731,-1.473452,0.0],[104.440733,-1.473587,0.0],[104.440658,-1.474209,0.0],[104.440543,-1.475018,0.0],[104.440391,-1.47577,0.0],[104.440322,-1.476359,0.0],[104.440248,-1.476564,0.0],[104.440146,-1.476765,0.0],[104.440132,-1.476811,0.0],[104.440132,-1.476886,0.0],[104.440147,-1.477027,0.0],[104.440207,-1.477186,0.0],[104.440246,-1.477465,0.0],[104.440257,-1.477582,0.0],[104.440228,-1.477693,0.0],[104.44014,-1.477952,0.0],[104.440115,-1.477997,0.0],[104.440067,-1.478121,0.0],[104.439991,-1.478402,0.0],[104.439989,-1.478493,0.0],[104.44001,-1.478663,0.0],[104.440029,-1.478873,0.0],[104.440017,-1.47906,0.0],[104.439953,-1.47926,0.0],[104.439882,-1.479459,0.0],[104.439768,-1.47961,0.0],[104.439711,-1.479677,0.0],[104.439671,-1.479781,0.0],[104.439675,-1.479863,0.0],[104.439704,-1.479934,0.0],[104.439754,-1.48002,0.0],[104.439786,-1.480113,0.0],[104.439807,-1.480309,0.0],[104.439807,-1.480409,0.0],[104.4398,-1.480541,0.0],[104.439714,-1.48077,0.0],[104.439685,-1.480888,0.0],[104.439669,-1.480987,0.0],[104.439665,-1.481088,0.0],[104.439674,-1.481283,0.0],[104.439674,-1.481412,0.0],[104.43965,-1.481572,0.0],[104.439611,-1.481742,0.0],[104.439589,-1.481891,0.0],[104.439574,-1.482187,0.0],[104.439547,-1.482466,0.0],[104.439528,-1.482578,0.0],[104.439496,-1.482731,0.0],[104.439474,-1.482892,0.0],[104.439435,-1.483244,0.0],[104.439408,-1.483521,0.0],[104.439402,-1.483644,0.0],[104.43939,-1.483751,0.0],[104.439369,-1.484016,0.0],[104.439346,-1.484157,0.0],[104.439304,-1.484263,0.0],[104.439176,-1.484565,0.0],[104.439092,-1.484753,0.0],[104.439037,-1.484963,0.0],[104.438975,-1.485156,0.0],[104.438915,-1.48538,0.0],[104.438875,-1.48564,0.0],[104.438849,-1.485955,0.0],[104.438833,-1.486282,0.0],[104.438818,-1.486487,0.0],[104.438814,-1.486743,0.0],[104.438793,-1.487165,0.0],[104.438769,-1.487511,0.0],[104.438764,-1.487894,0.0],[104.438712,-1.488248,0.0],[104.438692,-1.488351,0.0],[104.438658,-1.488451,0.0],[104.438568,-1.488621,0.0],[104.438488,-1.488787,0.0],[104.438445,-1.488891,0.0],[104.438418,-1.488993,0.0],[104.438398,-1.489107,0.0],[104.438388,-1.489213,0.0],[104.438387,-1.489328,0.0],[104.438375,-1.489527,0.0],[104.438382,-1.489973,0.0],[104.438386,-1.490103,0.0],[104.438299,-1.490318,0.0],[104.438285,-1.490448,0.0],[104.438267,-1.490537,0.0],[104.438279,-1.490722,0.0],[104.438273,-1.490909,0.0],[104.438264,-1.491076,0.0],[104.438261,-1.491206,0.0],[104.438243,-1.491614,0.0],[104.438223,-1.491804,0.0],[104.438187,-1.492242,0.0],[104.438187,-1.492334,0.0],[104.438196,-1.492432,0.0],[104.438202,-1.492997,0.0],[104.438226,-1.493146,0.0],[104.438312,-1.493309,0.0],[104.438317,-1.493377,0.0],[104.438291,-1.493443,0.0],[104.438264,-1.493485,0.0],[104.438205,-1.493512,0.0],[104.438145,-1.493509,0.0],[104.438139,-1.493749,0.0],[104.438181,-1.493755,0.0],[104.438252,-1.493782,0.0],[104.438297,-1.493845,0.0],[104.43833,-1.493967,0.0],[104.438339,-1.494044,0.0],[104.438336,-1.494213,0.0],[104.438345,-1.494282,0.0],[104.438342,-1.49449,0.0],[104.438327,-1.494594,0.0],[104.438291,-1.494666,0.0],[104.438255,-1.494701,0.0],[104.438202,-1.494725,0.0],[104.438115,-1.494817,0.0],[104.438107,-1.494906,0.0],[104.438133,-1.494969,0.0],[104.438185,-1.495032,0.0],[104.438197,-1.495133,0.0],[104.43819,-1.495211,0.0],[104.438153,-1.495309,0.0],[104.438088,-1.495367,0.0],[104.438043,-1.495429,0.0],[104.438032,-1.495484,0.0],[104.438029,-1.495588,0.0],[104.437916,-1.495685,0.0],[104.437848,-1.495808,0.0],[104.437845,-1.495858,0.0],[104.437862,-1.495974,0.0],[104.437831,-1.496452,0.0],[104.437852,-1.496825,0.0],[104.437815,-1.497134,0.0],[104.437785,-1.497298,0.0],[104.43775,-1.49742,0.0],[104.437708,-1.497515,0.0],[104.437708,-1.497646,0.0],[104.437717,-1.497717,0.0],[104.437714,-1.497824,0.0],[104.437696,-1.498021,0.0],[104.437705,-1.498265,0.0],[104.437672,-1.498485,0.0],[104.437643,-1.498839,0.0],[104.437643,-1.499009,0.0],[104.437622,-1.499524,0.0],[104.437631,-1.500047,0.0],[104.437622,-1.500258,0.0],[104.437608,-1.500839,0.0],[104.437616,-1.501106,0.0],[104.437613,-1.501171,0.0],[104.437572,-1.501576,0.0],[104.437578,-1.501668,0.0],[104.437601,-1.501784,0.0],[104.437613,-1.501983,0.0],[104.437604,-1.502141,0.0],[104.437578,-1.50223,0.0],[104.437548,-1.502557,0.0],[104.437536,-1.502635,0.0],[104.437497,-1.502727,0.0],[104.437468,-1.502769,0.0],[104.437405,-1.502831,0.0],[104.437349,-1.502902,0.0],[104.437301,-1.503004,0.0],[104.43728,-1.503126,0.0],[104.43728,-1.503209,0.0],[104.437325,-1.503405,0.0],[104.43734,-1.503487,0.0],[104.43734,-1.503606,0.0],[104.437346,-1.503713,0.0],[104.437393,-1.503934,0.0],[104.437405,-1.504445,0.0],[104.437393,-1.50457,0.0],[104.43737,-1.504743,0.0],[104.43737,-1.504838,0.0],[104.437388,-1.504998,0.0],[104.437441,-1.505177,0.0],[104.437483,-1.505337,0.0],[104.437506,-1.505474,0.0],[104.437497,-1.505806,0.0],[104.437476,-1.50614,0.0],[104.437504,-1.506472,0.0],[104.437514,-1.506776,0.0],[104.437536,-1.506897,0.0],[104.437546,-1.507004,0.0],[104.437564,-1.507339,0.0],[104.437575,-1.507461,0.0],[104.437625,-1.507832,0.0],[104.437668,-1.50801,0.0],[104.437707,-1.508239,0.0],[104.437814,-1.508699,0.0],[104.437846,-1.508803,0.0],[104.437885,-1.509049,0.0],[104.437907,-1.509306,0.0],[104.43791,-1.509424,0.0],[104.437987,-1.509875,0.0],[104.438063,-1.510532,0.0],[104.438148,-1.511026,0.0],[104.438234,-1.511588,0.0],[104.438329,-1.512092,0.0],[104.438424,-1.51233,0.0],[104.438605,-1.513254,0.0],[104.438634,-1.513473,0.0],[104.438662,-1.513653,0.0],[104.438691,-1.513796,0.0],[104.438792,-1.514196,0.0],[104.438821,-1.51447,0.0],[104.439011,-1.515202,0.0],[104.439316,-1.51604,0.0],[104.439439,-1.516935,0.0],[104.439668,-1.517905,0.0],[104.439801,-1.51881,0.0],[104.439934,-1.519562,0.0],[104.440048,-1.520409,0.0],[104.440229,-1.521113,0.0],[104.440277,-1.521589,0.0],[104.440305,-1.521779,0.0],[104.44061,-1.522122,0.0],[104.440838,-1.522664,0.0],[104.440972,-1.523121,0.0],[104.441086,-1.523692,0.0],[104.441172,-1.523949,0.0],[104.441276,-1.524035,0.0],[104.441286,-1.524273,0.0],[104.441238,-1.524473,0.0],[104.441324,-1.524787,0.0],[104.441558,-1.525538,0.0],[104.441847,-1.526957,0.0],[104.442019,-1.527528,0.0],[104.442447,-1.528327,0.0],[104.442675,-1.529117,0.0],[104.443161,-1.53044,0.0],[104.443599,-1.531383,0.0],[104.443684,-1.531754,0.0],[104.444217,-1.532934,0.0],[104.444474,-1.533905,0.0],[104.444693,-1.534581,0.0],[104.445074,-1.535304,0.0],[104.445464,-1.536008,0.0],[104.445702,-1.536408,0.0],[104.445969,-1.536703,0.0],[104.446235,-1.536846,0.0],[104.446311,-1.537074,0.0],[104.446406,-1.537312,0.0],[104.446644,-1.537503,0.0],[104.446759,-1.537703,0.0],[104.44692,-1.538055,0.0],[104.447139,-1.538416,0.0],[104.447311,-1.538654,0.0],[104.447444,-1.539149,0.0],[104.44751,-1.539559,0.0],[104.447748,-1.54031,0.0],[104.448129,-1.541243,0.0],[104.448481,-1.542128,0.0],[104.448653,-1.542842,0.0],[104.449043,-1.544441,0.0],[104.449385,-1.545612,0.0],[104.449557,-1.546354,0.0],[104.449681,-1.546764,0.0],[104.44969,-1.547335,0.0],[104.449833,-1.547715,0.0],[104.450004,-1.548267,0.0],[104.450147,-1.548905,0.0],[104.450242,-1.549457,0.0],[104.450223,-1.549876,0.0],[104.450385,-1.550942,0.0],[104.45047,-1.551703,0.0],[104.45068,-1.552579,0.0],[104.450861,-1.553559,0.0],[104.450965,-1.554425,0.0],[104.451032,-1.555187,0.0],[104.451222,-1.556005,0.0],[104.451299,-1.556729,0.0],[104.45134,-1.557053,0.0],[104.451391,-1.557712,0.0],[104.451427,-1.558005,0.0],[104.451368,-1.558374,0.0],[104.451332,-1.558683,0.0],[104.451332,-1.558945,0.0],[104.45132,-1.559183,0.0],[104.451225,-1.559492,0.0],[104.451178,-1.559861,0.0],[104.451154,-1.560135,0.0],[104.451154,-1.560516,0.0],[104.451273,-1.561289,0.0],[104.451309,-1.561575,0.0],[104.451297,-1.561896,0.0],[104.45132,-1.562181,0.0],[104.451344,-1.562681,0.0],[104.451428,-1.562978,0.0],[104.451535,-1.563193,0.0],[104.45157,-1.563591,0.0],[104.451576,-1.563776,0.0],[104.451585,-1.563921,0.0],[104.451641,-1.564156,0.0],[104.451671,-1.564326,0.0],[104.45168,-1.564489,0.0],[104.451635,-1.564704,0.0],[104.45162,-1.564796,0.0],[104.451514,-1.565067,0.0],[104.451376,-1.565265,0.0],[104.451324,-1.565314,0.0],[104.451247,-1.565359,0.0],[104.451108,-1.565396,0.0],[104.451031,-1.565408,0.0],[104.450922,-1.565703,0.0],[104.451026,-1.565807,0.0],[104.451082,-1.565834,0.0],[104.451159,-1.565849,0.0],[104.451299,-1.56584,0.0],[104.451379,-1.56584,0.0],[104.451457,-1.565861,0.0],[104.45149,-1.565899,0.0],[104.451501,-1.565956,0.0],[104.451495,-1.566006,0.0],[104.451469,-1.566048,0.0],[104.45146,-1.566113,0.0],[104.451484,-1.566342,0.0],[104.451532,-1.566546,0.0],[104.45157,-1.566689,0.0],[104.451627,-1.566865,0.0],[104.451667,-1.567056,0.0],[104.45162,-1.567324,0.0],[104.451614,-1.567538,0.0],[104.451638,-1.567633,0.0],[104.451674,-1.567746,0.0],[104.451692,-1.567877,0.0],[104.451739,-1.568085,0.0],[104.451799,-1.568297,0.0],[104.451858,-1.568531,0.0],[104.451927,-1.568685,0.0],[104.451983,-1.568915,0.0],[104.452034,-1.569067,0.0],[104.452141,-1.569373,0.0],[104.452212,-1.569564,0.0],[104.452287,-1.569706,0.0],[104.452334,-1.569831,0.0],[104.452388,-1.570155,0.0],[104.4524,-1.57026,0.0],[104.452432,-1.570453,0.0],[104.452522,-1.57081,0.0],[104.452548,-1.570959,0.0],[104.452629,-1.571321,0.0],[104.452638,-1.571458,0.0],[104.45267,-1.571556,0.0],[104.452745,-1.571803,0.0],[104.45278,-1.572,0.0],[104.452849,-1.572148,0.0],[104.452944,-1.572502,0.0],[104.452962,-1.572621,0.0],[104.45314,-1.572984,0.0],[104.453247,-1.573145,0.0],[104.453343,-1.573359,0.0],[104.453369,-1.573466,0.0],[104.453387,-1.573567,0.0],[104.453432,-1.573731,0.0],[104.4535,-1.5739,0.0],[104.453569,-1.573998,0.0],[104.453685,-1.574278,0.0],[104.453717,-1.574418,0.0],[104.45372,-1.574563,0.0],[104.45375,-1.574712,0.0],[104.453798,-1.574911,0.0],[104.453848,-1.575042,0.0],[104.453911,-1.57523,0.0],[104.453937,-1.575402,0.0],[104.453976,-1.575554,0.0],[104.453988,-1.575756,0.0],[104.454006,-1.575836,0.0],[104.454012,-1.575967,0.0],[104.454012,-1.576104,0.0],[104.454021,-1.576226,0.0],[104.454056,-1.576366,0.0],[104.454089,-1.576458,0.0],[104.454193,-1.576687,0.0],[104.454244,-1.576857,0.0],[104.45425,-1.576964,0.0],[104.454265,-1.577098,0.0],[104.45425,-1.577205,0.0],[104.454265,-1.577509,0.0],[104.454315,-1.577717,0.0],[104.454377,-1.577895,0.0],[104.454415,-1.578019,0.0],[104.454486,-1.578166,0.0],[104.454547,-1.578211,0.0],[104.45461,-1.578331,0.0],[104.454644,-1.578472,0.0],[104.454627,-1.578548,0.0],[104.454623,-1.578604,0.0],[104.454638,-1.578649,0.0],[104.454669,-1.57868,0.0],[104.454726,-1.578773,0.0],[104.454737,-1.578819,0.0],[104.454731,-1.578878,0.0],[104.45465,-1.57899,0.0],[104.454652,-1.579077,0.0],[104.454701,-1.579152,0.0],[104.454718,-1.579157,0.0],[104.454767,-1.579474,0.0],[104.454759,-1.579886,0.0],[104.454651,-1.580107,0.0],[104.454606,-1.580125,0.0],[104.454569,-1.580185,0.0],[104.45456,-1.580274,0.0],[104.454598,-1.580316,0.0],[104.454636,-1.580342,0.0],[104.454715,-1.580339,0.0],[104.454755,-1.580371,0.0],[104.454777,-1.580431,0.0],[104.45474,-1.580468,0.0],[104.454679,-1.580487,0.0],[104.454712,-1.580569,0.0],[104.454777,-1.580608,0.0],[104.454812,-1.580605,0.0],[104.454877,-1.580693,0.0],[104.454895,-1.580819,0.0],[104.454824,-1.580917,0.0],[104.454772,-1.580953,0.0],[104.45476,-1.58099,0.0],[104.454763,-1.581065,0.0],[104.454792,-1.581165,0.0],[104.45484,-1.581279,0.0],[104.454872,-1.58131,0.0],[104.455017,-1.581304,0.0],[104.455063,-1.581344,0.0],[104.455076,-1.581423,0.0],[104.455056,-1.581456,0.0],[104.45498,-1.581468,0.0],[104.454935,-1.581484,0.0],[104.454912,-1.581516,0.0],[104.4549,-1.58159,0.0],[104.4549,-1.581653,0.0],[104.454912,-1.581744,0.0],[104.454955,-1.581833,0.0],[104.455013,-1.581859,0.0],[104.455055,-1.581898,0.0],[104.455093,-1.581957,0.0],[104.455117,-1.582101,0.0],[104.455201,-1.582444,0.0],[104.455315,-1.583114,0.0],[104.455361,-1.583731,0.0],[104.455505,-1.583967,0.0],[104.45553,-1.584013,0.0],[104.455666,-1.584224,0.0],[104.455714,-1.584272,0.0],[104.455753,-1.584331,0.0],[104.455779,-1.584397,0.0],[104.455824,-1.584578,0.0],[104.45583,-1.58467,0.0],[104.455812,-1.584748,0.0],[104.455806,-1.584899,0.0],[104.455884,-1.584971,0.0],[104.455937,-1.584995,0.0],[104.455961,-1.585036,0.0],[104.455961,-1.58509,0.0],[104.455881,-1.585218,0.0],[104.45586,-1.58528,0.0],[104.455842,-1.585369,0.0],[104.455924,-1.585515,0.0],[104.455985,-1.585536,0.0],[104.456044,-1.585581,0.0],[104.456086,-1.585679,0.0],[104.456065,-1.585783,0.0],[104.456047,-1.585991,0.0],[104.456076,-1.586182,0.0],[104.456107,-1.586289,0.0],[104.456214,-1.586784,0.0],[104.456276,-1.586955,0.0],[104.456322,-1.587016,0.0],[104.456373,-1.587057,0.0],[104.456483,-1.58711,0.0],[104.456573,-1.58713,0.0],[104.456623,-1.587166,0.0],[104.456645,-1.587202,0.0],[104.456625,-1.587277,0.0],[104.456555,-1.587311,0.0],[104.456452,-1.587384,0.0],[104.456438,-1.58742,0.0],[104.456686,-1.5882,0.0],[104.456838,-1.588574,0.0],[104.456891,-1.588855,0.0],[104.456876,-1.589107,0.0],[104.456768,-1.589382,0.0],[104.456757,-1.589469,0.0],[104.456763,-1.589525,0.0],[104.456796,-1.589591,0.0],[104.456849,-1.589662,0.0],[104.456959,-1.589748,0.0],[104.457016,-1.589832,0.0],[104.457045,-1.589927,0.0],[104.457093,-1.590138,0.0],[104.457129,-1.590215,0.0],[104.457167,-1.590355,0.0],[104.4573,-1.590617,0.0],[104.457355,-1.590679,0.0],[104.45742,-1.590774,0.0],[104.4577,-1.591057,0.0],[104.457804,-1.591125,0.0],[104.457845,-1.59117,0.0],[104.457887,-1.591289,0.0],[104.457884,-1.591334,0.0],[104.457816,-1.591453,0.0],[104.457735,-1.591551,0.0],[104.457653,-1.591673,0.0],[104.457713,-1.592084,0.0],[104.457835,-1.59232,0.0],[104.457896,-1.59248,0.0],[104.457988,-1.592556,0.0],[104.458026,-1.592615,0.0],[104.458053,-1.59272,0.0],[104.458041,-1.592883,0.0],[104.458041,-1.593051,0.0],[104.458061,-1.593095,0.0],[104.458158,-1.593148,0.0],[104.458271,-1.593135,0.0],[104.458348,-1.593157,0.0],[104.45836,-1.593216,0.0],[104.458292,-1.593323,0.0],[104.458224,-1.593348,0.0],[104.458176,-1.593436,0.0],[104.45819,-1.593517,0.0],[104.458354,-1.59371,0.0],[104.458387,-1.593776,0.0],[104.458465,-1.594003,0.0],[104.458574,-1.594193,0.0],[104.458582,-1.594258,0.0],[104.45861,-1.594344,0.0],[104.458613,-1.594475,0.0],[104.458634,-1.594525,0.0],[104.458684,-1.594544,0.0],[104.458724,-1.594543,0.0],[104.458765,-1.594573,0.0],[104.458775,-1.594715,0.0],[104.458758,-1.594855,0.0],[104.458718,-1.59498,0.0],[104.458732,-1.595105,0.0],[104.458753,-1.595224,0.0],[104.458863,-1.595545,0.0],[104.458907,-1.595602,0.0],[104.459065,-1.595724,0.0],[104.45911,-1.595789,0.0],[104.459113,-1.595846,0.0],[104.459089,-1.595935,0.0],[104.459008,-1.596069,0.0],[104.458958,-1.596143,0.0],[104.458928,-1.596223,0.0],[104.458988,-1.596417,0.0],[104.45905,-1.596568,0.0],[104.459092,-1.596696,0.0],[104.459105,-1.59678,0.0],[104.459103,-1.596921,0.0],[104.459183,-1.597132,0.0],[104.459207,-1.597226,0.0],[104.45933,-1.597577,0.0],[104.459386,-1.597693,0.0],[104.459484,-1.597925,0.0],[104.459523,-1.598062,0.0],[104.459577,-1.598136,0.0],[104.45963,-1.598181,0.0],[104.459755,-1.598222,0.0],[104.45982,-1.598225,0.0],[104.459868,-1.598252,0.0],[104.459883,-1.598288,0.0],[104.459884,-1.59835,0.0],[104.459838,-1.598419,0.0],[104.459807,-1.598487,0.0],[104.459801,-1.598567,0.0],[104.459806,-1.598697,0.0],[104.459896,-1.598921,0.0],[104.459981,-1.599016,0.0],[104.460046,-1.599076,0.0],[104.460094,-1.599153,0.0],[104.460148,-1.5994,0.0],[104.460234,-1.599531,0.0],[104.460302,-1.599617,0.0],[104.460374,-1.599683,0.0],[104.460507,-1.599757,0.0],[104.460549,-1.599807,0.0],[104.460555,-1.599903,0.0],[104.46049,-1.600069,0.0],[104.460439,-1.600173,0.0],[104.460421,-1.600266,0.0],[104.460418,-1.600373,0.0],[104.460455,-1.600549,0.0],[104.460516,-1.600703,0.0],[104.460584,-1.600909,0.0],[104.461056,-1.602477,0.0],[104.461308,-1.60301,0.0],[104.461589,-1.60381,0.0],[104.461772,-1.604343,0.0],[104.462084,-1.605089,0.0],[104.46245,-1.606277,0.0],[104.462701,-1.606977,0.0],[104.463135,-1.607952,0.0],[104.463386,-1.608645,0.0],[104.463561,-1.609322,0.0],[104.463881,-1.610229,0.0],[104.464102,-1.610746,0.0],[104.464361,-1.611561,0.0],[104.464681,-1.612657,0.0],[104.464993,-1.613548,0.0],[104.465086,-1.613855,0.0],[104.465232,-1.614399,0.0],[104.465289,-1.614661,0.0],[104.465338,-1.614882,0.0],[104.465427,-1.615208,0.0],[104.465853,-1.616328,0.0],[104.466016,-1.616734,0.0],[104.466207,-1.617126,0.0],[104.466322,-1.617274,0.0],[104.466375,-1.617373,0.0],[104.466401,-1.617481,0.0],[104.466401,-1.617588,0.0],[104.466429,-1.617742,0.0],[104.466545,-1.618016,0.0],[104.466717,-1.618365,0.0],[104.466908,-1.618773,0.0],[104.466988,-1.619,0.0],[104.467224,-1.619632,0.0],[104.46746,-1.620185,0.0],[104.467588,-1.620519,0.0],[104.467638,-1.62069,0.0],[104.467781,-1.621043,0.0],[104.467962,-1.621562,0.0],[104.468067,-1.621814,0.0],[104.468143,-1.622057,0.0],[104.468186,-1.622257,0.0],[104.468252,-1.622443,0.0],[104.468438,-1.622847,0.0],[104.468481,-1.622976,0.0],[104.468662,-1.623323,0.0],[104.468919,-1.623794,0.0],[104.469023,-1.62398,0.0],[104.469071,-1.624122,0.0],[104.469195,-1.624427,0.0],[104.469261,-1.624556,0.0],[104.469414,-1.624832,0.0],[104.469471,-1.62496,0.0],[104.469532,-1.625112,0.0],[104.469599,-1.625255,0.0],[104.469666,-1.625412,0.0],[104.469847,-1.625669,0.0],[104.469918,-1.625855,0.0],[104.469961,-1.625978,0.0],[104.470037,-1.62614,0.0],[104.47017,-1.626464,0.0],[104.470208,-1.626573,0.0],[104.470246,-1.626721,0.0],[104.470294,-1.626849,0.0],[104.470361,-1.626949,0.0],[104.470477,-1.627175,0.0],[104.470528,-1.627361,0.0],[104.470673,-1.62768,0.0],[104.470871,-1.628107,0.0],[104.471008,-1.628488,0.0],[104.471198,-1.628952,0.0],[104.47145,-1.629462,0.0],[104.471524,-1.629653,0.0],[104.471559,-1.62982,0.0],[104.471606,-1.629999,0.0],[104.471619,-1.630214,0.0],[104.4716,-1.630391,0.0],[104.471618,-1.630528,0.0],[104.471689,-1.630742,0.0],[104.471785,-1.630885,0.0],[104.471904,-1.631164,0.0],[104.471957,-1.631379,0.0],[104.472058,-1.631765,0.0],[104.472142,-1.631979,0.0],[104.47229,-1.63239,0.0],[104.472338,-1.632509,0.0],[104.472427,-1.632687,0.0],[104.47251,-1.632872,0.0],[104.472647,-1.633098,0.0],[104.47282,-1.633449,0.0],[104.473016,-1.633829,0.0],[104.473087,-1.63399,0.0],[104.473129,-1.634103,0.0],[104.473224,-1.634246,0.0],[104.473456,-1.634686,0.0],[104.473492,-1.634835,0.0],[104.473635,-1.635126,0.0],[104.473688,-1.635257,0.0],[104.47376,-1.635412,0.0],[104.473825,-1.635578,0.0],[104.47389,-1.635715,0.0],[104.474003,-1.63584,0.0],[104.474146,-1.636066,0.0],[104.474194,-1.636215,0.0],[104.474259,-1.636346,0.0],[104.474491,-1.636709,0.0],[104.474563,-1.636857,0.0],[104.47464,-1.637077,0.0],[104.474705,-1.63725,0.0],[104.474807,-1.637434,0.0],[104.474908,-1.637607,0.0],[104.475324,-1.638202,0.0],[104.475378,-1.638374,0.0],[104.475562,-1.638672,0.0],[104.475651,-1.638856,0.0],[104.475758,-1.639058,0.0],[104.475818,-1.639177,0.0],[104.476008,-1.639391,0.0],[104.476115,-1.63957,0.0],[104.476169,-1.639683,0.0],[104.47621,-1.639832,0.0],[104.476276,-1.64001,0.0],[104.476353,-1.640171,0.0],[104.47646,-1.640314,0.0],[104.476561,-1.640438,0.0],[104.476639,-1.640557,0.0],[104.476692,-1.640712,0.0],[104.47671,-1.640831,0.0],[104.476787,-1.640992,0.0],[104.476865,-1.641075,0.0],[104.476936,-1.641164,0.0],[104.47699,-1.641259,0.0],[104.477037,-1.641479,0.0],[104.477156,-1.641646,0.0],[104.47724,-1.641723,0.0],[104.477353,-1.641914,0.0],[104.477466,-1.641985,0.0],[104.477656,-1.642068,0.0],[104.477732,-1.642128,0.0],[104.477777,-1.642224,0.0],[104.477917,-1.642468,0.0],[104.478205,-1.642859,0.0],[104.478362,-1.64304,0.0],[104.478485,-1.643197,0.0],[104.478595,-1.643349,0.0],[104.478695,-1.643497,0.0],[104.478933,-1.643868,0.0],[104.478966,-1.643973,0.0],[104.47895,-1.644165,0.0],[104.478947,-1.644263,0.0],[104.478966,-1.644377,0.0],[104.479023,-1.644491,0.0],[104.479066,-1.644615,0.0],[104.479063,-1.644787,0.0],[104.479097,-1.644975,0.0],[104.479218,-1.645181,0.0],[104.479342,-1.645381,0.0],[104.479418,-1.645529,0.0],[104.479447,-1.645643,0.0],[104.47949,-1.645733,0.0],[104.479561,-1.645824,0.0],[104.479599,-1.645929,0.0],[104.479623,-1.646029,0.0],[104.479704,-1.646276,0.0],[104.479785,-1.646452,0.0],[104.479908,-1.646638,0.0],[104.479989,-1.646723,0.0],[104.480042,-1.646795,0.0],[104.480146,-1.646995,0.0],[104.480218,-1.647114,0.0],[104.48028,-1.647275,0.0],[104.480384,-1.647504,0.0],[104.48046,-1.647647,0.0],[104.480598,-1.647889,0.0],[104.480665,-1.648027,0.0],[104.480746,-1.648213,0.0],[104.480822,-1.64837,0.0],[104.480931,-1.648508,0.0],[104.481046,-1.64866,0.0],[104.481093,-1.648713,0.0],[104.481208,-1.648941,0.0],[104.481288,-1.649112,0.0],[104.481365,-1.649231,0.0],[104.481445,-1.649326,0.0],[104.481522,-1.649484,0.0],[104.481583,-1.649636,0.0],[104.481707,-1.649812,0.0],[104.48184,-1.650007,0.0],[104.482017,-1.650411,0.0],[104.482136,-1.650654,0.0],[104.482202,-1.650878,0.0],[104.482254,-1.650987,0.0],[104.482383,-1.651182,0.0],[104.482459,-1.651249,0.0],[104.48253,-1.651292,0.0],[104.482621,-1.651378,0.0],[104.482683,-1.651468,0.0],[104.482735,-1.65162,0.0],[104.482787,-1.651901,0.0],[104.482797,-1.652177,0.0],[104.482816,-1.652301,0.0],[104.482883,-1.652405,0.0],[104.48293,-1.652501,0.0],[104.48304,-1.652596,0.0],[104.483106,-1.652705,0.0],[104.483154,-1.652753,0.0],[104.483206,-1.652843,0.0],[104.483297,-1.653167,0.0],[104.483344,-1.653257,0.0],[104.48343,-1.653362,0.0],[104.48352,-1.653462,0.0],[104.483741,-1.653717,0.0],[104.483829,-1.653846,0.0],[104.483901,-1.654014,0.0],[104.484011,-1.654228,0.0],[104.484139,-1.654433,0.0],[104.484229,-1.65459,0.0],[104.484296,-1.654695,0.0],[104.484325,-1.654728,0.0],[104.484382,-1.654837,0.0],[104.48441,-1.654918,0.0],[104.484444,-1.654971,0.0],[104.484491,-1.655104,0.0],[104.484515,-1.655223,0.0],[104.484601,-1.655451,0.0],[104.484696,-1.655799,0.0],[104.484791,-1.655984,0.0],[104.484943,-1.656213,0.0],[104.485115,-1.656322,0.0],[104.485157,-1.656384,0.0],[104.485186,-1.656451,0.0],[104.485224,-1.656589,0.0],[104.485205,-1.656679,0.0],[104.485229,-1.656774,0.0],[104.485305,-1.656912,0.0],[104.485386,-1.657022,0.0],[104.485438,-1.657112,0.0],[104.4855,-1.657202,0.0],[104.485643,-1.657555,0.0],[104.485695,-1.657707,0.0],[104.485748,-1.65784,0.0],[104.485814,-1.658083,0.0],[104.485871,-1.658211,0.0],[104.485905,-1.65833,0.0],[104.485943,-1.65843,0.0],[104.486014,-1.65854,0.0],[104.486076,-1.658602,0.0],[104.486166,-1.658744,0.0],[104.486195,-1.658816,0.0],[104.486271,-1.658973,0.0],[104.486328,-1.659068,0.0],[104.486438,-1.65922,0.0],[104.486452,-1.659339,0.0],[104.486442,-1.659392,0.0],[104.48639,-1.659458,0.0],[104.486185,-1.65952,0.0],[104.486114,-1.659577,0.0],[104.486071,-1.659677,0.0],[104.486038,-1.659801,0.0],[104.486024,-1.660039,0.0],[104.486028,-1.660243,0.0],[104.486052,-1.660367,0.0],[104.486143,-1.660586,0.0],[104.486185,-1.660653,0.0],[104.486228,-1.660681,0.0],[104.486338,-1.66071,0.0],[104.486385,-1.660753,0.0],[104.486404,-1.6608,0.0],[104.486395,-1.6609,0.0],[104.486399,-1.660967,0.0],[104.486419,-1.661,0.0],[104.486447,-1.661005,0.0],[104.486528,-1.660986,0.0],[104.486616,-1.660998,0.0],[104.486664,-1.661096,0.0],[104.486673,-1.661248,0.0],[104.486666,-1.661369,0.0],[104.486723,-1.661476,0.0],[104.486823,-1.661726,0.0],[104.486837,-1.661933,0.0],[104.486866,-1.66204,0.0],[104.486959,-1.662297,0.0],[104.487023,-1.662561,0.0],[104.487066,-1.66269,0.0],[104.487101,-1.662825,0.0],[104.487123,-1.662946,0.0],[104.487223,-1.663303,0.0],[104.487358,-1.663632,0.0],[104.48743,-1.663732,0.0],[104.487594,-1.663974,0.0],[104.487644,-1.664053,0.0],[104.487844,-1.664324,0.0],[104.487987,-1.66451,0.0],[104.488058,-1.66461,0.0],[104.488208,-1.66481,0.0],[104.488308,-1.664931,0.0],[104.488422,-1.66496,0.0],[104.488501,-1.665024,0.0],[104.488536,-1.665102,0.0],[104.488558,-1.665195,0.0],[104.488572,-1.665316,0.0],[104.488572,-1.665459,0.0],[104.488543,-1.665645,0.0],[104.488543,-1.665766,0.0],[104.488472,-1.665995,0.0],[104.488522,-1.666123,0.0],[104.488558,-1.666237,0.0],[104.488579,-1.666337,0.0],[104.48865,-1.666416,0.0],[104.488708,-1.666494,0.0],[104.488743,-1.666587,0.0],[104.488793,-1.66683,0.0],[104.488832,-1.666919,0.0],[104.488868,-1.667037,0.0],[104.488897,-1.667099,0.0],[104.488911,-1.667177,0.0],[104.48893,-1.667229,0.0],[104.488947,-1.667356,0.0],[104.488923,-1.667418,0.0],[104.488856,-1.667529,0.0],[104.488844,-1.667582,0.0],[104.488868,-1.667665,0.0],[104.488956,-1.667729,0.0],[104.488978,-1.667753,0.0],[104.488971,-1.667777,0.0],[104.488888,-1.667836,0.0],[104.488821,-1.66785,0.0],[104.489001,-1.668028,0.0],[104.488879,-1.668107,0.0],[104.488783,-1.668182,0.0],[104.488719,-1.668251,0.0],[104.488655,-1.668347,0.0],[104.488591,-1.66846,0.0],[104.488447,-1.668739,0.0],[104.488133,-1.669166,0.0],[104.488005,-1.669247,0.0],[104.487862,-1.6693,0.0],[104.487729,-1.669337,0.0],[104.487617,-1.669337,0.0],[104.487484,-1.669321,0.0],[104.487261,-1.669257,0.0],[104.486894,-1.669145,0.0],[104.48657,-1.669027,0.0],[104.486055,-1.668837,0.0],[104.48579,-1.668661,0.0],[104.485719,-1.668603,0.0],[104.485647,-1.668528,0.0],[104.485597,-1.668451,0.0],[104.485563,-1.668374,0.0],[104.485505,-1.668188,0.0],[104.48549,-1.667674,0.0],[104.48552,-1.667159,0.0],[104.485533,-1.666962,0.0],[104.485582,-1.666803,0.0],[104.485649,-1.666608,0.0],[104.485764,-1.66642,0.0],[104.485879,-1.666273,0.0],[104.485946,-1.666091,0.0],[104.485952,-1.665926,0.0],[104.485928,-1.665731,0.0],[104.485898,-1.665603,0.0],[104.485807,-1.665439,0.0],[104.485551,-1.665064,0.0],[104.485176,-1.664577,0.0],[104.484714,-1.664007,0.0],[104.484468,-1.663777,0.0],[104.484255,-1.663615,0.0],[104.484064,-1.663462,0.0],[104.483861,-1.663314,0.0],[104.483697,-1.663227,0.0],[104.483569,-1.663189,0.0],[104.483405,-1.663169,0.0],[104.48317,-1.66318,0.0],[104.482938,-1.663217,0.0],[104.482553,-1.663271,0.0],[104.482353,-1.66326,0.0],[104.482217,-1.663238,0.0],[104.482085,-1.66317,0.0],[104.481751,-1.66293,0.0],[104.481515,-1.662715,0.0],[104.481358,-1.662551,0.0],[104.481215,-1.662338,0.0],[104.481038,-1.661974,0.0],[104.480941,-1.661759,0.0],[104.48089,-1.661557,0.0],[104.480862,-1.661358,0.0],[104.480856,-1.661113,0.0],[104.480848,-1.660472,0.0],[104.48086,-1.660114,0.0],[104.480878,-1.659926,0.0],[104.480878,-1.6594,0.0],[104.480894,-1.659216,0.0],[104.480925,-1.659021,0.0],[104.481011,-1.658766,0.0],[104.481132,-1.658512,0.0],[104.481263,-1.658306,0.0],[104.481363,-1.658112,0.0],[104.481461,-1.657902,0.0],[104.481503,-1.657668,0.0],[104.481491,-1.657313,0.0],[104.481424,-1.65707,0.0],[104.481344,-1.656876,0.0],[104.481232,-1.656683,0.0],[104.481178,-1.656606,0.0],[104.481057,-1.656485,0.0],[104.480878,-1.656336,0.0],[104.480458,-1.656079,0.0],[104.479974,-1.655862,0.0],[104.479798,-1.655808,0.0],[104.479532,-1.655754,0.0],[104.479403,-1.655754,0.0],[104.479299,-1.655764,0.0],[104.479182,-1.655818,0.0],[104.479087,-1.655884,0.0],[104.478954,-1.656021,0.0],[104.478736,-1.656257,0.0],[104.478369,-1.6568,0.0],[104.477996,-1.657516,0.0],[104.477841,-1.657877,0.0],[104.477708,-1.658149,0.0],[104.477384,-1.6588,0.0],[104.477243,-1.659206,0.0],[104.477084,-1.659464,0.0],[104.477025,-1.659624,0.0],[104.477,-1.659762,0.0],[104.476997,-1.659901,0.0],[104.477023,-1.660069,0.0],[104.477071,-1.660357,0.0],[104.47706,-1.660684,0.0],[104.477015,-1.6609,0.0],[104.476865,-1.661117,0.0],[104.47648,-1.661478,0.0],[104.476088,-1.661805,0.0],[104.475492,-1.662162,0.0],[104.475156,-1.662306,0.0],[104.474863,-1.66242,0.0],[104.474611,-1.662497,0.0],[104.474347,-1.662545,0.0],[104.474149,-1.662562,0.0],[104.473945,-1.66254,0.0],[104.473743,-1.662506,0.0],[104.473441,-1.662415,0.0],[104.473234,-1.662346,0.0],[104.473048,-1.662268,0.0],[104.472812,-1.662126,0.0],[104.472391,-1.661957,0.0],[104.472138,-1.661846,0.0],[104.471635,-1.661586,0.0],[104.47124,-1.661402,0.0],[104.470921,-1.661276,0.0],[104.470357,-1.660986,0.0],[104.470044,-1.660823,0.0],[104.469814,-1.66065,0.0],[104.469554,-1.660434,0.0],[104.469183,-1.66003,0.0],[104.468873,-1.659595,0.0],[104.468724,-1.659273,0.0],[104.468634,-1.658899,0.0],[104.468592,-1.658378,0.0],[104.468618,-1.65797,0.0],[104.468745,-1.657413,0.0],[104.468816,-1.657115,0.0],[104.468989,-1.656686,0.0],[104.469332,-1.656172,0.0],[104.469557,-1.655922,0.0],[104.469847,-1.655639,0.0],[104.470036,-1.65549,0.0],[104.470311,-1.655351,0.0],[104.470564,-1.655292,0.0],[104.470709,-1.655273,0.0],[104.470936,-1.655288,0.0],[104.471223,-1.655363,0.0],[104.471557,-1.65546,0.0],[104.471877,-1.655569,0.0],[104.472297,-1.655737,0.0],[104.472553,-1.655812,0.0],[104.472874,-1.655831,0.0],[104.473246,-1.655778,0.0],[104.473487,-1.655692,0.0],[104.473687,-1.655583,0.0],[104.473944,-1.655395,0.0],[104.474221,-1.655185,0.0],[104.47443,-1.654959,0.0],[104.474586,-1.65474,0.0],[104.474675,-1.654604,0.0],[104.474839,-1.654321,0.0],[104.474963,-1.653978,0.0],[104.475001,-1.653857,0.0],[104.475009,-1.653741,0.0],[104.474988,-1.653536,0.0],[104.474961,-1.653434,0.0],[104.474927,-1.65335,0.0],[104.474823,-1.653139,0.0],[104.474632,-1.652842,0.0],[104.474532,-1.652682,0.0],[104.474406,-1.652498,0.0],[104.474223,-1.652316,0.0],[104.474103,-1.652231,0.0],[104.473955,-1.65218,0.0],[104.473822,-1.652175,0.0],[104.473697,-1.652186,0.0],[104.473579,-1.652211,0.0],[104.473465,-1.652245,0.0],[104.473292,-1.652313,0.0],[104.472835,-1.652479,0.0],[104.472665,-1.652515,0.0],[104.47226,-1.652554,0.0],[104.471839,-1.652592,0.0],[104.471729,-1.652587,0.0],[104.471649,-1.652567,0.0],[104.471483,-1.652488,0.0],[104.471379,-1.652425,0.0],[104.471258,-1.652327,0.0],[104.471176,-1.652249,0.0],[104.471105,-1.652164,0.0],[104.470947,-1.651924,0.0],[104.470784,-1.651691,0.0],[104.470655,-1.651528,0.0],[104.470496,-1.651363,0.0],[104.470364,-1.651258,0.0],[104.470224,-1.65116,0.0],[104.470045,-1.651015,0.0],[104.469954,-1.650909,0.0],[104.46979,-1.650674,0.0],[104.469733,-1.650565,0.0],[104.469709,-1.650471,0.0],[104.469681,-1.65033,0.0],[104.46969,-1.650107,0.0],[104.469718,-1.649849,0.0],[104.469767,-1.649684,0.0],[104.469819,-1.649529,0.0],[104.469859,-1.649384,0.0],[104.469872,-1.64925,0.0],[104.46987,-1.649059,0.0],[104.469859,-1.649001,0.0],[104.469821,-1.648867,0.0],[104.469693,-1.648623,0.0],[104.469535,-1.648415,0.0],[104.469417,-1.648289,0.0],[104.46927,-1.648144,0.0],[104.468949,-1.647856,0.0],[104.468831,-1.647768,0.0],[104.468697,-1.64769,0.0],[104.468557,-1.647616,0.0],[104.468099,-1.647443,0.0],[104.467763,-1.64734,0.0],[104.467692,-1.647329,0.0],[104.467569,-1.647324,0.0],[104.467409,-1.647362,0.0],[104.467326,-1.647402,0.0],[104.467188,-1.647508,0.0],[104.467072,-1.647618,0.0],[104.466813,-1.647878,0.0],[104.466654,-1.648033,0.0],[104.466419,-1.648274,0.0],[104.466324,-1.648388,0.0],[104.466161,-1.648549,0.0],[104.46607,-1.648632,0.0],[104.466001,-1.64871,0.0],[104.465844,-1.648935,0.0],[104.465762,-1.649058,0.0],[104.465594,-1.649337,0.0],[104.465454,-1.649559,0.0],[104.46533,-1.649748,0.0],[104.465279,-1.649802,0.0],[104.465201,-1.649862,0.0],[104.465036,-1.649954,0.0],[104.464896,-1.650064,0.0],[104.464827,-1.650162,0.0],[104.464793,-1.65027,0.0],[104.464749,-1.65038,0.0],[104.464661,-1.650529,0.0],[104.464545,-1.650652,0.0],[104.464438,-1.650746,0.0],[104.464305,-1.650851,0.0],[104.463982,-1.651055,0.0],[104.463798,-1.651152,0.0],[104.463642,-1.651226,0.0],[104.463504,-1.651273,0.0],[104.463118,-1.651324,0.0],[104.462989,-1.651324,0.0],[104.462639,-1.651293,0.0],[104.46239,-1.651248,0.0],[104.462271,-1.651214,0.0],[104.462082,-1.651126,0.0],[104.461982,-1.651073,0.0],[104.461896,-1.651019,0.0],[104.461783,-1.650899,0.0],[104.461613,-1.650601,0.0],[104.461483,-1.65034,0.0],[104.46131,-1.650055,0.0],[104.461192,-1.649873,0.0],[104.460947,-1.649544,0.0],[104.460817,-1.649348,0.0],[104.460769,-1.649248,0.0],[104.460668,-1.649017,0.0],[104.460604,-1.648833,0.0],[104.460586,-1.648727,0.0],[104.460575,-1.648513,0.0],[104.460583,-1.648454,0.0],[104.460614,-1.648329,0.0],[104.460667,-1.648182,0.0],[104.460727,-1.64809,0.0],[104.46079,-1.648007,0.0],[104.460871,-1.647921,0.0],[104.460992,-1.647781,0.0],[104.461117,-1.647657,0.0],[104.461392,-1.647398,0.0],[104.461509,-1.647292,0.0],[104.461673,-1.647153,0.0],[104.461737,-1.647107,0.0],[104.461926,-1.64701,0.0],[104.462093,-1.646945,0.0],[104.462251,-1.646889,0.0],[104.462415,-1.646839,0.0],[104.462505,-1.646818,0.0],[104.462955,-1.646749,0.0],[104.46322,-1.646678,0.0],[104.463291,-1.646646,0.0],[104.463422,-1.646568,0.0],[104.463615,-1.646445,0.0],[104.46388,-1.646305,0.0],[104.464042,-1.646235,0.0],[104.464267,-1.646097,0.0],[104.464356,-1.64603,0.0],[104.464508,-1.645873,0.0],[104.464615,-1.64568,0.0],[104.46485,-1.645198,0.0],[104.464949,-1.64487,0.0],[104.464988,-1.64472,0.0],[104.465015,-1.644535,0.0],[104.465057,-1.644199,0.0],[104.465053,-1.643875,0.0],[104.464976,-1.643186,0.0],[104.464949,-1.643,0.0],[104.464884,-1.64278,0.0],[104.464804,-1.642584,0.0],[104.464685,-1.64236,0.0],[104.464539,-1.642136,0.0],[104.464455,-1.642024,0.0],[104.464274,-1.641877,0.0],[104.463977,-1.641707,0.0],[104.46362,-1.641548,0.0],[104.463467,-1.64149,0.0],[104.463271,-1.641448,0.0],[104.463095,-1.64144,0.0],[104.462934,-1.64144,0.0],[104.462803,-1.641452,0.0],[104.462684,-1.641475,0.0],[104.462592,-1.641517,0.0],[104.46235,-1.641683,0.0],[104.4621,-1.6419,0.0],[104.462008,-1.642012,0.0],[104.461923,-1.642143,0.0],[104.461769,-1.642483,0.0],[104.461616,-1.6429,0.0],[104.461465,-1.643261,0.0],[104.461335,-1.643551,0.0],[104.461127,-1.644075,0.0],[104.460719,-1.645158,0.0],[104.460489,-1.645606,0.0],[104.460368,-1.64582,0.0],[104.46018,-1.646048,0.0],[104.460004,-1.646233,0.0],[104.459727,-1.646476,0.0],[104.459536,-1.646596,0.0],[104.459301,-1.646734,0.0],[104.459077,-1.646851,0.0],[104.458931,-1.646901,0.0],[104.458824,-1.646951,0.0],[104.458532,-1.647043,0.0],[104.458283,-1.647074,0.0],[104.458072,-1.64707,0.0],[104.457941,-1.647051,0.0],[104.45778,-1.646993,0.0],[104.45755,-1.646897,0.0],[104.457404,-1.646796,0.0],[104.457205,-1.646603,0.0],[104.456851,-1.646087,0.0],[104.456709,-1.645786,0.0],[104.456655,-1.64559,0.0],[104.456621,-1.645389,0.0],[104.456613,-1.645196,0.0],[104.456602,-1.645007,0.0],[104.456613,-1.644722,0.0],[104.456636,-1.644614,0.0],[104.45667,-1.644502,0.0],[104.456824,-1.644144,0.0],[104.456947,-1.643767,0.0],[104.456974,-1.643593,0.0],[104.456966,-1.643347,0.0],[104.456947,-1.643138,0.0],[104.456905,-1.643018,0.0],[104.45669,-1.642694,0.0],[104.456563,-1.642524,0.0],[104.456467,-1.64242,0.0],[104.456183,-1.642159,0.0],[104.455867,-1.641945,0.0],[104.455572,-1.641757,0.0],[104.455463,-1.641694,0.0],[104.45523,-1.641663,0.0],[104.455027,-1.641647,0.0],[104.454802,-1.641655,0.0],[104.454459,-1.641756,0.0],[104.45414,-1.641819,0.0],[104.453783,-1.64185,0.0],[104.453401,-1.641842,0.0],[104.453106,-1.641834,0.0],[104.452911,-1.641795,0.0],[104.452732,-1.641709,0.0],[104.452491,-1.641513,0.0],[104.452141,-1.641255,0.0],[104.451711,-1.640859,0.0],[104.451486,-1.640632,0.0],[104.451299,-1.640413,0.0],[104.451159,-1.640147,0.0],[104.451058,-1.639858,0.0],[104.451027,-1.639607,0.0],[104.450988,-1.639232,0.0],[104.450988,-1.638767,0.0],[104.450965,-1.638383,0.0],[104.450926,-1.637968,0.0],[104.450895,-1.637616,0.0],[104.450841,-1.637202,0.0],[104.450763,-1.636826,0.0],[104.450654,-1.636458,0.0],[104.450561,-1.636247,0.0],[104.450452,-1.636098,0.0],[104.450336,-1.635973,0.0],[104.449985,-1.635768,0.0],[104.449762,-1.635679,0.0],[104.449456,-1.635611,0.0],[104.449042,-1.635589,0.0],[104.448802,-1.635583,0.0],[104.448307,-1.635639,0.0],[104.448051,-1.635689,0.0],[104.447689,-1.635795,0.0],[104.447238,-1.635918,0.0],[104.446784,-1.635998,0.0],[104.446166,-1.636048,0.0],[104.445677,-1.636109,0.0],[104.445259,-1.636165,0.0],[104.445048,-1.636221,0.0],[104.44487,-1.636288,0.0],[104.444474,-1.636484,0.0],[104.444274,-1.636601,0.0],[104.444029,-1.636809,0.0],[104.44352,-1.637202,0.0],[104.443131,-1.637476,0.0],[104.442802,-1.637773,0.0],[104.44229,-1.638288,0.0],[104.441932,-1.638821,0.0],[104.441882,-1.638956,0.0],[104.441452,-1.639804,0.0],[104.44124,-1.640173,0.0],[104.44114,-1.640313,0.0],[104.441023,-1.640419,0.0],[104.440884,-1.640525,0.0],[104.440057,-1.641031,0.0],[104.439867,-1.641104,0.0],[104.439706,-1.641143,0.0],[104.439277,-1.641193,0.0],[104.43891,-1.641254,0.0],[104.438676,-1.641299,0.0],[104.438481,-1.64131,0.0],[104.438337,-1.641299,0.0],[104.438036,-1.641249,0.0],[104.437764,-1.641215,0.0],[104.437282,-1.641136,0.0],[104.436798,-1.641119,0.0],[104.436119,-1.641102,0.0],[104.435704,-1.641101,0.0],[104.435086,-1.641067,0.0],[104.434741,-1.641,0.0],[104.434441,-1.640944,0.0],[104.434229,-1.640882,0.0],[104.43384,-1.640731,0.0],[104.433247,-1.640494,0.0],[104.43175,-1.640001,0.0],[104.431377,-1.6399,0.0],[104.430948,-1.639704,0.0],[104.430702,-1.63955,0.0],[104.430557,-1.639455,0.0],[104.430357,-1.639242,0.0],[104.430296,-1.639136,0.0],[104.430195,-1.638923,0.0],[104.430179,-1.638767,0.0],[104.430168,-1.638319,0.0],[104.430213,-1.637772,0.0],[104.43028,-1.63705,0.0],[104.430335,-1.636653,0.0],[104.430363,-1.63649,0.0],[104.430419,-1.636317,0.0],[104.430491,-1.636143,0.0],[104.43071,-1.635775,0.0],[104.431016,-1.635361,0.0],[104.431317,-1.634779,0.0],[104.431384,-1.634611,0.0],[104.431478,-1.634337,0.0],[104.431562,-1.633696,0.0],[104.431596,-1.633231,0.0],[104.431585,-1.632806,0.0],[104.431568,-1.632414,0.0],[104.431535,-1.632112,0.0],[104.43145,-1.63148,0.0],[104.431289,-1.630528,0.0],[104.431184,-1.630108,0.0],[104.431088,-1.629815,0.0],[104.43091,-1.629395,0.0],[104.43081,-1.629171,0.0],[104.43071,-1.629009,0.0],[104.430543,-1.628802,0.0],[104.430426,-1.62869,0.0],[104.430276,-1.628583,0.0],[104.42999,-1.628392,0.0],[104.429678,-1.628207,0.0],[104.429511,-1.628123,0.0],[104.429311,-1.628072,0.0],[104.428927,-1.628039,0.0],[104.428632,-1.628039,0.0],[104.428543,-1.628055,0.0],[104.428431,-1.628106,0.0],[104.428242,-1.628229,0.0],[104.428069,-1.628347,0.0],[104.427919,-1.628537,0.0],[104.427718,-1.628934,0.0],[104.427405,-1.629755,0.0],[104.427193,-1.630225,0.0],[104.426924,-1.630894,0.0],[104.426785,-1.631146,0.0],[104.42664,-1.63142,0.0],[104.426534,-1.631639,0.0],[104.426429,-1.631924,0.0],[104.426306,-1.632349,0.0],[104.426183,-1.632696,0.0],[104.426059,-1.632934,0.0],[104.426009,-1.633062,0.0],[104.425948,-1.633174,0.0],[104.425886,-1.63327,0.0],[104.425797,-1.633359,0.0],[104.425641,-1.633477,0.0],[104.42543,-1.633616,0.0],[104.425179,-1.633739,0.0],[104.425096,-1.633784,0.0],[104.425029,-1.633795,0.0],[104.424901,-1.633795,0.0],[104.42479,-1.633767,0.0],[104.424628,-1.6337,0.0],[104.424317,-1.633515,0.0],[104.424167,-1.633398,0.0],[104.424005,-1.63328,0.0],[104.423777,-1.633135,0.0],[104.423649,-1.633034,0.0],[104.423549,-1.63295,0.0],[104.423408,-1.632756,0.0],[104.423164,-1.632353,0.0],[104.422947,-1.632017,0.0],[104.422619,-1.631317,0.0],[104.422372,-1.630721,0.0],[104.422244,-1.630273,0.0],[104.421909,-1.629285,0.0],[104.421803,-1.628943,0.0],[104.421658,-1.628591,0.0],[104.421364,-1.628137,0.0],[104.421191,-1.627913,0.0],[104.420644,-1.627424,0.0],[104.420355,-1.627217,0.0],[104.420165,-1.627111,0.0],[104.419748,-1.626965,0.0],[104.419564,-1.626937,0.0],[104.419392,-1.626931,0.0],[104.419114,-1.626965,0.0],[104.418827,-1.627072,0.0],[104.418655,-1.627201,0.0],[104.418499,-1.627302,0.0],[104.418365,-1.627363,0.0],[104.418231,-1.627453,0.0],[104.418048,-1.627593,0.0],[104.417953,-1.627688,0.0],[104.417507,-1.628233,0.0],[104.417178,-1.628658,0.0],[104.417083,-1.628764,0.0],[104.417028,-1.628843,0.0],[104.416978,-1.628949,0.0],[104.416933,-1.629078,0.0],[104.416872,-1.629318,0.0],[104.416783,-1.629626,0.0],[104.416686,-1.629971,0.0],[104.416614,-1.630128,0.0],[104.41653,-1.630279,0.0],[104.416436,-1.630413,0.0],[104.416257,-1.630587,0.0],[104.416046,-1.630822,0.0],[104.415879,-1.631012,0.0],[104.415745,-1.631158,0.0],[104.415478,-1.631505,0.0],[104.415227,-1.631689,0.0],[104.414746,-1.631868,0.0],[104.414613,-1.631924,0.0],[104.414435,-1.631986,0.0],[104.414179,-1.632014,0.0],[104.413767,-1.631997,0.0],[104.413539,-1.63198,0.0],[104.413283,-1.631907,0.0],[104.413093,-1.63184,0.0],[104.412938,-1.631767,0.0],[104.412693,-1.631638,0.0],[104.412359,-1.631397,0.0],[104.412203,-1.631196,0.0],[104.411874,-1.630728,0.0],[104.411761,-1.630623,0.0],[104.411711,-1.630584,0.0],[104.41165,-1.630551,0.0],[104.411583,-1.630527,0.0],[104.411466,-1.630504,0.0],[104.411196,-1.630338,0.0],[104.410901,-1.63016,0.0],[104.410812,-1.630112,0.0],[104.410534,-1.629978,0.0],[104.410172,-1.629795,0.0],[104.410056,-1.629728,0.0],[104.409945,-1.629672,0.0],[104.409711,-1.62959,0.0],[104.409572,-1.629548,0.0],[104.409433,-1.629524,0.0],[104.40928,-1.629504,0.0],[104.409158,-1.629506,0.0],[104.408989,-1.629479,0.0],[104.408782,-1.629456,0.0],[104.408557,-1.629447,0.0],[104.408373,-1.629415,0.0],[104.408175,-1.629356,0.0],[104.407757,-1.629302,0.0],[104.407573,-1.62927,0.0],[104.407321,-1.629252,0.0],[104.407088,-1.629229,0.0],[104.406791,-1.629238,0.0],[104.406521,-1.629243,0.0],[104.406274,-1.629238,0.0],[104.406063,-1.629217,0.0],[104.40589,-1.62922,0.0],[104.405511,-1.629258,0.0],[104.40536,-1.629301,0.0],[104.405262,-1.629336,0.0],[104.40507,-1.629397,0.0],[104.404935,-1.629444,0.0],[104.404814,-1.629464,0.0],[104.404699,-1.629552,0.0],[104.404652,-1.629581,0.0],[104.404461,-1.629666,0.0],[104.404185,-1.629754,0.0],[104.4041,-1.629775,0.0],[104.403934,-1.629837,0.0],[104.403872,-1.629867,0.0],[104.403776,-1.629936,0.0],[104.403718,-1.629985,0.0],[104.403657,-1.630019,0.0],[104.403499,-1.630126,0.0],[104.403444,-1.630144,0.0],[104.403298,-1.630151,0.0],[104.403125,-1.630193,0.0],[104.402911,-1.630265,0.0],[104.402828,-1.630306,0.0],[104.402669,-1.630408,0.0],[104.402627,-1.630441,0.0],[104.402545,-1.630485,0.0],[104.402301,-1.630588,0.0],[104.40221,-1.630652,0.0],[104.402119,-1.630703,0.0],[104.402037,-1.630741,0.0],[104.401944,-1.630807,0.0],[104.401857,-1.630877,0.0],[104.4017,-1.631021,0.0],[104.401569,-1.631188,0.0],[104.401476,-1.631316,0.0],[104.401364,-1.63146,0.0],[104.401288,-1.6316,0.0],[104.401224,-1.631693,0.0],[104.401115,-1.631884,0.0],[104.401007,-1.632118,0.0],[104.400855,-1.632475,0.0],[104.400785,-1.632611,0.0],[104.400611,-1.632882,0.0],[104.40056,-1.632974,0.0],[104.400445,-1.633164,0.0],[104.400409,-1.633201,0.0],[104.400268,-1.633302,0.0],[104.400203,-1.63336,0.0],[104.400071,-1.633503,0.0],[104.400038,-1.633558,0.0],[104.399926,-1.633691,0.0],[104.399847,-1.633812,0.0],[104.399775,-1.633959,0.0],[104.399734,-1.634009,0.0],[104.399585,-1.634176,0.0],[104.399474,-1.634332,0.0],[104.399428,-1.634384,0.0],[104.399142,-1.634621,0.0],[104.399054,-1.634721,0.0],[104.399014,-1.634774,0.0],[104.398955,-1.634834,0.0],[104.398798,-1.634931,0.0],[104.398598,-1.635028,0.0],[104.398539,-1.635069,0.0],[104.398423,-1.635195,0.0],[104.398372,-1.635241,0.0],[104.398261,-1.635325,0.0],[104.39813,-1.635382,0.0],[104.397987,-1.63542,0.0],[104.397903,-1.635459,0.0],[104.397771,-1.635493,0.0],[104.397671,-1.635532,0.0],[104.397563,-1.635555,0.0],[104.397359,-1.635652,0.0],[104.396984,-1.635798,0.0],[104.396853,-1.635856,0.0],[104.396781,-1.635878,0.0],[104.396662,-1.6359,0.0],[104.396494,-1.635939,0.0],[104.396344,-1.635983,0.0],[104.39621,-1.636008,0.0],[104.396003,-1.636017,0.0],[104.39591,-1.636015,0.0],[104.395512,-1.636018,0.0],[104.395413,-1.636025,0.0],[104.395355,-1.636046,0.0],[104.395226,-1.636151,0.0],[104.395167,-1.636184,0.0],[104.395097,-1.636208,0.0],[104.394978,-1.636234,0.0],[104.394737,-1.636267,0.0],[104.394487,-1.636332,0.0],[104.394356,-1.636371,0.0],[104.394183,-1.636438,0.0],[104.394056,-1.636503,0.0],[104.393951,-1.636577,0.0],[104.393855,-1.636677,0.0],[104.393767,-1.636744,0.0],[104.393728,-1.636765,0.0],[104.393588,-1.636802,0.0],[104.393521,-1.636824,0.0],[104.393123,-1.636923,0.0],[104.392912,-1.636988,0.0],[104.392737,-1.637051,0.0],[104.392562,-1.637091,0.0],[104.392265,-1.637186,0.0],[104.39205,-1.637272,0.0],[104.391802,-1.637367,0.0],[104.391672,-1.637439,0.0],[104.391447,-1.637525,0.0],[104.391281,-1.637611,0.0],[104.390971,-1.637697,0.0],[104.39075,-1.637724,0.0],[104.390481,-1.637751,0.0],[104.390148,-1.637778,0.0],[104.389744,-1.637796,0.0],[104.389348,-1.637746,0.0],[104.389002,-1.637669,0.0],[104.388692,-1.637547,0.0],[104.388377,-1.637352,0.0],[104.388013,-1.637117,0.0],[104.387748,-1.636922,0.0],[104.387566,-1.636762,0.0],[104.387282,-1.636688,0.0],[104.387166,-1.636627,0.0],[104.387054,-1.636582,0.0],[104.386966,-1.636554,0.0],[104.386872,-1.636534,0.0],[104.386757,-1.636521,0.0],[104.386632,-1.636495,0.0],[104.386581,-1.636475,0.0],[104.38643,-1.636435,0.0],[104.386317,-1.636425,0.0],[104.386228,-1.636408,0.0],[104.385839,-1.636359,0.0],[104.385751,-1.636357,0.0],[104.385658,-1.63634,0.0],[104.385602,-1.636319,0.0],[104.385479,-1.636244,0.0],[104.385397,-1.636201,0.0],[104.385347,-1.636189,0.0],[104.385263,-1.636193,0.0],[104.385218,-1.636207,0.0],[104.385075,-1.636236,0.0],[104.384885,-1.636239,0.0],[104.384723,-1.636232,0.0],[104.384647,-1.636224,0.0],[104.384534,-1.636187,0.0],[104.384428,-1.636137,0.0],[104.384253,-1.636091,0.0],[104.384136,-1.636069,0.0],[104.383976,-1.636064,0.0],[104.38392,-1.636077,0.0],[104.38381,-1.63613,0.0],[104.383713,-1.636129,0.0],[104.383621,-1.636108,0.0],[104.383549,-1.636077,0.0],[104.383397,-1.636032,0.0],[104.38326,-1.635977,0.0],[104.383178,-1.63596,0.0],[104.383036,-1.635942,0.0],[104.382776,-1.635931,0.0],[104.382643,-1.635929,0.0],[104.382488,-1.635937,0.0],[104.382399,-1.63597,0.0],[104.382355,-1.635997,0.0],[104.381973,-1.636079,0.0],[104.381889,-1.636078,0.0],[104.381788,-1.636059,0.0],[104.381712,-1.636058,0.0],[104.381559,-1.63608,0.0],[104.381388,-1.636078,0.0],[104.38124,-1.636057,0.0],[104.381133,-1.636033,0.0],[104.380951,-1.635961,0.0],[104.380873,-1.635942,0.0],[104.380755,-1.635946,0.0],[104.380544,-1.636034,0.0],[104.380514,-1.636037,0.0],[104.380356,-1.636027,0.0],[104.380276,-1.636015,0.0],[104.380181,-1.635991,0.0],[104.380072,-1.635982,0.0],[104.379984,-1.635981,0.0],[104.379861,-1.636039,0.0],[104.379769,-1.636071,0.0],[104.37964,-1.636086,0.0],[104.379365,-1.63614,0.0],[104.379262,-1.636143,0.0],[104.379088,-1.636169,0.0],[104.378893,-1.636192,0.0],[104.378724,-1.636221,0.0],[104.378633,-1.636253,0.0],[104.378582,-1.636282,0.0],[104.378456,-1.636376,0.0],[104.378358,-1.636429,0.0],[104.378254,-1.63647,0.0],[104.378134,-1.63649,0.0],[104.377927,-1.636496,0.0],[104.377767,-1.636509,0.0],[104.377515,-1.636564,0.0],[104.377242,-1.63658,0.0],[104.377124,-1.63658,0.0],[104.376982,-1.636593,0.0],[104.376852,-1.636618,0.0],[104.376575,-1.636682,0.0],[104.37641,-1.636706,0.0],[104.376308,-1.636728,0.0],[104.376231,-1.636752,0.0],[104.37609,-1.636815,0.0],[104.376002,-1.636865,0.0],[104.375755,-1.636914,0.0],[104.375466,-1.637003,0.0],[104.375278,-1.637076,0.0],[104.375029,-1.637165,0.0],[104.374894,-1.637184,0.0],[104.374646,-1.637184,0.0],[104.374484,-1.637188,0.0],[104.374331,-1.637187,0.0],[104.374227,-1.63722,0.0],[104.374099,-1.637293,0.0],[104.373936,-1.637375,0.0],[104.373723,-1.637495,0.0],[104.373429,-1.637636,0.0],[104.373337,-1.637655,0.0],[104.373054,-1.637731,0.0],[104.372967,-1.637759,0.0],[104.372871,-1.637777,0.0],[104.372725,-1.637788,0.0],[104.372625,-1.637837,0.0],[104.372513,-1.637926,0.0],[104.372412,-1.638034,0.0],[104.372376,-1.638062,0.0],[104.372274,-1.638114,0.0],[104.372046,-1.638216,0.0],[104.371932,-1.638252,0.0],[104.371603,-1.638388,0.0],[104.371374,-1.63847,0.0],[104.371305,-1.638507,0.0],[104.371106,-1.638621,0.0],[104.370982,-1.638675,0.0],[104.370889,-1.638722,0.0],[104.370758,-1.638748,0.0],[104.370621,-1.63881,0.0],[104.370553,-1.638836,0.0],[104.370387,-1.638888,0.0],[104.370202,-1.638951,0.0],[104.370088,-1.638977,0.0],[104.369979,-1.638994,0.0],[104.369872,-1.639029,0.0],[104.369775,-1.639077,0.0],[104.369658,-1.639152,0.0],[104.369535,-1.639239,0.0],[104.369437,-1.639288,0.0],[104.36922,-1.639441,0.0],[104.368909,-1.639624,0.0],[104.368571,-1.639793,0.0],[104.368518,-1.639822,0.0],[104.368244,-1.640012,0.0],[104.368021,-1.64015,0.0],[104.36781,-1.640228,0.0],[104.367537,-1.640265,0.0],[104.367133,-1.640278,0.0],[104.366861,-1.640253,0.0],[104.366743,-1.640233,0.0],[104.366491,-1.640215,0.0],[104.366444,-1.640296,0.0],[104.366322,-1.640349,0.0],[104.366273,-1.640357,0.0],[104.366105,-1.640401,0.0],[104.365994,-1.640423,0.0],[104.365871,-1.640441,0.0],[104.365639,-1.640496,0.0],[104.365502,-1.640533,0.0],[104.365445,-1.640553,0.0],[104.365246,-1.640596,0.0],[104.365141,-1.640633,0.0],[104.364887,-1.640737,0.0],[104.364775,-1.640765,0.0],[104.3646,-1.640821,0.0],[104.36443,-1.640847,0.0],[104.364213,-1.640908,0.0],[104.364044,-1.640932,0.0],[104.363871,-1.640944,0.0],[104.363726,-1.640974,0.0],[104.36365,-1.640998,0.0],[104.363462,-1.64107,0.0],[104.363217,-1.64121,0.0],[104.362975,-1.641339,0.0],[104.362838,-1.641409,0.0],[104.362696,-1.641497,0.0],[104.362613,-1.641563,0.0],[104.362464,-1.641719,0.0],[104.362353,-1.641797,0.0],[104.362111,-1.641946,0.0],[104.362039,-1.642013,0.0],[104.361959,-1.642121,0.0],[104.361805,-1.642364,0.0],[104.361712,-1.642532,0.0],[104.36166,-1.642618,0.0],[104.361523,-1.642865,0.0],[104.361485,-1.642913,0.0],[104.36142,-1.643024,0.0],[104.361403,-1.643085,0.0],[104.361343,-1.643378,0.0],[104.361317,-1.643534,0.0],[104.361311,-1.643599,0.0],[104.361305,-1.644051,0.0],[104.361315,-1.644187,0.0],[104.361345,-1.644265,0.0],[104.361398,-1.644352,0.0],[104.361423,-1.644427,0.0],[104.361426,-1.644506,0.0],[104.3614,-1.64459,0.0],[104.361315,-1.644745,0.0],[104.361289,-1.644823,0.0],[104.361283,-1.644929,0.0],[104.361324,-1.645045,0.0],[104.361378,-1.645163,0.0],[104.361452,-1.645381,0.0],[104.361527,-1.645542,0.0],[104.36159,-1.64566,0.0],[104.361636,-1.645763,0.0],[104.361782,-1.646021,0.0],[104.361827,-1.646109,0.0],[104.361886,-1.646204,0.0],[104.36198,-1.646297,0.0],[104.362026,-1.646353,0.0],[104.362107,-1.646468,0.0],[104.362203,-1.646566,0.0],[104.362494,-1.646667,0.0],[104.362511,-1.646691,0.0],[104.34909,-1.652068,0.0],[104.335283,-1.656259,0.0],[104.324712,-1.659468,0.0],[104.306429,-1.665063,0.0],[104.281957,-1.672874,0.0],[104.257937,-1.680093,0.0],[104.2427,-1.684785,0.0],[104.221727,-1.691637,0.0],[104.206413,-1.696201,0.0],[104.189563,-1.701434,0.0],[104.169306,-1.707389,0.0],[104.15771,-1.711191,0.0],[104.144567,-1.7155,0.0],[104.126017,-1.719834,0.0],[104.110164,-1.725183,0.0],[104.099276,-1.728946,0.0],[104.085872,-1.733577,0.0],[104.066004,-1.739715,0.0],[104.059827,-1.741824,0.0],[104.044894,-1.746922,0.0],[104.039467,-1.748455,0.0],[104.02225,-1.753317,0.0],[104.004639,-1.753972,0.0],[103.993028,-1.757083,0.0],[103.988917,-1.758028,0.0],[103.977917,-1.761167,0.0],[103.968889,-1.763333,0.0],[103.959111,-1.766083,0.0],[103.94975,-1.768361,0.0],[103.94,-1.770972,0.0],[103.934694,-1.772417,0.0],[103.925444,-1.774667,0.0],[103.916806,-1.777167,0.0],[103.907833,-1.7795,0.0],[103.900833,-1.781889,0.0],[103.890694,-1.784056,0.0],[103.881939,-1.786306,0.0],[103.873333,-1.788611,0.0],[103.871944,-1.802778,0.0],[103.858698,-1.811161,0.0],[103.85,-1.816667,0.0],[103.831817,-1.819128,0.0],[103.813056,-1.821667,0.0],[103.795278,-1.825278,0.0],[103.779121,-1.821046,0.0],[103.771944,-1.819167,0.0],[103.766111,-1.816111,0.0],[103.751657,-1.820585,0.0],[103.742778,-1.823333,0.0],[103.733611,-1.825,0.0],[103.717778,-1.828056,0.0],[103.705833,-1.8325,0.0],[103.689167,-1.837778,0.0],[103.674722,-1.842778,0.0],[103.663722,-1.844856,0.0],[103.6625,-1.845833,0.0],[103.662575,-1.846169,0.0],[103.662043,-1.846283,0.0],[103.661658,-1.846301,0.0],[103.661445,-1.84634,0.0],[103.661246,-1.846392,0.0],[103.660982,-1.84647,0.0],[103.660742,-1.846523,0.0],[103.659671,-1.846503,0.0],[103.65893,-1.846495,0.0],[103.658497,-1.846487,0.0],[103.658158,-1.846439,0.0],[103.657947,-1.846329,0.0],[103.65781,-1.846248,0.0],[103.657608,-1.845974,0.0],[103.657492,-1.845848,0.0],[103.657089,-1.845639,0.0],[103.656867,-1.845485,0.0],[103.656631,-1.84528,0.0],[103.65624,-1.845116,0.0],[103.6561,-1.845109,0.0],[103.655624,-1.845038,0.0],[103.655545,-1.845048,0.0],[103.655461,-1.845068,0.0],[103.655281,-1.845145,0.0],[103.655175,-1.845162,0.0],[103.655034,-1.845162,0.0],[103.654826,-1.845148,0.0],[103.654747,-1.845156,0.0],[103.654697,-1.845192,0.0],[103.654675,-1.845242,0.0],[103.65466,-1.845368,0.0],[103.654639,-1.84541,0.0],[103.654594,-1.845447,0.0],[103.654496,-1.845502,0.0],[103.654344,-1.845532,0.0],[103.654228,-1.845535,0.0],[103.654129,-1.845527,0.0],[103.654021,-1.845457,0.0],[103.653968,-1.845382,0.0],[103.65394,-1.845287,0.0],[103.653913,-1.845096,0.0],[103.653863,-1.84498,0.0],[103.653787,-1.844887,0.0],[103.653716,-1.844814,0.0],[103.653653,-1.84478,0.0],[103.653402,-1.844706,0.0],[103.653306,-1.844702,0.0],[103.65321,-1.844724,0.0],[103.653127,-1.844752,0.0],[103.653043,-1.844817,0.0],[103.653,-1.844875,0.0],[103.652892,-1.84508,0.0],[103.652807,-1.845152,0.0],[103.652699,-1.845255,0.0],[103.65262,-1.84532,0.0],[103.652133,-1.845445,0.0],[103.651912,-1.845448,0.0],[103.651672,-1.845435,0.0],[103.65152,-1.845421,0.0],[103.651359,-1.845398,0.0],[103.651196,-1.845382,0.0],[103.651064,-1.845384,0.0],[103.650909,-1.845425,0.0],[103.650741,-1.845481,0.0],[103.650625,-1.845502,0.0],[103.650082,-1.84547,0.0],[103.649863,-1.845404,0.0],[103.649651,-1.84523,0.0],[103.649478,-1.845063,0.0],[103.649359,-1.844925,0.0],[103.649254,-1.844848,0.0],[103.649035,-1.844763,0.0],[103.648383,-1.844731,0.0],[103.64794,-1.844661,0.0],[103.647324,-1.844488,0.0],[103.647097,-1.844428,0.0],[103.646899,-1.844267,0.0],[103.646632,-1.844098,0.0],[103.646454,-1.844067,0.0],[103.646317,-1.843999,0.0],[103.646179,-1.843892,0.0],[103.64605,-1.843817,0.0],[103.645922,-1.843749,0.0],[103.645829,-1.843724,0.0],[103.645745,-1.843686,0.0],[103.645663,-1.843617,0.0],[103.645577,-1.843465,0.0],[103.645506,-1.843301,0.0],[103.645463,-1.843175,0.0],[103.645382,-1.843039,0.0],[103.645278,-1.842931,0.0],[103.645188,-1.842867,0.0],[103.645061,-1.842806,0.0],[103.644839,-1.842758,0.0],[103.644771,-1.842764,0.0],[103.644641,-1.842788,0.0],[103.644572,-1.842812,0.0],[103.644488,-1.842855,0.0],[103.644409,-1.842912,0.0],[103.644321,-1.842997,0.0],[103.644152,-1.843132,0.0],[103.644026,-1.843188,0.0],[103.643915,-1.843205,0.0],[103.643797,-1.84321,0.0],[103.643686,-1.843197,0.0],[103.643614,-1.843167,0.0],[103.643469,-1.843082,0.0],[103.643401,-1.843019,0.0],[103.643374,-1.842951,0.0],[103.643368,-1.842778,0.0],[103.643362,-1.842713,0.0],[103.643315,-1.842679,0.0],[103.643248,-1.842674,0.0],[103.643188,-1.842721,0.0],[103.64315,-1.842766,0.0],[103.643173,-1.842906,0.0],[103.643153,-1.842968,0.0],[103.643103,-1.842997,0.0],[103.643016,-1.842997,0.0],[103.642906,-1.842981,0.0],[103.642851,-1.842961,0.0],[103.642748,-1.842958,0.0],[103.642698,-1.842951,0.0],[103.642612,-1.842909,0.0],[103.642498,-1.842899,0.0],[103.642454,-1.842885,0.0],[103.642386,-1.842897,0.0],[103.642306,-1.842965,0.0],[103.642254,-1.843048,0.0],[103.64222,-1.843128,0.0],[103.642143,-1.84321,0.0],[103.642031,-1.843237,0.0],[103.641928,-1.84324,0.0],[103.641862,-1.843233,0.0],[103.641779,-1.843258,0.0],[103.641669,-1.843327,0.0],[103.641413,-1.843466,0.0],[103.641299,-1.843558,0.0],[103.641132,-1.843629,0.0],[103.640913,-1.843632,0.0],[103.640588,-1.843677,0.0],[103.640386,-1.843667,0.0],[103.640175,-1.843667,0.0],[103.639884,-1.843703,0.0],[103.639786,-1.843725,0.0],[103.639638,-1.84375,0.0],[103.639486,-1.843767,0.0],[103.639181,-1.843766,0.0],[103.638871,-1.843736,0.0],[103.638686,-1.843714,0.0],[103.638436,-1.84367,0.0],[103.637635,-1.843712,0.0],[103.63745,-1.843711,0.0],[103.637247,-1.843701,0.0],[103.636961,-1.843637,0.0],[103.636747,-1.843597,0.0],[103.636516,-1.843599,0.0],[103.636245,-1.84358,0.0],[103.635983,-1.843524,0.0],[103.635751,-1.843383,0.0],[103.63557,-1.843235,0.0],[103.63544,-1.843166,0.0],[103.635265,-1.843128,0.0],[103.635071,-1.84311,0.0],[103.634875,-1.84311,0.0],[103.634689,-1.843079,0.0],[103.634512,-1.843038,0.0],[103.634333,-1.843027,0.0],[103.634169,-1.843025,0.0],[103.633901,-1.843032,0.0],[103.633596,-1.842972,0.0],[103.633326,-1.842925,0.0],[103.632767,-1.842898,0.0],[103.632578,-1.842909,0.0],[103.632368,-1.842913,0.0],[103.632149,-1.842891,0.0],[103.631986,-1.842841,0.0],[103.631843,-1.842777,0.0],[103.631651,-1.842669,0.0],[103.631445,-1.842485,0.0],[103.631266,-1.842064,0.0],[103.6311,-1.841789,0.0],[103.63085,-1.841502,0.0],[103.630612,-1.84131,0.0],[103.630333,-1.841194,0.0],[103.6255,-1.843469,0.0],[103.621139,-1.845506,0.0],[103.617203,-1.847367,0.0],[103.613056,-1.849247,0.0],[103.609472,-1.850922,0.0],[103.605861,-1.8526,0.0],[103.601769,-1.854469,0.0],[103.597722,-1.856347,0.0],[103.594,-1.858075,0.0],[103.590361,-1.859742,0.0],[103.586222,-1.861656,0.0],[103.584586,-1.863075,0.0],[103.581278,-1.866089,0.0],[103.580583,-1.870583,0.0],[103.578389,-1.870503,0.0],[103.572194,-1.874419,0.0],[103.568039,-1.876989,0.0],[103.561556,-1.881097,0.0],[103.553417,-1.886206,0.0],[103.542778,-1.893225,0.0],[103.535439,-1.897892,0.0],[103.528028,-1.902522,0.0],[103.521444,-1.906658,0.0],[103.517742,-1.915028,0.0],[103.514333,-1.923883,0.0],[103.511056,-1.932361,0.0],[103.507694,-1.941058,0.0],[103.503611,-1.951036,0.0],[103.500289,-1.959861,0.0],[103.502489,-1.966824,0.0],[103.499997,-1.982181,0.0],[103.508848,-1.981815,0.0],[103.523972,-1.981192,0.0],[103.542744,-1.986042,0.0],[103.550706,-1.997206,0.0],[103.556322,-2.006267,0.0],[103.556642,-2.017669,0.0],[103.563924,-2.016753,0.0],[103.563595,-2.027053,0.0],[103.563112,-2.042172,0.0],[103.553567,-2.042236,0.0],[103.550819,-2.050383,0.0],[103.538295,-2.056634,0.0],[103.530148,-2.066389,0.0],[103.524639,-2.072986,0.0],[103.532222,-2.072708,0.0],[103.53225,-2.0915,0.0],[103.516869,-2.092233,0.0],[103.517438,-2.106633,0.0],[103.517294,-2.114249,0.0],[103.529833,-2.118861,0.0],[103.535722,-2.122111,0.0],[103.5392,-2.129758,0.0],[103.546,-2.136272,0.0],[103.557547,-2.137436,0.0],[103.559325,-2.137122,0.0],[103.555114,-2.141808,0.0],[103.546169,-2.146072,0.0],[103.544108,-2.143889,0.0],[103.538509,-2.150323,0.0],[103.530775,-2.159208,0.0],[103.526647,-2.162503,0.0],[103.516306,-2.168637,0.0],[103.507008,-2.173675,0.0],[103.494069,-2.172722,0.0],[103.493267,-2.176458,0.0],[103.486925,-2.176619,0.0],[103.482667,-2.174033,0.0],[103.467864,-2.176445,0.0],[103.460194,-2.177694,0.0],[103.457444,-2.182892,0.0],[103.455139,-2.185972,0.0],[103.453778,-2.193733,0.0],[103.456194,-2.203472,0.0],[103.455361,-2.20425,0.0],[103.452639,-2.216847,0.0],[103.452083,-2.221944,0.0],[103.455694,-2.227917,0.0],[103.456917,-2.229028,0.0],[103.458472,-2.243333,0.0],[103.458333,-2.251806,0.0],[103.459306,-2.25375,0.0],[103.462361,-2.255556,0.0],[103.462778,-2.2575,0.0],[103.462361,-2.258333,0.0],[103.462778,-2.262222,0.0],[103.462944,-2.263806,0.0],[103.463139,-2.265528,0.0],[103.46275,-2.266472,0.0],[103.461556,-2.26875,0.0],[103.459111,-2.272944,0.0],[103.460028,-2.276194,0.0],[103.455639,-2.277556,0.0],[103.458028,-2.281417,0.0],[103.458028,-2.283028,0.0],[103.460972,-2.287111,0.0],[103.462056,-2.290083,0.0],[103.461222,-2.293,0.0],[103.461639,-2.2965,0.0],[103.459306,-2.301083,0.0],[103.457472,-2.304556,0.0],[103.454306,-2.303111,0.0],[103.452556,-2.307111,0.0],[103.454028,-2.309889,0.0],[103.453583,-2.312417,0.0],[103.450222,-2.314778,0.0],[103.447611,-2.316167,0.0],[103.448306,-2.319694,0.0],[103.44925,-2.32275,0.0],[103.454056,-2.324194,0.0],[103.455361,-2.325278,0.0],[103.454694,-2.335144,0.0],[103.461944,-2.339675,0.0],[103.456972,-2.352356,0.0],[103.453806,-2.359603,0.0],[103.438389,-2.342392,0.0],[103.43025,-2.344203,0.0],[103.413944,-2.337861,0.0],[103.405778,-2.335144,0.0],[103.403972,-2.322011,0.0],[103.392583,-2.308361,0.0],[103.386694,-2.302444,0.0],[103.382972,-2.29475,0.0],[103.377389,-2.288,0.0],[103.3595,-2.284972,0.0],[103.349306,-2.265444,0.0],[103.338361,-2.271306,0.0],[103.332222,-2.260389,0.0],[103.332667,-2.249,0.0],[103.328278,-2.243389,0.0],[103.322422,-2.235675,0.0],[103.313431,-2.237019,0.0],[103.306694,-2.231586,0.0],[103.301089,-2.221814,0.0],[103.30155,-2.211458,0.0],[103.303361,-2.199253,0.0],[103.294275,-2.188844,0.0],[103.290572,-2.180022,0.0],[103.285947,-2.162833,0.0],[103.277583,-2.147886,0.0],[103.267914,-2.146436,0.0],[103.264911,-2.137428,0.0],[103.25895,-2.133061,0.0],[103.250369,-2.136244,0.0],[103.230469,-2.135758,0.0],[103.225017,-2.148069,0.0],[103.225206,-2.157114,0.0],[103.225825,-2.165433,0.0]]],[[[104.49336,-1.672236,0.0],[104.493493,-1.672364,0.0],[104.49357,-1.672471,0.0],[104.493624,-1.67256,0.0],[104.493707,-1.672721,0.0],[104.493903,-1.673072,0.0],[104.494082,-1.673322,0.0],[104.49423,-1.673447,0.0],[104.494343,-1.67356,0.0],[104.494456,-1.673685,0.0],[104.494563,-1.673792,0.0],[104.494653,-1.673851,0.0],[104.494772,-1.673881,0.0],[104.494879,-1.673988,0.0],[104.495057,-1.674184,0.0],[104.49523,-1.674422,0.0],[104.495355,-1.674601,0.0],[104.495498,-1.674765,0.0],[104.495771,-1.675005,0.0],[104.49586,-1.675071,0.0],[104.496039,-1.675285,0.0],[104.49614,-1.675392,0.0],[104.496318,-1.67557,0.0],[104.496431,-1.675695,0.0],[104.49655,-1.675856,0.0],[104.496622,-1.675939,0.0],[104.496806,-1.676165,0.0],[104.496901,-1.67626,0.0],[104.49702,-1.67635,0.0],[104.497181,-1.676427,0.0],[104.497288,-1.67651,0.0],[104.497419,-1.676659,0.0],[104.49752,-1.676819,0.0],[104.49777,-1.677206,0.0],[104.497865,-1.677289,0.0],[104.497936,-1.677379,0.0],[104.498037,-1.677486,0.0],[104.498293,-1.677807,0.0],[104.498442,-1.678009,0.0],[104.498704,-1.678295,0.0],[104.499013,-1.678652,0.0],[104.49918,-1.678848,0.0],[104.499406,-1.679134,0.0],[104.499519,-1.679252,0.0],[104.499692,-1.679476,0.0],[104.499795,-1.6796,0.0],[104.499852,-1.679657,0.0],[104.500054,-1.679829,0.0],[104.500209,-1.68002,0.0],[104.500322,-1.680192,0.0],[104.50047,-1.680377,0.0],[104.500554,-1.68049,0.0],[104.500661,-1.680579,0.0],[104.500774,-1.680656,0.0],[104.500829,-1.680734,0.0],[104.500728,-1.680874,0.0],[104.500558,-1.681128,0.0],[104.500392,-1.681325,0.0],[104.5,-1.681652,0.0],[104.499925,-1.681697,0.0],[104.499787,-1.68175,0.0],[104.499719,-1.681748,0.0],[104.499604,-1.681717,0.0],[104.499492,-1.681651,0.0],[104.499423,-1.6816,0.0],[104.499299,-1.681518,0.0],[104.49924,-1.681485,0.0],[104.499139,-1.681451,0.0],[104.498996,-1.681448,0.0],[104.498931,-1.681477,0.0],[104.498892,-1.681518,0.0],[104.498838,-1.681635,0.0],[104.498826,-1.681683,0.0],[104.498707,-1.682051,0.0],[104.498677,-1.682209,0.0],[104.498569,-1.682673,0.0],[104.49855,-1.682775,0.0],[104.498519,-1.682888,0.0],[104.498478,-1.682995,0.0],[104.498398,-1.683145,0.0],[104.498355,-1.68321,0.0],[104.498293,-1.683288,0.0],[104.498225,-1.683351,0.0],[104.497943,-1.683545,0.0],[104.497749,-1.683602,0.0],[104.497594,-1.683643,0.0],[104.49745,-1.683655,0.0],[104.497258,-1.683648,0.0],[104.496707,-1.683564,0.0],[104.496598,-1.683541,0.0],[104.496238,-1.683374,0.0],[104.49593,-1.683237,0.0],[104.495757,-1.683169,0.0],[104.495523,-1.683088,0.0],[104.495229,-1.683,0.0],[104.494901,-1.682866,0.0],[104.49442,-1.682679,0.0],[104.494006,-1.682477,0.0],[104.493622,-1.682223,0.0],[104.493162,-1.681796,0.0],[104.492843,-1.681401,0.0],[104.492677,-1.681203,0.0],[104.492585,-1.681036,0.0],[104.492474,-1.680727,0.0],[104.492415,-1.680456,0.0],[104.492279,-1.679779,0.0],[104.492085,-1.678831,0.0],[104.492033,-1.678464,0.0],[104.491946,-1.677483,0.0],[104.49191,-1.676582,0.0],[104.491889,-1.675439,0.0],[104.491868,-1.674703,0.0],[104.491881,-1.674248,0.0],[104.49189,-1.673713,0.0],[104.491905,-1.673507,0.0],[104.491985,-1.673048,0.0],[104.492135,-1.67259,0.0],[104.492319,-1.672041,0.0],[104.492399,-1.671873,0.0],[104.492532,-1.671956,0.0],[104.492561,-1.671939,0.0],[104.492583,-1.671901,0.0],[104.492591,-1.671857,0.0],[104.492621,-1.671821,0.0],[104.492669,-1.671827,0.0],[104.492744,-1.671877,0.0],[104.4928,-1.671947,0.0],[104.492846,-1.671967,0.0],[104.492943,-1.671973,0.0],[104.493135,-1.672055,0.0],[104.493236,-1.672124,0.0],[104.49336,-1.672236,0.0]]],[[[104.209566,-1.061773,0.0],[104.209451,-1.06173,0.0],[104.209309,-1.061716,0.0],[104.209123,-1.061802,0.0],[104.209009,-1.061902,0.0],[104.208809,-1.062087,0.0],[104.208566,-1.06223,0.0],[104.208381,-1.062344,0.0],[104.208252,-1.062216,0.0],[104.208167,-1.062059,0.0],[104.207995,-1.061816,0.0],[104.20781,-1.061473,0.0],[104.207681,-1.061302,0.0],[104.207695,-1.061145,0.0],[104.207781,-1.061074,0.0],[104.207795,-1.060817,0.0],[104.207881,-1.060674,0.0],[104.208038,-1.060645,0.0],[104.208267,-1.060774,0.0],[104.208595,-1.061002,0.0],[104.209037,-1.061245,0.0],[104.209137,-1.061245,0.0],[104.209352,-1.061274,0.0],[104.209594,-1.061274,0.0],[104.209766,-1.061202,0.0],[104.20998,-1.061088,0.0],[104.210465,-1.060802,0.0],[104.210665,-1.060703,0.0],[104.210865,-1.060574,0.0],[104.211136,-1.060474,0.0],[104.211307,-1.06036,0.0],[104.211522,-1.060274,0.0],[104.211764,-1.060146,0.0],[104.212107,-1.060046,0.0],[104.212421,-1.05996,0.0],[104.212607,-1.059889,0.0],[104.212821,-1.059889,0.0],[104.212864,-1.05996,0.0],[104.212835,-1.06006,0.0],[104.212678,-1.060174,0.0],[104.21245,-1.060374,0.0],[104.212264,-1.06046,0.0],[104.212021,-1.060531,0.0],[104.211736,-1.060731,0.0],[104.21155,-1.060845,0.0],[104.211322,-1.060945,0.0],[104.211022,-1.061088,0.0],[104.210694,-1.061231,0.0],[104.210494,-1.061374,0.0],[104.21028,-1.061488,0.0],[104.209994,-1.061588,0.0],[104.209808,-1.061702,0.0],[104.209566,-1.061773,0.0]]],[[[104.217837,-1.062657,0.0],[104.217599,-1.062752,0.0],[104.217218,-1.062752,0.0],[104.216932,-1.062895,0.0],[104.216314,-1.062895,0.0],[104.215957,-1.062943,0.0],[104.215576,-1.062895,0.0],[104.215219,-1.062871,0.0],[104.214958,-1.062895,0.0],[104.214791,-1.062967,0.0],[104.214458,-1.062943,0.0],[104.214125,-1.062871,0.0],[104.214053,-1.062633,0.0],[104.214125,-1.062396,0.0],[104.214363,-1.062253,0.0],[104.214577,-1.062086,0.0],[104.21468,-1.062002,0.0],[104.214741,-1.061962,0.0],[104.214781,-1.061917,0.0],[104.21484,-1.061823,0.0],[104.214922,-1.061787,0.0],[104.214977,-1.061774,0.0],[104.215005,-1.061783,0.0],[104.215457,-1.061444,0.0],[104.21579,-1.061182,0.0],[104.215933,-1.061087,0.0],[104.2161,-1.060873,0.0],[104.216409,-1.060587,0.0],[104.216861,-1.060373,0.0],[104.217313,-1.060135,0.0],[104.217765,-1.059968,0.0],[104.21817,-1.059802,0.0],[104.218812,-1.059588,0.0],[104.21905,-1.059469,0.0],[104.219241,-1.059421,0.0],[104.219669,-1.05935,0.0],[104.220454,-1.059112,0.0],[104.22112,-1.058945,0.0],[104.221477,-1.058945,0.0],[104.221929,-1.058803,0.0],[104.222144,-1.058803,0.0],[104.22231,-1.05885,0.0],[104.222262,-1.058993,0.0],[104.222048,-1.059255,0.0],[104.221882,-1.059445,0.0],[104.221715,-1.059588,0.0],[104.221549,-1.059897,0.0],[104.221192,-1.060254,0.0],[104.221049,-1.060421,0.0],[104.22074,-1.060801,0.0],[104.220383,-1.061134,0.0],[104.220002,-1.061396,0.0],[104.219645,-1.061634,0.0],[104.219217,-1.061848,0.0],[104.218931,-1.06211,0.0],[104.218574,-1.062348,0.0],[104.218217,-1.062467,0.0],[104.217956,-1.062586,0.0],[104.217837,-1.062657,0.0]]],[[[104.24232,-1.053184,0.0],[104.242192,-1.053198,0.0],[104.242063,-1.053098,0.0],[104.24202,-1.053012,0.0],[104.242063,-1.05287,0.0],[104.24212,-1.052786,0.0],[104.242156,-1.052722,0.0],[104.24242,-1.05257,0.0],[104.242534,-1.052527,0.0],[104.242963,-1.052313,0.0],[104.243248,-1.052141,0.0],[104.243605,-1.051984,0.0],[104.24399,-1.05177,0.0],[104.24419,-1.051599,0.0],[104.244419,-1.051485,0.0],[104.244547,-1.051385,0.0],[104.244647,-1.051328,0.0],[104.244847,-1.051242,0.0],[104.245118,-1.051042,0.0],[104.245418,-1.050871,0.0],[104.245661,-1.050742,0.0],[104.245846,-1.050628,0.0],[104.245975,-1.050528,0.0],[104.246103,-1.050414,0.0],[104.246161,-1.050357,0.0],[104.246318,-1.050271,0.0],[104.246432,-1.050257,0.0],[104.246546,-1.050157,0.0],[104.246689,-1.050114,0.0],[104.24686,-1.050086,0.0],[104.246989,-1.049986,0.0],[104.247117,-1.049843,0.0],[104.247274,-1.049714,0.0],[104.247403,-1.049643,0.0],[104.247617,-1.049643,0.0],[104.247688,-1.049729,0.0],[104.247617,-1.049857,0.0],[104.247545,-1.050028,0.0],[104.24746,-1.050171,0.0],[104.247417,-1.050343,0.0],[104.247231,-1.050542,0.0],[104.247103,-1.050657,0.0],[104.24676,-1.050971,0.0],[104.246589,-1.051213,0.0],[104.246446,-1.051342,0.0],[104.246232,-1.051485,0.0],[104.245875,-1.051599,0.0],[104.245789,-1.051727,0.0],[104.245575,-1.051899,0.0],[104.245504,-1.051984,0.0],[104.245347,-1.052141,0.0],[104.245061,-1.05227,0.0],[104.244819,-1.052441,0.0],[104.244633,-1.052541,0.0],[104.244462,-1.052641,0.0],[104.244076,-1.052855,0.0],[104.243733,-1.052969,0.0],[104.243419,-1.053098,0.0],[104.243305,-1.053155,0.0],[104.243162,-1.053141,0.0],[104.242948,-1.053198,0.0],[104.242706,-1.053241,0.0],[104.242534,-1.053226,0.0],[104.24232,-1.053184,0.0]]],[[[104.187494,-1.039877,0.0],[104.188112,-1.040312,0.0],[104.188517,-1.040716,0.0],[104.188921,-1.04093,0.0],[104.189136,-1.041097,0.0],[104.189255,-1.04124,0.0],[104.189493,-1.041501,0.0],[104.189826,-1.041739,0.0],[104.190183,-1.042096,0.0],[104.19092,-1.042477,0.0],[104.191396,-1.042905,0.0],[104.191753,-1.043143,0.0],[104.192372,-1.043572,0.0],[104.192776,-1.043857,0.0],[104.193157,-1.044095,0.0],[104.193395,-1.044285,0.0],[104.193799,-1.044547,0.0],[104.194061,-1.044761,0.0],[104.194513,-1.045118,0.0],[104.194918,-1.045428,0.0],[104.195536,-1.04588,0.0],[104.195893,-1.046403,0.0],[104.196226,-1.046712,0.0],[104.196417,-1.046998,0.0],[104.196607,-1.04726,0.0],[104.196845,-1.04764,0.0],[104.197035,-1.048069,0.0],[104.197131,-1.048378,0.0],[104.197202,-1.048711,0.0],[104.197297,-1.04914,0.0],[104.197321,-1.049496,0.0],[104.197297,-1.049639,0.0],[104.197273,-1.049901,0.0],[104.197464,-1.050543,0.0],[104.197511,-1.050924,0.0],[104.197607,-1.051257,0.0],[104.197797,-1.051828,0.0],[104.197868,-1.052161,0.0],[104.197987,-1.052518,0.0],[104.198106,-1.052851,0.0],[104.198178,-1.053137,0.0],[104.198344,-1.05347,0.0],[104.198439,-1.053803,0.0],[104.198439,-1.054017,0.0],[104.198201,-1.054089,0.0],[104.197725,-1.054041,0.0],[104.197154,-1.053827,0.0],[104.19694,-1.053684,0.0],[104.19675,-1.053637,0.0],[104.196393,-1.053423,0.0],[104.195965,-1.053256,0.0],[104.195751,-1.052994,0.0],[104.195465,-1.052875,0.0],[104.195084,-1.052614,0.0],[104.194418,-1.05228,0.0],[104.194204,-1.052019,0.0],[104.193895,-1.051852,0.0],[104.193752,-1.051686,0.0],[104.19349,-1.051495,0.0],[104.193276,-1.051376,0.0],[104.193062,-1.051186,0.0],[104.192919,-1.051043,0.0],[104.192681,-1.050877,0.0],[104.192205,-1.05052,0.0],[104.191943,-1.05021,0.0],[104.191515,-1.04983,0.0],[104.191206,-1.049449,0.0],[104.190825,-1.048973,0.0],[104.190587,-1.04864,0.0],[104.190278,-1.048283,0.0],[104.189945,-1.047736,0.0],[104.189255,-1.04695,0.0],[104.189088,-1.046475,0.0],[104.188921,-1.046046,0.0],[104.188565,-1.045523,0.0],[104.188422,-1.045309,0.0],[104.187803,-1.045309,0.0],[104.187351,-1.045166,0.0],[104.187042,-1.044714,0.0],[104.186685,-1.044285,0.0],[104.186494,-1.043738,0.0],[104.18628,-1.043096,0.0],[104.186209,-1.042786,0.0],[104.186161,-1.042096,0.0],[104.186066,-1.041573,0.0],[104.185852,-1.040502,0.0],[104.185852,-1.039764,0.0],[104.185971,-1.039479,0.0],[104.186185,-1.039289,0.0],[104.186375,-1.03936,0.0],[104.186566,-1.039479,0.0],[104.186661,-1.039693,0.0],[104.18678,-1.03986,0.0],[104.186899,-1.04005,0.0],[104.187042,-1.040098,0.0],[104.187094,-1.040075,0.0],[104.187263,-1.039951,0.0],[104.187385,-1.039888,0.0],[104.187494,-1.039877,0.0]]],[[[104.239485,-1.030574,0.0],[104.240175,-1.030574,0.0],[104.240437,-1.030502,0.0],[104.241151,-1.030502,0.0],[104.241769,-1.030526,0.0],[104.242007,-1.030574,0.0],[104.242578,-1.030574,0.0],[104.243078,-1.030502,0.0],[104.243173,-1.030455,0.0],[104.243601,-1.030407,0.0],[104.244173,-1.03055,0.0],[104.244744,-1.030645,0.0],[104.245148,-1.030621,0.0],[104.245814,-1.030621,0.0],[104.246409,-1.030717,0.0],[104.247004,-1.030788,0.0],[104.247337,-1.030836,0.0],[104.247766,-1.030955,0.0],[104.248218,-1.031073,0.0],[104.248575,-1.031145,0.0],[104.249074,-1.031288,0.0],[104.249717,-1.031454,0.0],[104.25005,-1.031407,0.0],[104.250216,-1.03143,0.0],[104.250431,-1.031621,0.0],[104.25074,-1.031954,0.0],[104.251216,-1.032097,0.0],[104.251739,-1.032287,0.0],[104.252239,-1.032549,0.0],[104.252881,-1.03281,0.0],[104.253595,-1.032977,0.0],[104.254071,-1.033263,0.0],[104.254737,-1.033881,0.0],[104.254975,-1.034095,0.0],[104.255261,-1.034928,0.0],[104.255118,-1.035285,0.0],[104.254975,-1.035666,0.0],[104.254714,-1.036047,0.0],[104.254047,-1.036618,0.0],[104.253667,-1.036808,0.0],[104.253405,-1.036975,0.0],[104.253024,-1.037331,0.0],[104.252548,-1.037784,0.0],[104.252049,-1.038093,0.0],[104.251692,-1.038402,0.0],[104.25143,-1.038735,0.0],[104.251097,-1.038949,0.0],[104.250883,-1.039092,0.0],[104.250454,-1.039425,0.0],[104.249931,-1.039687,0.0],[104.249431,-1.039973,0.0],[104.248908,-1.040282,0.0],[104.248289,-1.04052,0.0],[104.247813,-1.040758,0.0],[104.24748,-1.040996,0.0],[104.246861,-1.041377,0.0],[104.246314,-1.041733,0.0],[104.245743,-1.041995,0.0],[104.245124,-1.042281,0.0],[104.244315,-1.042852,0.0],[104.243982,-1.043185,0.0],[104.243649,-1.043447,0.0],[104.243364,-1.043708,0.0],[104.243054,-1.044018,0.0],[104.242816,-1.044232,0.0],[104.242555,-1.044541,0.0],[104.242102,-1.044851,0.0],[104.241603,-1.045303,0.0],[104.241198,-1.045683,0.0],[104.240913,-1.045969,0.0],[104.240627,-1.046231,0.0],[104.240318,-1.046492,0.0],[104.239747,-1.046992,0.0],[104.239366,-1.047397,0.0],[104.2387,-1.047849,0.0],[104.238367,-1.048325,0.0],[104.237867,-1.048729,0.0],[104.237391,-1.049134,0.0],[104.236939,-1.049372,0.0],[104.236653,-1.049562,0.0],[104.236487,-1.0498,0.0],[104.236297,-1.049895,0.0],[104.236035,-1.050062,0.0],[104.235511,-1.050418,0.0],[104.235035,-1.050633,0.0],[104.234583,-1.051061,0.0],[104.234203,-1.051228,0.0],[104.233917,-1.051489,0.0],[104.233441,-1.051775,0.0],[104.23306,-1.051965,0.0],[104.232228,-1.052465,0.0],[104.231871,-1.052703,0.0],[104.231609,-1.052822,0.0],[104.231181,-1.052988,0.0],[104.230324,-1.053417,0.0],[104.229848,-1.053607,0.0],[104.22923,-1.053797,0.0],[104.228611,-1.054011,0.0],[104.227992,-1.054297,0.0],[104.227564,-1.054464,0.0],[104.227207,-1.054583,0.0],[104.226684,-1.054844,0.0],[104.22635,-1.054963,0.0],[104.226041,-1.055154,0.0],[104.22566,-1.055439,0.0],[104.225351,-1.055582,0.0],[104.225065,-1.055772,0.0],[104.224494,-1.056058,0.0],[104.224304,-1.056296,0.0],[104.223876,-1.056605,0.0],[104.223424,-1.056938,0.0],[104.223019,-1.057081,0.0],[104.222353,-1.057295,0.0],[104.222115,-1.057414,0.0],[104.221496,-1.057509,0.0],[104.221044,-1.057628,0.0],[104.220687,-1.0577,0.0],[104.220045,-1.057747,0.0],[104.219379,-1.05789,0.0],[104.218617,-1.058057,0.0],[104.217998,-1.058247,0.0],[104.217189,-1.058413,0.0],[104.216547,-1.058604,0.0],[104.215786,-1.058747,0.0],[104.215096,-1.058913,0.0],[104.214501,-1.059104,0.0],[104.214096,-1.059223,0.0],[104.213692,-1.059389,0.0],[104.213501,-1.059437,0.0],[104.213002,-1.059508,0.0],[104.212526,-1.059627,0.0],[104.211812,-1.059865,0.0],[104.211288,-1.060008,0.0],[104.21067,-1.060365,0.0],[104.210313,-1.060579,0.0],[104.209908,-1.060793,0.0],[104.209694,-1.060936,0.0],[104.209337,-1.061007,0.0],[104.208814,-1.060912,0.0],[104.208457,-1.060722,0.0],[104.208076,-1.060484,0.0],[104.207838,-1.060412,0.0],[104.2076,-1.060388,0.0],[104.207529,-1.06015,0.0],[104.207457,-1.059984,0.0],[104.207267,-1.059579,0.0],[104.207124,-1.059056,0.0],[104.207005,-1.058675,0.0],[104.206863,-1.058366,0.0],[104.206767,-1.057961,0.0],[104.206672,-1.057533,0.0],[104.206577,-1.057081,0.0],[104.206529,-1.056772,0.0],[104.206529,-1.056462,0.0],[104.206411,-1.055677,0.0],[104.206411,-1.054107,0.0],[104.206387,-1.053631,0.0],[104.206482,-1.05325,0.0],[104.206767,-1.052846,0.0],[104.206863,-1.052393,0.0],[104.207077,-1.052013,0.0],[104.207267,-1.051561,0.0],[104.207457,-1.051061,0.0],[104.208076,-1.050585,0.0],[104.208267,-1.050323,0.0],[104.208528,-1.050062,0.0],[104.208814,-1.049895,0.0],[104.209099,-1.049681,0.0],[104.20929,-1.049467,0.0],[104.209528,-1.049324,0.0],[104.209813,-1.04911,0.0],[104.21017,-1.0488,0.0],[104.210765,-1.048467,0.0],[104.210955,-1.048229,0.0],[104.211241,-1.048015,0.0],[104.21155,-1.047849,0.0],[104.211883,-1.047563,0.0],[104.212193,-1.047301,0.0],[104.212502,-1.047111,0.0],[104.212645,-1.046944,0.0],[104.212859,-1.046683,0.0],[104.213002,-1.046397,0.0],[104.213216,-1.04604,0.0],[104.213335,-1.045707,0.0],[104.213263,-1.044993,0.0],[104.213216,-1.044755,0.0],[104.213121,-1.044613,0.0],[104.213025,-1.044375,0.0],[104.212883,-1.044113,0.0],[104.212621,-1.04378,0.0],[104.212359,-1.043518,0.0],[104.211955,-1.043256,0.0],[104.21155,-1.043066,0.0],[104.211146,-1.042899,0.0],[104.210908,-1.042804,0.0],[104.210122,-1.042638,0.0],[104.209694,-1.042614,0.0],[104.209218,-1.042495,0.0],[104.208742,-1.042495,0.0],[104.208243,-1.042447,0.0],[104.207862,-1.0424,0.0],[104.207529,-1.0424,0.0],[104.207172,-1.042233,0.0],[104.206625,-1.041876,0.0],[104.206268,-1.041519,0.0],[104.206101,-1.041234,0.0],[104.206101,-1.040829,0.0],[104.206077,-1.040115,0.0],[104.206125,-1.039759,0.0],[104.206173,-1.039092,0.0],[104.206363,-1.038831,0.0],[104.206696,-1.038402,0.0],[104.20675,-1.038378,0.0],[104.207196,-1.037998,0.0],[104.207434,-1.037831,0.0],[104.207767,-1.037593,0.0],[104.208314,-1.037117,0.0],[104.209004,-1.036499,0.0],[104.209099,-1.036403,0.0],[104.209432,-1.036166,0.0],[104.20967,-1.035999,0.0],[104.210099,-1.035713,0.0],[104.210313,-1.035499,0.0],[104.210575,-1.035166,0.0],[104.210813,-1.034928,0.0],[104.21105,-1.034762,0.0],[104.211384,-1.034619,0.0],[104.211669,-1.034357,0.0],[104.212002,-1.034167,0.0],[104.212216,-1.033976,0.0],[104.212597,-1.033762,0.0],[104.212906,-1.033524,0.0],[104.213049,-1.033382,0.0],[104.213501,-1.033167,0.0],[104.213834,-1.032977,0.0],[104.214429,-1.032692,0.0],[104.214667,-1.032549,0.0],[104.21531,-1.032358,0.0],[104.216143,-1.032192,0.0],[104.216499,-1.032073,0.0],[104.217118,-1.03193,0.0],[104.217499,-1.031859,0.0],[104.218617,-1.031859,0.0],[104.219164,-1.031882,0.0],[104.219545,-1.03193,0.0],[104.219783,-1.031954,0.0],[104.219997,-1.031954,0.0],[104.220283,-1.03193,0.0],[104.220949,-1.031906,0.0],[104.22171,-1.031906,0.0],[104.222115,-1.031882,0.0],[104.222757,-1.031882,0.0],[104.223662,-1.031954,0.0],[104.224019,-1.031906,0.0],[104.224637,-1.031859,0.0],[104.225184,-1.031859,0.0],[104.225684,-1.031716,0.0],[104.226374,-1.031526,0.0],[104.226874,-1.03143,0.0],[104.227493,-1.03143,0.0],[104.228563,-1.031216,0.0],[104.229586,-1.031002,0.0],[104.230419,-1.03074,0.0],[104.231252,-1.030598,0.0],[104.231799,-1.030598,0.0],[104.23237,-1.030526,0.0],[104.232799,-1.030407,0.0],[104.233251,-1.030407,0.0],[104.233988,-1.030241,0.0],[104.234464,-1.030169,0.0],[104.235202,-1.030193,0.0],[104.235678,-1.030122,0.0],[104.236082,-1.030027,0.0],[104.236534,-1.030193,0.0],[104.236868,-1.03036,0.0],[104.237296,-1.030502,0.0],[104.237915,-1.030526,0.0],[104.238795,-1.030717,0.0],[104.239485,-1.030574,0.0]]],[[[104.242758,-1.049248,0.0],[104.242339,-1.049248,0.0],[104.242054,-1.049172,0.0],[104.241844,-1.049134,0.0],[104.24173,-1.04902,0.0],[104.241787,-1.04881,0.0],[104.241806,-1.048791,0.0],[104.241958,-1.048696,0.0],[104.242092,-1.04862,0.0],[104.242206,-1.048487,0.0],[104.242358,-1.048315,0.0],[104.242491,-1.048144,0.0],[104.242663,-1.047954,0.0],[104.24272,-1.04782,0.0],[104.242853,-1.047611,0.0],[104.243024,-1.047363,0.0],[104.243158,-1.047078,0.0],[104.243424,-1.046773,0.0],[104.243748,-1.046336,0.0],[104.244052,-1.046126,0.0],[104.244262,-1.045879,0.0],[104.244395,-1.045688,0.0],[104.244452,-1.045555,0.0],[104.244585,-1.045384,0.0],[104.244738,-1.045136,0.0],[104.244947,-1.044946,0.0],[104.24508,-1.044718,0.0],[104.24529,-1.044489,0.0],[104.245575,-1.044337,0.0],[104.245804,-1.044185,0.0],[104.246413,-1.043709,0.0],[104.24666,-1.043537,0.0],[104.246946,-1.043366,0.0],[104.247307,-1.043119,0.0],[104.247821,-1.042757,0.0],[104.248202,-1.042566,0.0],[104.24864,-1.042338,0.0],[104.24904,-1.042072,0.0],[104.24942,-1.041862,0.0],[104.249763,-1.04171,0.0],[104.249953,-1.041577,0.0],[104.25022,-1.041462,0.0],[104.25081,-1.04131,0.0],[104.251019,-1.041215,0.0],[104.251324,-1.041139,0.0],[104.251514,-1.041025,0.0],[104.251895,-1.041006,0.0],[104.2522,-1.040891,0.0],[104.252523,-1.040796,0.0],[104.252599,-1.040872,0.0],[104.252656,-1.041101,0.0],[104.252714,-1.041215,0.0],[104.252771,-1.041367,0.0],[104.252733,-1.041539,0.0],[104.252599,-1.041824,0.0],[104.252447,-1.042053,0.0],[104.252238,-1.042395,0.0],[104.252085,-1.042528,0.0],[104.251781,-1.043004,0.0],[104.251495,-1.043385,0.0],[104.251324,-1.043671,0.0],[104.250696,-1.044318,0.0],[104.250258,-1.044698,0.0],[104.249439,-1.045517,0.0],[104.249078,-1.045803,0.0],[104.248773,-1.046012,0.0],[104.248659,-1.046145,0.0],[104.248373,-1.046355,0.0],[104.247917,-1.046716,0.0],[104.247441,-1.047078,0.0],[104.247117,-1.047421,0.0],[104.24687,-1.047592,0.0],[104.24666,-1.047839,0.0],[104.246318,-1.048106,0.0],[104.245899,-1.048353,0.0],[104.245689,-1.048487,0.0],[104.245556,-1.048563,0.0],[104.245233,-1.048734,0.0],[104.244776,-1.049039,0.0],[104.24449,-1.049134,0.0],[104.244281,-1.049172,0.0],[104.243976,-1.049248,0.0],[104.243615,-1.049324,0.0],[104.243348,-1.049229,0.0],[104.242948,-1.04921,0.0],[104.242758,-1.049248,0.0]]],[[[104.207065,-1.032222,0.0],[104.207279,-1.032555,0.0],[104.207398,-1.03315,0.0],[104.207446,-1.033411,0.0],[104.207398,-1.033768,0.0],[104.207255,-1.034197,0.0],[104.207112,-1.03472,0.0],[104.20697,-1.035196,0.0],[104.206851,-1.035481,0.0],[104.206684,-1.035838,0.0],[104.206422,-1.036148,0.0],[104.206113,-1.036624,0.0],[104.205875,-1.037028,0.0],[104.205566,-1.037528,0.0],[104.205399,-1.037956,0.0],[104.205233,-1.038337,0.0],[104.204971,-1.038646,0.0],[104.204804,-1.039027,0.0],[104.204662,-1.039289,0.0],[104.204614,-1.039622,0.0],[104.204614,-1.040002,0.0],[104.204519,-1.040669,0.0],[104.204543,-1.040954,0.0],[104.204638,-1.041335,0.0],[104.204685,-1.041597,0.0],[104.204852,-1.042025,0.0],[104.205019,-1.042548,0.0],[104.20528,-1.042905,0.0],[104.205828,-1.043286,0.0],[104.206422,-1.043619,0.0],[104.20697,-1.043833,0.0],[104.207493,-1.043952,0.0],[104.208183,-1.043952,0.0],[104.208564,-1.044047,0.0],[104.209159,-1.044047,0.0],[104.209658,-1.044143,0.0],[104.209968,-1.044071,0.0],[104.210325,-1.044119,0.0],[104.210777,-1.044119,0.0],[104.211181,-1.044238,0.0],[104.211372,-1.044357,0.0],[104.21161,-1.044666,0.0],[104.211752,-1.045047,0.0],[104.211752,-1.045523,0.0],[104.211729,-1.045784,0.0],[104.21161,-1.045975,0.0],[104.211395,-1.046379,0.0],[104.211039,-1.046522,0.0],[104.210824,-1.046594,0.0],[104.210468,-1.046808,0.0],[104.210111,-1.047093,0.0],[104.209825,-1.047284,0.0],[104.209087,-1.047569,0.0],[104.208707,-1.047759,0.0],[104.208564,-1.047855,0.0],[104.208207,-1.048069,0.0],[104.207969,-1.04814,0.0],[104.207803,-1.048307,0.0],[104.207493,-1.048521,0.0],[104.207231,-1.048759,0.0],[104.207089,-1.048949,0.0],[104.206827,-1.04914,0.0],[104.206613,-1.049473,0.0],[104.20647,-1.049711,0.0],[104.206208,-1.050068,0.0],[104.206018,-1.050305,0.0],[104.20578,-1.0509,0.0],[104.205613,-1.051233,0.0],[104.205494,-1.051519,0.0],[104.205352,-1.051852,0.0],[104.205138,-1.052542,0.0],[104.204923,-1.052994,0.0],[104.204852,-1.053304,0.0],[104.204733,-1.053613,0.0],[104.204638,-1.053994,0.0],[104.204543,-1.054255,0.0],[104.204376,-1.05466,0.0],[104.204376,-1.054922,0.0],[104.204257,-1.055183,0.0],[104.203995,-1.055778,0.0],[104.203853,-1.055921,0.0],[104.203734,-1.056016,0.0],[104.203543,-1.056135,0.0],[104.203353,-1.056349,0.0],[104.203115,-1.056397,0.0],[104.202877,-1.056397,0.0],[104.202687,-1.056278,0.0],[104.202473,-1.056159,0.0],[104.202187,-1.055969,0.0],[104.201901,-1.055802,0.0],[104.201782,-1.055659,0.0],[104.201402,-1.055231,0.0],[104.201116,-1.055041,0.0],[104.200973,-1.054826,0.0],[104.200807,-1.054636,0.0],[104.200617,-1.054446,0.0],[104.200331,-1.054184,0.0],[104.200117,-1.054065,0.0],[104.200045,-1.053922,0.0],[104.19995,-1.053684,0.0],[104.199689,-1.053066,0.0],[104.199498,-1.052542,0.0],[104.199403,-1.052352,0.0],[104.199284,-1.052066,0.0],[104.199236,-1.051805,0.0],[104.198927,-1.051543,0.0],[104.198784,-1.051281,0.0],[104.198618,-1.051019,0.0],[104.198546,-1.050829,0.0],[104.198427,-1.050639,0.0],[104.19838,-1.050448,0.0],[104.198237,-1.050187,0.0],[104.198166,-1.049996,0.0],[104.197999,-1.049663,0.0],[104.197833,-1.048997,0.0],[104.197714,-1.048592,0.0],[104.19769,-1.048331,0.0],[104.197595,-1.047902,0.0],[104.197404,-1.047569,0.0],[104.197261,-1.047141,0.0],[104.197024,-1.046617,0.0],[104.196881,-1.046403,0.0],[104.196595,-1.04607,0.0],[104.196238,-1.045666,0.0],[104.195929,-1.045428,0.0],[104.195691,-1.045285,0.0],[104.195287,-1.044999,0.0],[104.195072,-1.04469,0.0],[104.194834,-1.044547,0.0],[104.194501,-1.044285,0.0],[104.194192,-1.043857,0.0],[104.193906,-1.043691,0.0],[104.193787,-1.043381,0.0],[104.19355,-1.043143,0.0],[104.193407,-1.043024,0.0],[104.193097,-1.042525,0.0],[104.192669,-1.042025,0.0],[104.192288,-1.041501,0.0],[104.191908,-1.041026,0.0],[104.191479,-1.040478,0.0],[104.191241,-1.040098,0.0],[104.190914,-1.039663,0.0],[104.190825,-1.039396,0.0],[104.190676,-1.038979,0.0],[104.190498,-1.038444,0.0],[104.190409,-1.037998,0.0],[104.190504,-1.037433,0.0],[104.190432,-1.037004,0.0],[104.190432,-1.036695,0.0],[104.190504,-1.036409,0.0],[104.190575,-1.036053,0.0],[104.190599,-1.035743,0.0],[104.190813,-1.03541,0.0],[104.190932,-1.035125,0.0],[104.191241,-1.034839,0.0],[104.191432,-1.034577,0.0],[104.191646,-1.034387,0.0],[104.191789,-1.034197,0.0],[104.192074,-1.033935,0.0],[104.192241,-1.033768,0.0],[104.192859,-1.033459,0.0],[104.193074,-1.033364,0.0],[104.193264,-1.033364,0.0],[104.193573,-1.033388,0.0],[104.193978,-1.03334,0.0],[104.19424,-1.033292,0.0],[104.194454,-1.033173,0.0],[104.195168,-1.032983,0.0],[104.195739,-1.032555,0.0],[104.195977,-1.032364,0.0],[104.196262,-1.032222,0.0],[104.196714,-1.032222,0.0],[104.196905,-1.032293,0.0],[104.19719,-1.032341,0.0],[104.197618,-1.032293,0.0],[104.197975,-1.032293,0.0],[104.198166,-1.032222,0.0],[104.198404,-1.032103,0.0],[104.198998,-1.031888,0.0],[104.199474,-1.031722,0.0],[104.199926,-1.031698,0.0],[104.200355,-1.031627,0.0],[104.200736,-1.031484,0.0],[104.201116,-1.031484,0.0],[104.201568,-1.031365,0.0],[104.201973,-1.031365,0.0],[104.202377,-1.031127,0.0],[104.202806,-1.031151,0.0],[104.203115,-1.031151,0.0],[104.203638,-1.031198,0.0],[104.204543,-1.031198,0.0],[104.204781,-1.031127,0.0],[104.20509,-1.031151,0.0],[104.205518,-1.031246,0.0],[104.206042,-1.03146,0.0],[104.206351,-1.031603,0.0],[104.206684,-1.031698,0.0],[104.206827,-1.031912,0.0],[104.207065,-1.032222,0.0]]],[[[104.180106,-1.041513,0.0],[104.179963,-1.041347,0.0],[104.179558,-1.040823,0.0],[104.179416,-1.040609,0.0],[104.179273,-1.040419,0.0],[104.179106,-1.040181,0.0],[104.178987,-1.039919,0.0],[104.178797,-1.039515,0.0],[104.17863,-1.039253,0.0],[104.178464,-1.038848,0.0],[104.178273,-1.038468,0.0],[104.178202,-1.038182,0.0],[104.178154,-1.037897,0.0],[104.178131,-1.037587,0.0],[104.178131,-1.037159,0.0],[104.178273,-1.036802,0.0],[104.178345,-1.036398,0.0],[104.178369,-1.036183,0.0],[104.178369,-1.035779,0.0],[104.178416,-1.035541,0.0],[104.178488,-1.035279,0.0],[104.17863,-1.034851,0.0],[104.178749,-1.034661,0.0],[104.178892,-1.034423,0.0],[104.179011,-1.03428,0.0],[104.179201,-1.034208,0.0],[104.179344,-1.034208,0.0],[104.179535,-1.03428,0.0],[104.180034,-1.034565,0.0],[104.180272,-1.034732,0.0],[104.180605,-1.034803,0.0],[104.180772,-1.034898,0.0],[104.181129,-1.035089,0.0],[104.181319,-1.035208,0.0],[104.181509,-1.035351,0.0],[104.181676,-1.035517,0.0],[104.181819,-1.036088,0.0],[104.18189,-1.036302,0.0],[104.182033,-1.036659,0.0],[104.182128,-1.037088,0.0],[104.182128,-1.038515,0.0],[104.182152,-1.038991,0.0],[104.182152,-1.039943,0.0],[104.182104,-1.040205,0.0],[104.181962,-1.040562,0.0],[104.18189,-1.040966,0.0],[104.18189,-1.041133,0.0],[104.181795,-1.04149,0.0],[104.181771,-1.04168,0.0],[104.1817,-1.041799,0.0],[104.181605,-1.042061,0.0],[104.181438,-1.042132,0.0],[104.181248,-1.04218,0.0],[104.180915,-1.04218,0.0],[104.1807,-1.042084,0.0],[104.180629,-1.041989,0.0],[104.180415,-1.041728,0.0],[104.180272,-1.041656,0.0],[104.180106,-1.041513,0.0]]]]}}]}
