{"type":"FeatureCollection","name":"260331_4","crs":{"type":"name","properties":{"name":"urn:ogc:def:crs:OGC:1.3:CRS84"}},"features":[{"type":"Feature","properties":{"fid":"1","Nomor":"TEBO-TEBO TENGAH-MANGUN JAYO-001","Nama Anggota":"ANSORI, S.Fil.i","Jalur":"Komisi III","Alamat":"Desa Mangun Jayo, Kecamatan Tebo Tengah, Kabupaten Tebo","Longitude":102.4619,"Latitude":-1.4913,"Tanggal Dokumentasi":"12/02/2026","Keterangan":null,"Foto Survey Awal":"D:/011. ESDM/Penerangan Jalan Umum Tenaga Surya 2026/2026/03. Foto/TEBO-TEBO TENGAH-MANGUN JAYO-001.jpg"},"geometry":{"type":"Point","coordinates":[102.4619,-1.4913]}},{"type":"Feature","properties":{"fid":"2","Nomor":"TEBO-TEBO TENGAH-MANGUN JAYO-002","Nama Anggota":"ANSORI, S.Fil.i","Jalur":"Komisi III","Alamat":"Desa Mangun Jayo, Kecamatan Tebo Tengah, Kabupaten Tebo","Longitude":102.46267,"Latitude":-1.49125,"Tanggal Dokumentasi":"12/02/2026","Keterangan":null,"Foto Survey Awal":"D:/011. ESDM/Penerangan Jalan Umum Tenaga Surya 2026/2026/03. Foto/TEBO-TEBO TENGAH-MANGUN JAYO-002.jpg"},"geometry":{"type":"Point","coordinates":[102.46267,-1.49125]}},{"type":"Feature","properties":{"fid":"3","Nomor":"TEBO-TEBO TENGAH-MANGUN JAYO-003","Nama Anggota":"ANSORI, S.Fil.i","Jalur":"Komisi III","Alamat":"Desa Mangun Jayo, Kecamatan Tebo Tengah, Kabupaten Tebo","Longitude":102.46362,"Latitude":-1.49091,"Tanggal Dokumentasi":"12/02/2026","Keterangan":null,"Foto Survey Awal":"D:/011. ESDM/Penerangan Jalan Umum Tenaga Surya 2026/2026/03. Foto/TEBO-TEBO TENGAH-MANGUN JAYO-003.jpg"},"geometry":{"type":"Point","coordinates":[102.46362,-1.49091]}},{"type":"Feature","properties":{"fid":"4","Nomor":"TEBO-TEBO TENGAH-MANGUN JAYO-004","Nama Anggota":"ANSORI, S.Fil.i","Jalur":"Komisi III","Alamat":"Desa Mangun Jayo, Kecamatan Tebo Tengah, Kabupaten Tebo","Longitude":102.45957,"Latitude":-1.49142,"Tanggal Dokumentasi":"12/02/2026","Keterangan":null,"Foto Survey Awal":"D:/011. ESDM/Penerangan Jalan Umum Tenaga Surya 2026/2026/03. Foto/TEBO-TEBO TENGAH-MANGUN JAYO-004.jpg"},"geometry":{"type":"Point","coordinates":[102.45957,-1.49142]}},{"type":"Feature","properties":{"fid":"5","Nomor":"TEBO-TEBO TENGAH-MANGUN JAYO-005","Nama Anggota":"ANSORI, S.Fil.i","Jalur":"Komisi III","Alamat":"Desa Mangun Jayo, Kecamatan Tebo Tengah, Kabupaten Tebo","Longitude":102.45907,"Latitude":-1.49126,"Tanggal Dokumentasi":"12/02/2026","Keterangan":null,"Foto Survey Awal":"D:/011. ESDM/Penerangan Jalan Umum Tenaga Surya 2026/2026/03. Foto/TEBO-TEBO TENGAH-MANGUN JAYO-005.jpg"},"geometry":{"type":"Point","coordinates":[102.45907,-1.49126]}},{"type":"Feature","properties":{"fid":"6","Nomor":"TEBO-TEBO TENGAH-MANGUN JAYO-006","Nama Anggota":"ANSORI, S.Fil.i","Jalur":"Komisi III","Alamat":"Desa Mangun Jayo, Kecamatan Tebo Tengah, Kabupaten Tebo","Longitude":102.44794,"Latitude":-1.48731,"Tanggal Dokumentasi":"12/02/2026","Keterangan":null,"Foto Survey Awal":"D:/011. ESDM/Penerangan Jalan Umum Tenaga Surya 2026/2026/03. Foto/TEBO-TEBO TENGAH-MANGUN JAYO-006.jpg"},"geometry":{"type":"Point","coordinates":[102.44794,-1.48731]}},{"type":"Feature","properties":{"fid":"7","Nomor":"TEBO-TEBO TENGAH-MANGUN JAYO-007","Nama Anggota":"ANSORI, S.Fil.i","Jalur":"Komisi III","Alamat":"Desa Mangun Jayo, Kecamatan Tebo Tengah, Kabupaten Tebo","Longitude":102.45038,"Latitude":-1.48778,"Tanggal Dokumentasi":"12/02/2026","Keterangan":null,"Foto Survey Awal":"D:/011. ESDM/Penerangan Jalan Umum Tenaga Surya 2026/2026/03. Foto/TEBO-TEBO TENGAH-MANGUN JAYO-007.jpg"},"geometry":{"type":"Point","coordinates":[102.45038,-1.48778]}},{"type":"Feature","properties":{"fid":"8","Nomor":"TEBO-TEBO TENGAH-MANGUN JAYO-008","Nama Anggota":"ANSORI, S.Fil.i","Jalur":"Komisi III","Alamat":"Desa Mangun Jayo, Kecamatan Tebo Tengah, Kabupaten Tebo","Longitude":102.44912,"Latitude":-1.50446,"Tanggal Dokumentasi":"12/02/2026","Keterangan":null,"Foto Survey Awal":"D:/011. ESDM/Penerangan Jalan Umum Tenaga Surya 2026/2026/03. Foto/TEBO-TEBO TENGAH-MANGUN JAYO-008.jpg"},"geometry":{"type":"Point","coordinates":[102.44912,-1.50446]}},{"type":"Feature","properties":{"fid":"9","Nomor":"TEBO-TEBO TENGAH-MANGUN JAYO-009","Nama Anggota":"ANSORI, S.Fil.i","Jalur":"Komisi III","Alamat":"Desa Mangun Jayo, Kecamatan Tebo Tengah, Kabupaten Tebo","Longitude":102.44511,"Latitude":-1.52694,"Tanggal Dokumentasi":"12/02/2026","Keterangan":null,"Foto Survey Awal":"D:/011. ESDM/Penerangan Jalan Umum Tenaga Surya 2026/2026/03. Foto/TEBO-TEBO TENGAH-MANGUN JAYO-009.jpg"},"geometry":{"type":"Point","coordinates":[102.44511,-1.52694]}},{"type":"Feature","properties":{"fid":"10","Nomor":"TEBO-TEBO TENGAH-MANGUN JAYO-010","Nama Anggota":"ANSORI, S.Fil.i","Jalur":"Komisi III","Alamat":"Desa Mangun Jayo, Kecamatan Tebo Tengah, Kabupaten Tebo","Longitude":102.44522,"Latitude":-1.5256,"Tanggal Dokumentasi":"12/02/2026","Keterangan":null,"Foto Survey Awal":"D:/011. ESDM/Penerangan Jalan Umum Tenaga Surya 2026/2026/03. Foto/TEBO-TEBO TENGAH-MANGUN JAYO-010.jpg"},"geometry":{"type":"Point","coordinates":[102.44522,-1.5256]}},{"type":"Feature","properties":{"fid":"11","Nomor":"TEBO-SUMAY-TERITI-001","Nama Anggota":"ANSORI, S.Fil.i","Jalur":"Komisi III","Alamat":"Desa Teriti, Kecamatan Sumay, Kabupaten Tebo","Longitude":102.4339,"Latitude":-1.38554,"Tanggal Dokumentasi":"12/02/2026","Keterangan":"Seberang Sumay","Foto Survey Awal":"D:/011. ESDM/Penerangan Jalan Umum Tenaga Surya 2026/2026/03. Foto/TEBO-SUMAY-TERITI-001.jpg"},"geometry":{"type":"Point","coordinates":[102.4339,-1.38554]}},{"type":"Feature","properties":{"fid":"12","Nomor":"TEBO-SUMAY-TERITI-002","Nama Anggota":"ANSORI, S.Fil.i","Jalur":"Komisi III","Alamat":"Desa Teriti, Kecamatan Sumay, Kabupaten Tebo","Longitude":102.43424,"Latitude":-1.3847,"Tanggal Dokumentasi":"12/02/2026","Keterangan":null,"Foto Survey Awal":"D:/011. ESDM/Penerangan Jalan Umum Tenaga Surya 2026/2026/03. Foto/TEBO-SUMAY-TERITI-002.jpg"},"geometry":{"type":"Point","coordinates":[102.43424,-1.3847]}},{"type":"Feature","properties":{"fid":"13","Nomor":"TEBO-SUMAY-TERITI-003","Nama Anggota":"ANSORI, S.Fil.i","Jalur":"Komisi III","Alamat":"Desa Teriti, Kecamatan Sumay, Kabupaten Tebo","Longitude":102.43025,"Latitude":-1.39054,"Tanggal Dokumentasi":"12/02/2026","Keterangan":null,"Foto Survey Awal":"D:/011. ESDM/Penerangan Jalan Umum Tenaga Surya 2026/2026/03. Foto/TEBO-SUMAY-TERITI-003.jpg"},"geometry":{"type":"Point","coordinates":[102.43025,-1.39054]}},{"type":"Feature","properties":{"fid":"14","Nomor":"TEBO-SUMAY-TERITI-004","Nama Anggota":"ANSORI, S.Fil.i","Jalur":"Komisi III","Alamat":"Desa Teriti, Kecamatan Sumay, Kabupaten Tebo","Longitude":102.43064,"Latitude":-1.39082,"Tanggal Dokumentasi":"12/02/2026","Keterangan":null,"Foto Survey Awal":"D:/011. ESDM/Penerangan Jalan Umum Tenaga Surya 2026/2026/03. Foto/TEBO-SUMAY-TERITI-004.jpg"},"geometry":{"type":"Point","coordinates":[102.43064,-1.39082]}},{"type":"Feature","properties":{"fid":"15","Nomor":"TEBO-SUMAY-TERITI-005","Nama Anggota":"ANSORI, S.Fil.i","Jalur":"Komisi III","Alamat":"Desa Teriti, Kecamatan Sumay, Kabupaten Tebo","Longitude":102.43173,"Latitude":-1.39005,"Tanggal Dokumentasi":"12/02/2026","Keterangan":null,"Foto Survey Awal":"D:/011. ESDM/Penerangan Jalan Umum Tenaga Surya 2026/2026/03. Foto/TEBO-SUMAY-TERITI-005.jpg"},"geometry":{"type":"Point","coordinates":[102.43173,-1.39005]}},{"type":"Feature","properties":{"fid":"16","Nomor":"TEBO-TEBO TENGAH-BEDARO RAMPAK-001","Nama Anggota":"Hj. EKA MADJID MUAZ, S.E., M.H","Jalur":"Komisi III","Alamat":"Desa Bedaro Rampak, Kecamatan Tebo Tengah, Kabupaten Tebo","Longitude":102.44415,"Latitude":-1.46117,"Tanggal Dokumentasi":"12/02/2026","Keterangan":"RT 11","Foto Survey Awal":"D:/011. ESDM/Penerangan Jalan Umum Tenaga Surya 2026/2026/03. Foto/TEBO-TEBO TENGAH-BEDARO RAMPAK-001.jpg"},"geometry":{"type":"Point","coordinates":[102.44415,-1.46117]}},{"type":"Feature","properties":{"fid":"17","Nomor":"TEBO-TEBO TENGAH-BEDARO RAMPAK-002","Nama Anggota":"Hj. EKA MADJID MUAZ, S.E., M.H","Jalur":"Komisi III","Alamat":"Desa Bedaro Rampak, Kecamatan Tebo Tengah, Kabupaten Tebo","Longitude":102.44376,"Latitude":-1.46099,"Tanggal Dokumentasi":"12/02/2026","Keterangan":"RT 11","Foto Survey Awal":"D:/011. ESDM/Penerangan Jalan Umum Tenaga Surya 2026/2026/03. Foto/TEBO-TEBO TENGAH-BEDARO RAMPAK-002.jpg"},"geometry":{"type":"Point","coordinates":[102.44376,-1.46099]}},{"type":"Feature","properties":{"fid":"18","Nomor":"TEBO-TEBO TENGAH-BEDARO RAMPAK-003","Nama Anggota":"Hj. EKA MADJID MUAZ, S.E., M.H","Jalur":"Komisi III","Alamat":"Desa Bedaro Rampak, Kecamatan Tebo Tengah, Kabupaten Tebo","Longitude":102.44289,"Latitude":-1.46045,"Tanggal Dokumentasi":"12/02/2026","Keterangan":"RT 11","Foto Survey Awal":"D:/011. ESDM/Penerangan Jalan Umum Tenaga Surya 2026/2026/03. Foto/TEBO-TEBO TENGAH-BEDARO RAMPAK-003.jpg"},"geometry":{"type":"Point","coordinates":[102.44289,-1.46045]}},{"type":"Feature","properties":{"fid":"19","Nomor":"TEBO-TEBO TENGAH-BEDARO RAMPAK-004","Nama Anggota":"Hj. EKA MADJID MUAZ, S.E., M.H","Jalur":"Komisi III","Alamat":"Desa Bedaro Rampak, Kecamatan Tebo Tengah, Kabupaten Tebo","Longitude":102.4442,"Latitude":-1.46155,"Tanggal Dokumentasi":"12/02/2026","Keterangan":"RT 11","Foto Survey Awal":"D:/011. ESDM/Penerangan Jalan Umum Tenaga Surya 2026/2026/03. Foto/TEBO-TEBO TENGAH-BEDARO RAMPAK-004.jpg"},"geometry":{"type":"Point","coordinates":[102.4442,-1.46155]}},{"type":"Feature","properties":{"fid":"20","Nomor":"TEBO-TEBO TENGAH-BEDARO RAMPAK-005","Nama Anggota":"Hj. EKA MADJID MUAZ, S.E., M.H","Jalur":"Komisi III","Alamat":"Desa Bedaro Rampak, Kecamatan Tebo Tengah, Kabupaten Tebo","Longitude":102.43977,"Latitude":-1.46393,"Tanggal Dokumentasi":"12/02/2026","Keterangan":"RT 08","Foto Survey Awal":"D:/011. ESDM/Penerangan Jalan Umum Tenaga Surya 2026/2026/03. Foto/TEBO-TEBO TENGAH-BEDARO RAMPAK-005.jpg"},"geometry":{"type":"Point","coordinates":[102.43977,-1.46393]}},{"type":"Feature","properties":{"fid":"21","Nomor":"TEBO-TEBO TENGAH-BEDARO RAMPAK-006","Nama Anggota":"Hj. EKA MADJID MUAZ, S.E., M.H","Jalur":"Komisi III","Alamat":"Desa Bedaro Rampak, Kecamatan Tebo Tengah, Kabupaten Tebo","Longitude":102.44052,"Latitude":-1.46367,"Tanggal Dokumentasi":"12/02/2026","Keterangan":"RT 08","Foto Survey Awal":"D:/011. ESDM/Penerangan Jalan Umum Tenaga Surya 2026/2026/03. Foto/TEBO-TEBO TENGAH-BEDARO RAMPAK-006.jpg"},"geometry":{"type":"Point","coordinates":[102.44052,-1.46367]}},{"type":"Feature","properties":{"fid":"22","Nomor":"TEBO-TEBO TENGAH-BEDARO RAMPAK-007","Nama Anggota":"Hj. EKA MADJID MUAZ, S.E., M.H","Jalur":"Komisi III","Alamat":"Desa Bedaro Rampak, Kecamatan Tebo Tengah, Kabupaten Tebo","Longitude":102.44776,"Latitude":-1.46533,"Tanggal Dokumentasi":"12/02/2026","Keterangan":"RT 08","Foto Survey Awal":"D:/011. ESDM/Penerangan Jalan Umum Tenaga Surya 2026/2026/03. Foto/TEBO-TEBO TENGAH-BEDARO RAMPAK-007.jpg"},"geometry":{"type":"Point","coordinates":[102.44776,-1.46533]}},{"type":"Feature","properties":{"fid":"23","Nomor":"TEBO-TEBO TENGAH-BEDARO RAMPAK-008","Nama Anggota":"Hj. EKA MADJID MUAZ, S.E., M.H","Jalur":"Komisi III","Alamat":"Desa Bedaro Rampak, Kecamatan Tebo Tengah, Kabupaten Tebo","Longitude":102.44789,"Latitude":-1.46944,"Tanggal Dokumentasi":"12/02/2026","Keterangan":"RT 04","Foto Survey Awal":"D:/011. ESDM/Penerangan Jalan Umum Tenaga Surya 2026/2026/03. Foto/TEBO-TEBO TENGAH-BEDARO RAMPAK-008.jpg"},"geometry":{"type":"Point","coordinates":[102.44789,-1.46944]}},{"type":"Feature","properties":{"fid":"24","Nomor":"TEBO-TEBO TENGAH-BEDARO RAMPAK-009","Nama Anggota":"Hj. EKA MADJID MUAZ, S.E., M.H","Jalur":"Komisi III","Alamat":"Desa Bedaro Rampak, Kecamatan Tebo Tengah, Kabupaten Tebo","Longitude":102.4472,"Latitude":-1.46935,"Tanggal Dokumentasi":"12/02/2026","Keterangan":null,"Foto Survey Awal":"D:/011. ESDM/Penerangan Jalan Umum Tenaga Surya 2026/2026/03. Foto/TEBO-TEBO TENGAH-BEDARO RAMPAK-009.jpg"},"geometry":{"type":"Point","coordinates":[102.4472,-1.46935]}},{"type":"Feature","properties":{"fid":"25","Nomor":"TEBO-TEBO TENGAH-BEDARO RAMPAK-010","Nama Anggota":"Hj. EKA MADJID MUAZ, S.E., M.H","Jalur":"Komisi III","Alamat":"Desa Bedaro Rampak, Kecamatan Tebo Tengah, Kabupaten Tebo","Longitude":102.45191,"Latitude":-1.47783,"Tanggal Dokumentasi":"12/02/2026","Keterangan":null,"Foto Survey Awal":"D:/011. ESDM/Penerangan Jalan Umum Tenaga Surya 2026/2026/03. Foto/TEBO-TEBO TENGAH-BEDARO RAMPAK-010.jpg"},"geometry":{"type":"Point","coordinates":[102.45191,-1.47783]}},{"type":"Feature","properties":{"fid":"26","Nomor":"TEBO-RIMBO ILIR-SEPAKAT BERSATU-001","Nama Anggota":"Hj. EKA MADJID MUAZ, S.E., M.H","Jalur":"Komisi III","Alamat":"Desa Sepakat Bersatu, Kecamatan Rimbo Ilir, Kabupaten Tebo","Longitude":102.22698,"Latitude":-1.43241,"Tanggal Dokumentasi":"12/02/2026","Keterangan":null,"Foto Survey Awal":"D:/011. ESDM/Penerangan Jalan Umum Tenaga Surya 2026/2026/03. Foto/TEBO-RIMBO ILIR-SEPAKAT BERSATU-001.jpg"},"geometry":{"type":"Point","coordinates":[102.22698,-1.43241]}},{"type":"Feature","properties":{"fid":"27","Nomor":"TEBO-RIMBO ILIR-SEPAKAT BERSATU-002","Nama Anggota":"Hj. EKA MADJID MUAZ, S.E., M.H","Jalur":"Komisi III","Alamat":"Desa Sepakat Bersatu, Kecamatan Rimbo Ilir, Kabupaten Tebo","Longitude":102.21552,"Latitude":-1.38864,"Tanggal Dokumentasi":"12/02/2026","Keterangan":null,"Foto Survey Awal":"D:/011. ESDM/Penerangan Jalan Umum Tenaga Surya 2026/2026/03. Foto/TEBO-RIMBO ILIR-SEPAKAT BERSATU-002.jpg"},"geometry":{"type":"Point","coordinates":[102.21552,-1.38864]}},{"type":"Feature","properties":{"fid":"28","Nomor":"TEBO-RIMBO ILIR-SEPAKAT BERSATU-003","Nama Anggota":"Hj. EKA MADJID MUAZ, S.E., M.H","Jalur":"Komisi III","Alamat":"Desa Sepakat Bersatu, Kecamatan Rimbo Ilir, Kabupaten Tebo","Longitude":102.18799,"Latitude":-1.3853,"Tanggal Dokumentasi":"12/02/2026","Keterangan":null,"Foto Survey Awal":"D:/011. ESDM/Penerangan Jalan Umum Tenaga Surya 2026/2026/03. Foto/TEBO-RIMBO ILIR-SEPAKAT BERSATU-003.jpg"},"geometry":{"type":"Point","coordinates":[102.18799,-1.3853]}},{"type":"Feature","properties":{"fid":"29","Nomor":"TEBO-RIMBO ILIR-SEPAKAT BERSATU-004","Nama Anggota":"Hj. EKA MADJID MUAZ, S.E., M.H","Jalur":"Komisi III","Alamat":"Desa Sepakat Bersatu, Kecamatan Rimbo Ilir, Kabupaten Tebo","Longitude":102.18808,"Latitude":-1.38529,"Tanggal Dokumentasi":"12/02/2026","Keterangan":null,"Foto Survey Awal":"D:/011. ESDM/Penerangan Jalan Umum Tenaga Surya 2026/2026/03. Foto/TEBO-RIMBO ILIR-SEPAKAT BERSATU-004.jpg"},"geometry":{"type":"Point","coordinates":[102.18808,-1.38529]}},{"type":"Feature","properties":{"fid":"30","Nomor":"TEBO-RIMBO ILIR-SEPAKAT BERSATU-005","Nama Anggota":"Hj. EKA MADJID MUAZ, S.E., M.H","Jalur":"Komisi III","Alamat":"Desa Sepakat Bersatu, Kecamatan Rimbo Ilir, Kabupaten Tebo","Longitude":102.18694,"Latitude":-1.38579,"Tanggal Dokumentasi":"12/02/2026","Keterangan":null,"Foto Survey Awal":"D:/011. ESDM/Penerangan Jalan Umum Tenaga Surya 2026/2026/03. Foto/TEBO-RIMBO ILIR-SEPAKAT BERSATU-005.jpg"},"geometry":{"type":"Point","coordinates":[102.18694,-1.38579]}},{"type":"Feature","properties":{"fid":"31","Nomor":"KOTA JAMBI-KOTA BARU-KENALI BESAR-002","Nama Anggota":"Hj. Yuli Yuliarti, S.E., M.M.","Jalur":"Komisi III","Alamat":"Kel. Kenali Besar, Kecamatan Kota Baru, Kota Jambi","Longitude":103.55002,"Latitude":-1.62746,"Tanggal Dokumentasi":"23/02/2026","Keterangan":"RT 19","Foto Survey Awal":"D:/011. ESDM/Penerangan Jalan Umum Tenaga Surya 2026/2026/03. Foto/KOTA JAMBI-KOTA BARU-KENALI BESAR-002.jpg"},"geometry":{"type":"Point","coordinates":[103.55002,-1.62746]}},{"type":"Feature","properties":{"fid":"32","Nomor":"KOTA JAMBI-KOTA BARU-KENALI BESAR-001","Nama Anggota":"Hj. Yuli Yuliarti, S.E., M.M.","Jalur":"Komisi III","Alamat":"Kel. Kenali Besar, Kecamatan Kota Baru, Kota Jambi","Longitude":103.54989,"Latitude":-1.62605,"Tanggal Dokumentasi":"23/02/2026","Keterangan":"RT 19","Foto Survey Awal":"D:/011. ESDM/Penerangan Jalan Umum Tenaga Surya 2026/2026/03. Foto/KOTA JAMBI-KOTA BARU-KENALI BESAR-001.jpg"},"geometry":{"type":"Point","coordinates":[103.54989,-1.62605]}},{"type":"Feature","properties":{"fid":"33","Nomor":"KOTA JAMBI-KOTA BARU-KENALI ASAM ATAS-002","Nama Anggota":"Hj. Yuli Yuliarti, S.E., M.M.","Jalur":"Komisi III","Alamat":"Kel. Kenali Asam Atas, Kecamatan Kota Baru, Kota Jambi","Longitude":103.59391,"Latitude":-1.64831,"Tanggal Dokumentasi":"23/02/2026","Keterangan":"RT 17","Foto Survey Awal":"D:/011. ESDM/Penerangan Jalan Umum Tenaga Surya 2026/2026/03. Foto/KOTA JAMBI-KOTA BARU-KENALI ASAM ATAS-002.jpg"},"geometry":{"type":"Point","coordinates":[103.59391,-1.64831]}},{"type":"Feature","properties":{"fid":"34","Nomor":"KOTA JAMBI-KOTA BARU-KENALI ASAM ATAS-001","Nama Anggota":"Hj. Yuli Yuliarti, S.E., M.M.","Jalur":"Komisi III","Alamat":"Kel. Kenali Asam Atas, Kecamatan Kota Baru, Kota Jambi","Longitude":103.60591,"Latitude":-1.64703,"Tanggal Dokumentasi":"23/02/2026","Keterangan":"RT 01","Foto Survey Awal":"D:/011. ESDM/Penerangan Jalan Umum Tenaga Surya 2026/2026/03. Foto/KOTA JAMBI-KOTA BARU-KENALI ASAM ATAS-001.jpg"},"geometry":{"type":"Point","coordinates":[103.60591,-1.64703]}},{"type":"Feature","properties":{"fid":"35","Nomor":"KOTA JAMBI-PAAL MERAH-EKA JAYA-007","Nama Anggota":"Hj. Yuli Yuliarti, S.E., M.M.","Jalur":"Komisi III","Alamat":"Kel. Eka Jaya, Kecamatan Paal Merah, Kota Jambi","Longitude":103.66371,"Latitude":-1.60729,"Tanggal Dokumentasi":"23/02/2026","Keterangan":"RT 34","Foto Survey Awal":"D:/011. ESDM/Penerangan Jalan Umum Tenaga Surya 2026/2026/03. Foto/KOTA JAMBI-PAAL MERAH-EKA JAYA-007.jpg"},"geometry":{"type":"Point","coordinates":[103.66371,-1.60729]}},{"type":"Feature","properties":{"fid":"36","Nomor":"KOTA JAMBI-PAAL MERAH-EKA JAYA-006","Nama Anggota":"Hj. Yuli Yuliarti, S.E., M.M.","Jalur":"Komisi III","Alamat":"Kel. Eka Jaya, Kecamatan Paal Merah, Kota Jambi","Longitude":103.65838,"Latitude":-1.61517,"Tanggal Dokumentasi":"23/02/2026","Keterangan":"RT 07","Foto Survey Awal":"D:/011. ESDM/Penerangan Jalan Umum Tenaga Surya 2026/2026/03. Foto/KOTA JAMBI-PAAL MERAH-EKA JAYA-006.jpg"},"geometry":{"type":"Point","coordinates":[103.65838,-1.61517]}},{"type":"Feature","properties":{"fid":"37","Nomor":"KOTA JAMBI-PAAL MERAH-EKA JAYA-005","Nama Anggota":"Hj. Yuli Yuliarti, S.E., M.M.","Jalur":"Komisi III","Alamat":"Kel. Eka Jaya, Kecamatan Paal Merah, Kota Jambi","Longitude":103.65877,"Latitude":-1.61445,"Tanggal Dokumentasi":"23/02/2026","Keterangan":"RT 07","Foto Survey Awal":"D:/011. ESDM/Penerangan Jalan Umum Tenaga Surya 2026/2026/03. Foto/KOTA JAMBI-PAAL MERAH-EKA JAYA-005.jpg"},"geometry":{"type":"Point","coordinates":[103.65877,-1.61445]}},{"type":"Feature","properties":{"fid":"38","Nomor":"KOTA JAMBI-PAAL MERAH-EKA JAYA-004","Nama Anggota":"Hj. Yuli Yuliarti, S.E., M.M.","Jalur":"Komisi III","Alamat":"Kel. Eka Jaya, Kecamatan Paal Merah, Kota Jambi","Longitude":103.66021,"Latitude":-1.61684,"Tanggal Dokumentasi":"23/02/2026","Keterangan":"RT 29","Foto Survey Awal":"D:/011. ESDM/Penerangan Jalan Umum Tenaga Surya 2026/2026/03. Foto/KOTA JAMBI-PAAL MERAH-EKA JAYA-004.jpg"},"geometry":{"type":"Point","coordinates":[103.66021,-1.61684]}},{"type":"Feature","properties":{"fid":"39","Nomor":"KOTA JAMBI-PAAL MERAH-EKA JAYA-003","Nama Anggota":"Hj. Yuli Yuliarti, S.E., M.M.","Jalur":"Komisi III","Alamat":"Kel. Eka Jaya, Kecamatan Paal Merah, Kota Jambi","Longitude":103.65962,"Latitude":-1.61712,"Tanggal Dokumentasi":"23/02/2026","Keterangan":"RT 29","Foto Survey Awal":"D:/011. ESDM/Penerangan Jalan Umum Tenaga Surya 2026/2026/03. Foto/KOTA JAMBI-PAAL MERAH-EKA JAYA-003.jpg"},"geometry":{"type":"Point","coordinates":[103.65962,-1.61712]}},{"type":"Feature","properties":{"fid":"40","Nomor":"KOTA JAMBI-PAAL MERAH-EKA JAYA-002","Nama Anggota":"Hj. Yuli Yuliarti, S.E., M.M.","Jalur":"Komisi III","Alamat":"Kel. Eka Jaya, Kecamatan Paal Merah, Kota Jambi","Longitude":103.67606,"Latitude":-1.61447,"Tanggal Dokumentasi":"23/02/2026","Keterangan":"RT 14","Foto Survey Awal":"D:/011. ESDM/Penerangan Jalan Umum Tenaga Surya 2026/2026/03. Foto/KOTA JAMBI-PAAL MERAH-EKA JAYA-002.jpg"},"geometry":{"type":"Point","coordinates":[103.67606,-1.61447]}},{"type":"Feature","properties":{"fid":"41","Nomor":"KOTA JAMBI-PAAL MERAH-EKA JAYA-001","Nama Anggota":"Hj. Yuli Yuliarti, S.E., M.M.","Jalur":"Komisi III","Alamat":"Kel. Eka Jaya, Kecamatan Paal Merah, Kota Jambi","Longitude":103.67615,"Latitude":-1.61346,"Tanggal Dokumentasi":"23/02/2026","Keterangan":"RT 14","Foto Survey Awal":"D:/011. ESDM/Penerangan Jalan Umum Tenaga Surya 2026/2026/03. Foto/KOTA JAMBI-PAAL MERAH-EKA JAYA-001.jpg"},"geometry":{"type":"Point","coordinates":[103.67615,-1.61346]}},{"type":"Feature","properties":{"fid":"42","Nomor":"Muaro Jambi-Mestong-Desa Suka Damai-001","Nama Anggota":"Ririn Novianty, S.E.","Jalur":"Komisi III","Alamat":"Desa Suka Damai, Kecamatan Mestong, Kabupaten Muaro Jambi","Longitude":103.56219,"Latitude":-1.86493,"Tanggal Dokumentasi":"24/02/2026","Keterangan":"Dusun Sukarejo","Foto Survey Awal":"D:/011. ESDM/Penerangan Jalan Umum Tenaga Surya 2026/2026/03. Foto/Muaro Jambi-Mestong-Desa Suka Damai-001.jpg"},"geometry":{"type":"Point","coordinates":[103.56219,-1.86493]}},{"type":"Feature","properties":{"fid":"43","Nomor":"Muaro Jambi-Mestong-Desa Suka Damai-002","Nama Anggota":"Ririn Novianty, S.E.","Jalur":"Komisi III","Alamat":"Desa Suka Damai, Kecamatan Mestong, Kabupaten Muaro Jambi","Longitude":103.56704,"Latitude":-1.86422,"Tanggal Dokumentasi":"24/02/2026","Keterangan":"Dusun Sukarejo","Foto Survey Awal":"D:/011. ESDM/Penerangan Jalan Umum Tenaga Surya 2026/2026/03. Foto/Muaro Jambi-Mestong-Desa Suka Damai-002.jpg"},"geometry":{"type":"Point","coordinates":[103.56704,-1.86422]}},{"type":"Feature","properties":{"fid":"44","Nomor":"Muaro Jambi-Mestong-Desa Suka Damai-003","Nama Anggota":"Ririn Novianty, S.E.","Jalur":"Komisi III","Alamat":"Desa Suka Damai, Kecamatan Mestong, Kabupaten Muaro Jambi","Longitude":103.57552,"Latitude":-1.87228,"Tanggal Dokumentasi":"24/02/2026","Keterangan":"RT 08 Dusun Rimba Jaya","Foto Survey Awal":"D:/011. ESDM/Penerangan Jalan Umum Tenaga Surya 2026/2026/03. Foto/Muaro Jambi-Mestong-Desa Suka Damai-003.jpg"},"geometry":{"type":"Point","coordinates":[103.57552,-1.87228]}},{"type":"Feature","properties":{"fid":"45","Nomor":"Muaro Jambi-Mestong-Desa Suka Damai-004","Nama Anggota":"Ririn Novianty, S.E.","Jalur":"Komisi III","Alamat":"Desa Suka Damai, Kecamatan Mestong, Kabupaten Muaro Jambi","Longitude":103.55838,"Latitude":-1.87177,"Tanggal Dokumentasi":"24/02/2026","Keterangan":"RT 04 Dusun Sukarejo","Foto Survey Awal":"D:/011. ESDM/Penerangan Jalan Umum Tenaga Surya 2026/2026/03. Foto/Muaro Jambi-Mestong-Desa Suka Damai-004.jpg"},"geometry":{"type":"Point","coordinates":[103.55838,-1.87177]}},{"type":"Feature","properties":{"fid":"46","Nomor":"Muaro Jambi-Mestong-Desa Suka Damai-005","Nama Anggota":"Ririn Novianty, S.E.","Jalur":"Komisi III","Alamat":"Desa Suka Damai, Kecamatan Mestong, Kabupaten Muaro Jambi","Longitude":103.54512,"Latitude":-1.88232,"Tanggal Dokumentasi":"24/02/2026","Keterangan":"RT 09 Dusun Sidomulyo","Foto Survey Awal":"D:/011. ESDM/Penerangan Jalan Umum Tenaga Surya 2026/2026/03. Foto/Muaro Jambi-Mestong-Desa Suka Damai-005.jpg"},"geometry":{"type":"Point","coordinates":[103.54512,-1.88232]}},{"type":"Feature","properties":{"fid":"47","Nomor":"Muaro Jambi-Sungai Bahar-Unit 2-001","Nama Anggota":"Ririn Novianty, S.E.","Jalur":"Komisi III","Alamat":"Desa Unit 2, Kecamatan Sungai Bahar, Kabupaten Muaro Jambi","Longitude":103.44312,"Latitude":-1.95492,"Tanggal Dokumentasi":"24/02/2026","Keterangan":"RT 05 Desa Suka Maju","Foto Survey Awal":"D:/011. ESDM/Penerangan Jalan Umum Tenaga Surya 2026/2026/03. Foto/Muaro Jambi-Sungai Bahar-Unit 2-001.jpg"},"geometry":{"type":"Point","coordinates":[103.44312,-1.95492]}},{"type":"Feature","properties":{"fid":"48","Nomor":"Muaro Jambi-Sungai Bahar-Unit 2-002","Nama Anggota":"Ririn Novianty, S.E.","Jalur":"Komisi III","Alamat":"Desa Unit 2, Kecamatan Sungai Bahar, Kabupaten Muaro Jambi","Longitude":103.44392,"Latitude":-1.95585,"Tanggal Dokumentasi":"24/02/2026","Keterangan":"RT 05 Desa Suka Maju","Foto Survey Awal":"D:/011. ESDM/Penerangan Jalan Umum Tenaga Surya 2026/2026/03. Foto/Muaro Jambi-Sungai Bahar-Unit 2-002.jpg"},"geometry":{"type":"Point","coordinates":[103.44392,-1.95585]}},{"type":"Feature","properties":{"fid":"49","Nomor":"Muaro Jambi-Sungai Bahar-Unit 2-003","Nama Anggota":"Ririn Novianty, S.E.","Jalur":"Komisi III","Alamat":"Desa Unit 2, Kecamatan Sungai Bahar, Kabupaten Muaro Jambi","Longitude":103.44511,"Latitude":-1.96136,"Tanggal Dokumentasi":"24/02/2026","Keterangan":"Desa Suka Maju","Foto Survey Awal":"D:/011. ESDM/Penerangan Jalan Umum Tenaga Surya 2026/2026/03. Foto/Muaro Jambi-Sungai Bahar-Unit 2-003.jpg"},"geometry":{"type":"Point","coordinates":[103.44511,-1.96136]}},{"type":"Feature","properties":{"fid":"50","Nomor":"Muaro Jambi-Sungai Bahar-Unit 2-004","Nama Anggota":"Ririn Novianty, S.E.","Jalur":"Komisi III","Alamat":"Desa Unit 2, Kecamatan Sungai Bahar, Kabupaten Muaro Jambi","Longitude":103.4451,"Latitude":-1.95477,"Tanggal Dokumentasi":"24/02/2026","Keterangan":"Desa Suka Maju","Foto Survey Awal":"D:/011. ESDM/Penerangan Jalan Umum Tenaga Surya 2026/2026/03. Foto/Muaro Jambi-Sungai Bahar-Unit 2-004.jpg"},"geometry":{"type":"Point","coordinates":[103.4451,-1.95477]}},{"type":"Feature","properties":{"fid":"51","Nomor":"Muaro Jambi-Sungai Bahar-Unit 2-005","Nama Anggota":"Ririn Novianty, S.E.","Jalur":"Komisi III","Alamat":"Desa Unit 2, Kecamatan Sungai Bahar, Kabupaten Muaro Jambi","Longitude":103.44203,"Latitude":-1.95267,"Tanggal Dokumentasi":"24/02/2026","Keterangan":"Desa Suka Maju","Foto Survey Awal":"D:/011. ESDM/Penerangan Jalan Umum Tenaga Surya 2026/2026/03. Foto/Muaro Jambi-Sungai Bahar-Unit 2-005.jpg"},"geometry":{"type":"Point","coordinates":[103.44203,-1.95267]}},{"type":"Feature","properties":{"fid":"52","Nomor":"Muaro Jambi-Sungai Bahar-Unit 5-001","Nama Anggota":"Ririn Novianty, S.E.","Jalur":"Komisi III","Alamat":"Desa Unit 5, Kecamatan Sungai Bahar, Kabupaten Muaro Jambi","Longitude":103.41906,"Latitude":-2.01034,"Tanggal Dokumentasi":"24/02/2026","Keterangan":"Desa Panca Bakti","Foto Survey Awal":"D:/011. ESDM/Penerangan Jalan Umum Tenaga Surya 2026/2026/03. Foto/Muaro Jambi-Sungai Bahar-Unit 5-001.jpg"},"geometry":{"type":"Point","coordinates":[103.41906,-2.01034]}},{"type":"Feature","properties":{"fid":"53","Nomor":"Muaro Jambi-Sungai Bahar-Unit 5-002","Nama Anggota":"Ririn Novianty, S.E.","Jalur":"Komisi III","Alamat":"Desa Unit 5, Kecamatan Sungai Bahar, Kabupaten Muaro Jambi","Longitude":103.41333,"Latitude":-2.01028,"Tanggal Dokumentasi":"24/02/2026","Keterangan":"Desa Panca Bakti","Foto Survey Awal":"D:/011. ESDM/Penerangan Jalan Umum Tenaga Surya 2026/2026/03. Foto/Muaro Jambi-Sungai Bahar-Unit 5-002.jpg"},"geometry":{"type":"Point","coordinates":[103.41333,-2.01028]}},{"type":"Feature","properties":{"fid":"54","Nomor":"Muaro Jambi-Sungai Bahar-Unit 5-003","Nama Anggota":"Ririn Novianty, S.E.","Jalur":"Komisi III","Alamat":"Desa Unit 5, Kecamatan Sungai Bahar, Kabupaten Muaro Jambi","Longitude":103.42179,"Latitude":-2.01063,"Tanggal Dokumentasi":"24/02/2026","Keterangan":"Desa Panca Bakti","Foto Survey Awal":"D:/011. ESDM/Penerangan Jalan Umum Tenaga Surya 2026/2026/03. Foto/Muaro Jambi-Sungai Bahar-Unit 5-003.jpg"},"geometry":{"type":"Point","coordinates":[103.42179,-2.01063]}},{"type":"Feature","properties":{"fid":"55","Nomor":"Muaro Jambi-Sungai Bahar-Unit 5-004","Nama Anggota":"Ririn Novianty, S.E.","Jalur":"Komisi III","Alamat":"Desa Unit 5, Kecamatan Sungai Bahar, Kabupaten Muaro Jambi","Longitude":103.42234,"Latitude":-2.00658,"Tanggal Dokumentasi":"24/02/2026","Keterangan":"Desa Panca Bakti","Foto Survey Awal":"D:/011. ESDM/Penerangan Jalan Umum Tenaga Surya 2026/2026/03. Foto/Muaro Jambi-Sungai Bahar-Unit 5-004.jpg"},"geometry":{"type":"Point","coordinates":[103.42234,-2.00658]}},{"type":"Feature","properties":{"fid":"56","Nomor":"Muaro Jambi-Sungai Bahar-Unit 5-005","Nama Anggota":"Ririn Novianty, S.E.","Jalur":"Komisi III","Alamat":"Desa Unit 5, Kecamatan Sungai Bahar, Kabupaten Muaro Jambi","Longitude":103.42738,"Latitude":-2.00874,"Tanggal Dokumentasi":"24/02/2026","Keterangan":"Desa Panca Bakti","Foto Survey Awal":"D:/011. ESDM/Penerangan Jalan Umum Tenaga Surya 2026/2026/03. Foto/Muaro Jambi-Sungai Bahar-Unit 5-005.jpg"},"geometry":{"type":"Point","coordinates":[103.42738,-2.00874]}},{"type":"Feature","properties":{"fid":"57","Nomor":"MUARO BUNGO-SEPENGGAL LINTAS-LUBUK LANDAI-001","Nama Anggota":"Hambali","Jalur":"Komisi III","Alamat":"Desa Lubuk Landai, Kecamatan Sepenggal Lintas, Kabupaten Muaro Bungo","Longitude":101.953327,"Latitude":-1.401249,"Tanggal Dokumentasi":"12/02/2026","Keterangan":"Kampung lambung RT.12","Foto Survey Awal":"D:/011. ESDM/Penerangan Jalan Umum Tenaga Surya 2026/2026/03. Foto/MUARO BUNGO-SEPENGGAL LINTAS-LUBUK LANDAI-001.jpg"},"geometry":{"type":"Point","coordinates":[101.953327,-1.401249]}},{"type":"Feature","properties":{"fid":"58","Nomor":"MUARO BUNGO-SEPENGGAL LINTAS-LUBUK LANDAI-002","Nama Anggota":"Hambali","Jalur":"Komisi III","Alamat":"Desa Lubuk Landai, Kecamatan Sepenggal Lintas, Kabupaten Muaro Bungo","Longitude":101.953416,"Latitude":-1.400867,"Tanggal Dokumentasi":"12/02/2026","Keterangan":"Kampung lambung RT.12 depan rmh Jup","Foto Survey Awal":"D:/011. ESDM/Penerangan Jalan Umum Tenaga Surya 2026/2026/03. Foto/MUARO BUNGO-SEPENGGAL LINTAS-LUBUK LANDAI-002.jpg"},"geometry":{"type":"Point","coordinates":[101.953416,-1.400867]}},{"type":"Feature","properties":{"fid":"59","Nomor":"MUARO BUNGO-SEPENGGAL LINTAS-LUBUK LANDAI-003","Nama Anggota":"Hambali","Jalur":"Komisi III","Alamat":"Desa Lubuk Landai, Kecamatan Sepenggal Lintas, Kabupaten Muaro Bungo","Longitude":101.95341,"Latitude":-1.400872,"Tanggal Dokumentasi":"12/02/2026","Keterangan":"Persimpangan Kampung Lambung rt 12","Foto Survey Awal":"D:/011. ESDM/Penerangan Jalan Umum Tenaga Surya 2026/2026/03. Foto/MUARO BUNGO-SEPENGGAL LINTAS-LUBUK LANDAI-003.jpg"},"geometry":{"type":"Point","coordinates":[101.95341,-1.400872]}},{"type":"Feature","properties":{"fid":"60","Nomor":"MUARO BUNGO-SEPENGGAL LINTAS-LUBUK LANDAI-004","Nama Anggota":"Hambali","Jalur":"Komisi III","Alamat":"Desa Lubuk Landai, Kecamatan Sepenggal Lintas, Kabupaten Muaro Bungo","Longitude":101.9358,"Latitude":-1.39937,"Tanggal Dokumentasi":"12/02/2026","Keterangan":"Depan Musholla Rt.01","Foto Survey Awal":"D:/011. ESDM/Penerangan Jalan Umum Tenaga Surya 2026/2026/03. Foto/MUARO BUNGO-SEPENGGAL LINTAS-LUBUK LANDAI-004.jpg"},"geometry":{"type":"Point","coordinates":[101.9358,-1.39937]}},{"type":"Feature","properties":{"fid":"61","Nomor":"MUARO BUNGO-SEPENGGAL LINTAS-LUBUK LANDAI-005","Nama Anggota":"Hambali","Jalur":"Komisi III","Alamat":"Desa Lubuk Landai, Kecamatan Sepenggal Lintas, Kabupaten Muaro Bungo","Longitude":101.93525,"Latitude":-1.39936,"Tanggal Dokumentasi":"12/02/2026","Keterangan":"Depan Madrash Bungo Tanjung RT 01","Foto Survey Awal":"D:/011. ESDM/Penerangan Jalan Umum Tenaga Surya 2026/2026/03. Foto/MUARO BUNGO-SEPENGGAL LINTAS-LUBUK LANDAI-005.jpg"},"geometry":{"type":"Point","coordinates":[101.93525,-1.39936]}},{"type":"Feature","properties":{"fid":"62","Nomor":"MUARO BUNGO-SEPENGGAL LINTAS-LUBUK LANDAI-006","Nama Anggota":"Hambali","Jalur":"Komisi III","Alamat":"Desa Lubuk Landai, Kecamatan Sepenggal Lintas, Kabupaten Muaro Bungo","Longitude":101.94049,"Latitude":-1.39954,"Tanggal Dokumentasi":"12/02/2026","Keterangan":"Tepian Musholla Fastabiqul Khoirot","Foto Survey Awal":"D:/011. ESDM/Penerangan Jalan Umum Tenaga Surya 2026/2026/03. Foto/MUARO BUNGO-SEPENGGAL LINTAS-LUBUK LANDAI-006.jpg"},"geometry":{"type":"Point","coordinates":[101.94049,-1.39954]}},{"type":"Feature","properties":{"fid":"63","Nomor":"MUARO BUNGO-SEPENGGAL LINTAS-LUBUK LANDAI-007","Nama Anggota":"Hambali","Jalur":"Komisi III","Alamat":"Desa Lubuk Landai, Kecamatan Sepenggal Lintas, Kabupaten Muaro Bungo","Longitude":101.94316,"Latitude":-1.38905,"Tanggal Dokumentasi":"12/02/2026","Keterangan":"Jl.Pondok Ustad Hadi 1","Foto Survey Awal":"D:/011. ESDM/Penerangan Jalan Umum Tenaga Surya 2026/2026/03. Foto/MUARO BUNGO-SEPENGGAL LINTAS-LUBUK LANDAI-007.jpg"},"geometry":{"type":"Point","coordinates":[101.94316,-1.38905]}},{"type":"Feature","properties":{"fid":"64","Nomor":"MUARO BUNGO-SEPENGGAL LINTAS-LUBUK LANDAI-008","Nama Anggota":"Hambali","Jalur":"Komisi III","Alamat":"Desa Lubuk Landai, Kecamatan Sepenggal Lintas, Kabupaten Muaro Bungo","Longitude":101.94309,"Latitude":-1.39106,"Tanggal Dokumentasi":"12/02/2026","Keterangan":"Jl.Pondok Ustad Hadi 2","Foto Survey Awal":"D:/011. ESDM/Penerangan Jalan Umum Tenaga Surya 2026/2026/03. Foto/MUARO BUNGO-SEPENGGAL LINTAS-LUBUK LANDAI-008.jpg"},"geometry":{"type":"Point","coordinates":[101.94309,-1.39106]}},{"type":"Feature","properties":{"fid":"65","Nomor":"MUARO BUNGO-SEPENGGAL LINTAS-LUBUK LANDAI-009","Nama Anggota":"Hambali","Jalur":"Komisi III","Alamat":"Desa Lubuk Landai, Kecamatan Sepenggal Lintas, Kabupaten Muaro Bungo","Longitude":101.94226,"Latitude":-1.39525,"Tanggal Dokumentasi":"12/02/2026","Keterangan":"Jl.Pondok Ustad Hadi 3","Foto Survey Awal":"D:/011. ESDM/Penerangan Jalan Umum Tenaga Surya 2026/2026/03. Foto/MUARO BUNGO-SEPENGGAL LINTAS-LUBUK LANDAI-009.jpg"},"geometry":{"type":"Point","coordinates":[101.94226,-1.39525]}},{"type":"Feature","properties":{"fid":"66","Nomor":"MUARO BUNGO-SEPENGGAL LINTAS-LUBUK LANDAI-010","Nama Anggota":"Hambali","Jalur":"Komisi III","Alamat":"Desa Lubuk Landai, Kecamatan Sepenggal Lintas, Kabupaten Muaro Bungo","Longitude":101.9438,"Latitude":-1.39864,"Tanggal Dokumentasi":"12/02/2026","Keterangan":"Depan Rumah Pak Hambali (Dewan)","Foto Survey Awal":"D:/011. ESDM/Penerangan Jalan Umum Tenaga Surya 2026/2026/03. Foto/MUARO BUNGO-SEPENGGAL LINTAS-LUBUK LANDAI-010.jpg"},"geometry":{"type":"Point","coordinates":[101.9438,-1.39864]}},{"type":"Feature","properties":{"fid":"67","Nomor":"MUARO BUNGO-SEPENGGAL LINTAS-LUBUK LANDAI-011","Nama Anggota":"Hambali","Jalur":"Komisi III","Alamat":"Desa Lubuk Landai, Kecamatan Sepenggal Lintas, Kabupaten Muaro Bungo","Longitude":101.94368,"Latitude":-1.39746,"Tanggal Dokumentasi":"12/02/2026","Keterangan":"Belakang Smp 7 Dekat Rmh Waw Rani","Foto Survey Awal":"D:/011. ESDM/Penerangan Jalan Umum Tenaga Surya 2026/2026/03. Foto/MUARO BUNGO-SEPENGGAL LINTAS-LUBUK LANDAI-011.jpg"},"geometry":{"type":"Point","coordinates":[101.94368,-1.39746]}},{"type":"Feature","properties":{"fid":"68","Nomor":"MUARO BUNGO-SEPENGGAL LINTAS-LUBUK LANDAI-012","Nama Anggota":"Hambali","Jalur":"Komisi III","Alamat":"Desa Lubuk Landai, Kecamatan Sepenggal Lintas, Kabupaten Muaro Bungo","Longitude":101.9441,"Latitude":-1.39853,"Tanggal Dokumentasi":"12/02/2026","Keterangan":"Lapangan Bola Rmh Indun Piyan","Foto Survey Awal":"D:/011. ESDM/Penerangan Jalan Umum Tenaga Surya 2026/2026/03. Foto/MUARO BUNGO-SEPENGGAL LINTAS-LUBUK LANDAI-012.jpg"},"geometry":{"type":"Point","coordinates":[101.9441,-1.39853]}},{"type":"Feature","properties":{"fid":"69","Nomor":"MUARO BUNGO-SEPENGGAL LINTAS-LUBUK LANDAI-013","Nama Anggota":"Hambali","Jalur":"Komisi III","Alamat":"Desa Lubuk Landai, Kecamatan Sepenggal Lintas, Kabupaten Muaro Bungo","Longitude":101.94492,"Latitude":-1.40239,"Tanggal Dokumentasi":"12/02/2026","Keterangan":"Tepian Ilyas Tipeng RT 03","Foto Survey Awal":"D:/011. ESDM/Penerangan Jalan Umum Tenaga Surya 2026/2026/03. Foto/MUARO BUNGO-SEPENGGAL LINTAS-LUBUK LANDAI-013.jpg"},"geometry":{"type":"Point","coordinates":[101.94492,-1.40239]}},{"type":"Feature","properties":{"fid":"70","Nomor":"MUARO BUNGO-SEPENGGAL LINTAS-LUBUK LANDAI-014","Nama Anggota":"Hambali","Jalur":"Komisi III","Alamat":"Desa Lubuk Landai, Kecamatan Sepenggal Lintas, Kabupaten Muaro Bungo","Longitude":101.94585,"Latitude":-1.40246,"Tanggal Dokumentasi":"12/02/2026","Keterangan":"Simpg.lapangan Cross","Foto Survey Awal":"D:/011. ESDM/Penerangan Jalan Umum Tenaga Surya 2026/2026/03. Foto/MUARO BUNGO-SEPENGGAL LINTAS-LUBUK LANDAI-014.jpg"},"geometry":{"type":"Point","coordinates":[101.94585,-1.40246]}},{"type":"Feature","properties":{"fid":"71","Nomor":"MUARO BUNGO-SEPENGGAL LINTAS-LUBUK LANDAI-015","Nama Anggota":"Hambali","Jalur":"Komisi III","Alamat":"Desa Lubuk Landai, Kecamatan Sepenggal Lintas, Kabupaten Muaro Bungo","Longitude":101.94615,"Latitude":-1.4006,"Tanggal Dokumentasi":"12/02/2026","Keterangan":"Musholla H.Muzar","Foto Survey Awal":"D:/011. ESDM/Penerangan Jalan Umum Tenaga Surya 2026/2026/03. Foto/MUARO BUNGO-SEPENGGAL LINTAS-LUBUK LANDAI-015.jpg"},"geometry":{"type":"Point","coordinates":[101.94615,-1.4006]}},{"type":"Feature","properties":{"fid":"72","Nomor":"MUARO BUNGO-SEPENGGAL LINTAS-LUBUK LANDAI-016","Nama Anggota":"Hambali","Jalur":"Komisi III","Alamat":"Desa Lubuk Landai, Kecamatan Sepenggal Lintas, Kabupaten Muaro Bungo","Longitude":101.94306,"Latitude":-1.39994,"Tanggal Dokumentasi":"12/02/2026","Keterangan":"Depan Rmh Apsul Rt.03","Foto Survey Awal":"D:/011. ESDM/Penerangan Jalan Umum Tenaga Surya 2026/2026/03. Foto/MUARO BUNGO-SEPENGGAL LINTAS-LUBUK LANDAI-016.jpg"},"geometry":{"type":"Point","coordinates":[101.94306,-1.39994]}},{"type":"Feature","properties":{"fid":"73","Nomor":"MUARO BUNGO-SEPENGGAL LINTAS-LUBUK LANDAI-017","Nama Anggota":"Hambali","Jalur":"Komisi III","Alamat":"Desa Lubuk Landai, Kecamatan Sepenggal Lintas, Kabupaten Muaro Bungo","Longitude":101.94128,"Latitude":-1.39985,"Tanggal Dokumentasi":"12/02/2026","Keterangan":"Depan Rumah Kepala Kampung Rt.02","Foto Survey Awal":"D:/011. ESDM/Penerangan Jalan Umum Tenaga Surya 2026/2026/03. Foto/MUARO BUNGO-SEPENGGAL LINTAS-LUBUK LANDAI-017.jpg"},"geometry":{"type":"Point","coordinates":[101.94128,-1.39985]}},{"type":"Feature","properties":{"fid":"74","Nomor":"MUARO BUNGO-SEPENGGAL LINTAS-LUBUK LANDAI-018","Nama Anggota":"Hambali","Jalur":"Komisi III","Alamat":"Desa Lubuk Landai, Kecamatan Sepenggal Lintas, Kabupaten Muaro Bungo","Longitude":101.93976,"Latitude":-1.3984,"Tanggal Dokumentasi":"12/02/2026","Keterangan":"Depan Rumah Ismail Lorong Masjid RT 01","Foto Survey Awal":"D:/011. ESDM/Penerangan Jalan Umum Tenaga Surya 2026/2026/03. Foto/MUARO BUNGO-SEPENGGAL LINTAS-LUBUK LANDAI-018.jpg"},"geometry":{"type":"Point","coordinates":[101.93976,-1.3984]}},{"type":"Feature","properties":{"fid":"75","Nomor":"MUARO BUNGO-SEPENGGAL LINTAS-LUBUK LANDAI-019","Nama Anggota":"Hambali","Jalur":"Komisi III","Alamat":"Desa Lubuk Landai, Kecamatan Sepenggal Lintas, Kabupaten Muaro Bungo","Longitude":101.94668,"Latitude":-1.399422,"Tanggal Dokumentasi":"12/02/2026","Keterangan":"Jl.di belakang Rmh Ishak Balok","Foto Survey Awal":"D:/011. ESDM/Penerangan Jalan Umum Tenaga Surya 2026/2026/03. Foto/MUARO BUNGO-SEPENGGAL LINTAS-LUBUK LANDAI-019.jpg"},"geometry":{"type":"Point","coordinates":[101.94668,-1.399422]}},{"type":"Feature","properties":{"fid":"76","Nomor":"MUARO BUNGO-SEPENGGAL LINTAS-LUBUK LANDAI-020","Nama Anggota":"Hambali","Jalur":"Komisi III","Alamat":"Desa Lubuk Landai, Kecamatan Sepenggal Lintas, Kabupaten Muaro Bungo","Longitude":101.94794,"Latitude":-1.40192,"Tanggal Dokumentasi":"12/02/2026","Keterangan":"Kampung Kapas Rt.07","Foto Survey Awal":"D:/011. ESDM/Penerangan Jalan Umum Tenaga Surya 2026/2026/03. Foto/MUARO BUNGO-SEPENGGAL LINTAS-LUBUK LANDAI-020.jpg"},"geometry":{"type":"Point","coordinates":[101.94794,-1.40192]}},{"type":"Feature","properties":{"fid":"77","Nomor":"MUARO BUNGO-SEPENGGAL LINTAS-TANAH BEKALI-001","Nama Anggota":"Mustaharuddin, S.E.","Jalur":"Komisi III","Alamat":"Desa Tanah Bekali, Kecamatan Sepenggal Lintas, Kabupaten Muaro Bungo","Longitude":101.95614,"Latitude":-1.42075,"Tanggal Dokumentasi":"12/02/2026","Keterangan":"Tempat Pemakaman Desa Bekali","Foto Survey Awal":"D:/011. ESDM/Penerangan Jalan Umum Tenaga Surya 2026/2026/03. Foto/MUARO BUNGO-SEPENGGAL LINTAS-TANAH BEKALI-001.jpg"},"geometry":{"type":"Point","coordinates":[101.95614,-1.42075]}},{"type":"Feature","properties":{"fid":"78","Nomor":"MUARO BUNGO-SEPENGGAL LINTAS-TANAH BEKALI-002","Nama Anggota":"Mustaharuddin, S.E.","Jalur":"Komisi III","Alamat":"Desa Tanah Bekali, Kecamatan Sepenggal Lintas, Kabupaten Muaro Bungo","Longitude":101.95798,"Latitude":-1.42008,"Tanggal Dokumentasi":"12/02/2026","Keterangan":"Jl.Alternatip Pengembangan Desa","Foto Survey Awal":"D:/011. ESDM/Penerangan Jalan Umum Tenaga Surya 2026/2026/03. Foto/MUARO BUNGO-SEPENGGAL LINTAS-TANAH BEKALI-002.jpg"},"geometry":{"type":"Point","coordinates":[101.95798,-1.42008]}},{"type":"Feature","properties":{"fid":"79","Nomor":"MUARO BUNGO-SEPENGGAL LINTAS-TANAH BEKALI-003","Nama Anggota":"Mustaharuddin, S.E.","Jalur":"Komisi III","Alamat":"Desa Tanah Bekali, Kecamatan Sepenggal Lintas, Kabupaten Muaro Bungo","Longitude":101.95969,"Latitude":-1.4193,"Tanggal Dokumentasi":"12/02/2026","Keterangan":"Depan Rumah Rio Bustami","Foto Survey Awal":"D:/011. ESDM/Penerangan Jalan Umum Tenaga Surya 2026/2026/03. Foto/MUARO BUNGO-SEPENGGAL LINTAS-TANAH BEKALI-003.jpg"},"geometry":{"type":"Point","coordinates":[101.95969,-1.4193]}},{"type":"Feature","properties":{"fid":"80","Nomor":"TANJUNG JABUNG BARAT-SENYERANG-SUNGAI KAYU ARO-005","Nama Anggota":"Ahmad Jahfar, S.H.","Jalur":"Komisi III","Alamat":"Desa Sungai Kayu Aro, Kecamatan Senyerang, Kabupaten Tanjung Jabung Barat","Longitude":103.13523,"Latitude":-0.75725,"Tanggal Dokumentasi":"04/03/2026","Keterangan":"Musholla Parit 6 RT 10","Foto Survey Awal":"D:/011. ESDM/Penerangan Jalan Umum Tenaga Surya 2026/2026/03. Foto/TANJUNG JABUNG BARAT-SENYERANG-SUNGAI KAYU ARO-005.jpg"},"geometry":{"type":"Point","coordinates":[103.13523,-0.75725]}},{"type":"Feature","properties":{"fid":"81","Nomor":"TANJUNG JABUNG BARAT-SENYERANG-SUNGAI KAYU ARO-004","Nama Anggota":"Ahmad Jahfar, S.H.","Jalur":"Komisi III","Alamat":"Desa Sungai Kayu Aro, Kecamatan Senyerang, Kabupaten Tanjung Jabung Barat","Longitude":103.13518,"Latitude":-0.75752,"Tanggal Dokumentasi":"04/03/2026","Keterangan":"Musholla Parit 6 RT 10","Foto Survey Awal":"D:/011. ESDM/Penerangan Jalan Umum Tenaga Surya 2026/2026/03. Foto/TANJUNG JABUNG BARAT-SENYERANG-SUNGAI KAYU ARO-004.jpg"},"geometry":{"type":"Point","coordinates":[103.13518,-0.75752]}},{"type":"Feature","properties":{"fid":"82","Nomor":"TANJUNG JABUNG BARAT-SENYERANG-SUNGAI KAYU ARO-003","Nama Anggota":"Ahmad Jahfar, S.H.","Jalur":"Komisi III","Alamat":"Desa Sungai Kayu Aro, Kecamatan Senyerang, Kabupaten Tanjung Jabung Barat","Longitude":103.13479,"Latitude":-0.7605,"Tanggal Dokumentasi":"04/03/2026","Keterangan":"Musholla Parit 6 RT 10","Foto Survey Awal":"D:/011. ESDM/Penerangan Jalan Umum Tenaga Surya 2026/2026/03. Foto/TANJUNG JABUNG BARAT-SENYERANG-SUNGAI KAYU ARO-003.jpg"},"geometry":{"type":"Point","coordinates":[103.13479,-0.7605]}},{"type":"Feature","properties":{"fid":"83","Nomor":"TANJUNG JABUNG BARAT-SENYERANG-SUNGAI KAYU ARO-002","Nama Anggota":"Ahmad Jahfar, S.H.","Jalur":"Komisi III","Alamat":"Desa Sungai Kayu Aro, Kecamatan Senyerang, Kabupaten Tanjung Jabung Barat","Longitude":103.13467,"Latitude":-0.76245,"Tanggal Dokumentasi":"04/03/2026","Keterangan":"Musholla Parit 6 RT 10","Foto Survey Awal":"D:/011. ESDM/Penerangan Jalan Umum Tenaga Surya 2026/2026/03. Foto/TANJUNG JABUNG BARAT-SENYERANG-SUNGAI KAYU ARO-002.jpg"},"geometry":{"type":"Point","coordinates":[103.13467,-0.76245]}},{"type":"Feature","properties":{"fid":"84","Nomor":"TANJUNG JABUNG BARAT-SENYERANG-SUNGAI KAYU ARO-001","Nama Anggota":"Ahmad Jahfar, S.H.","Jalur":"Komisi III","Alamat":"Desa Sungai Kayu Aro, Kecamatan Senyerang, Kabupaten Tanjung Jabung Barat","Longitude":103.1339,"Latitude":-0.77143,"Tanggal Dokumentasi":"04/03/2026","Keterangan":"Musholla Parit 6 RT 10","Foto Survey Awal":"D:/011. ESDM/Penerangan Jalan Umum Tenaga Surya 2026/2026/03. Foto/TANJUNG JABUNG BARAT-SENYERANG-SUNGAI KAYU ARO-001.jpg"},"geometry":{"type":"Point","coordinates":[103.1339,-0.77143]}},{"type":"Feature","properties":{"fid":"85","Nomor":"TANJUNG JABUNG BARAT-BATANG ASAM-DUSUN KEBUN-002","Nama Anggota":"Ahmad Jahfar, S.H.","Jalur":"Komisi III","Alamat":"Desa Dusun Kebun, Kecamatan Batang Asam, Kabupaten Tanjung Jabung Barat","Longitude":102.96432,"Latitude":-1.0674,"Tanggal Dokumentasi":"04/03/2026","Keterangan":null,"Foto Survey Awal":"D:/011. ESDM/Penerangan Jalan Umum Tenaga Surya 2026/2026/03. Foto/TANJUNG JABUNG BARAT-BATANG ASAM-DUSUN KEBUN-002.jpg"},"geometry":{"type":"Point","coordinates":[102.96432,-1.0674]}},{"type":"Feature","properties":{"fid":"86","Nomor":"TANJUNG JABUNG BARAT-BATANG ASAM-DUSUN KEBUN-001","Nama Anggota":"Ahmad Jahfar, S.H.","Jalur":"Komisi III","Alamat":"Desa Dusun Kebun, Kecamatan Batang Asam, Kabupaten Tanjung Jabung Barat","Longitude":102.96438,"Latitude":-1.06733,"Tanggal Dokumentasi":"04/03/2026","Keterangan":null,"Foto Survey Awal":"D:/011. ESDM/Penerangan Jalan Umum Tenaga Surya 2026/2026/03. Foto/TANJUNG JABUNG BARAT-BATANG ASAM-DUSUN KEBUN-001.jpg"},"geometry":{"type":"Point","coordinates":[102.96438,-1.06733]}},{"type":"Feature","properties":{"fid":"87","Nomor":"TANJUNG JABUNG BARAT-TEBING TINGGI-TEBING TINGGI-005","Nama Anggota":"Ahmad Jahfar, S.H.","Jalur":"Komisi III","Alamat":"Desa Tebing Tinggi, Kecamatan Tebing Tinggi, Kabupaten Tanjung Jabung Barat","Longitude":103.0417,"Latitude":-0.99346,"Tanggal Dokumentasi":"04/03/2026","Keterangan":"Dusun Teluk Bengkah","Foto Survey Awal":"D:/011. ESDM/Penerangan Jalan Umum Tenaga Surya 2026/2026/03. Foto/TANJUNG JABUNG BARAT-TEBING TINGGI-TEBING TINGGI-005.jpg"},"geometry":{"type":"Point","coordinates":[103.0417,-0.99346]}},{"type":"Feature","properties":{"fid":"88","Nomor":"TANJUNG JABUNG BARAT-TEBING TINGGI-TEBING TINGGI-004","Nama Anggota":"Ahmad Jahfar, S.H.","Jalur":"Komisi III","Alamat":"Desa Tebing Tinggi, Kecamatan Tebing Tinggi, Kabupaten Tanjung Jabung Barat","Longitude":103.0541,"Latitude":-1.00366,"Tanggal Dokumentasi":"04/03/2026","Keterangan":"Dusun Teluk Bengkah","Foto Survey Awal":"D:/011. ESDM/Penerangan Jalan Umum Tenaga Surya 2026/2026/03. Foto/TANJUNG JABUNG BARAT-TEBING TINGGI-TEBING TINGGI-004.jpg"},"geometry":{"type":"Point","coordinates":[103.0541,-1.00366]}},{"type":"Feature","properties":{"fid":"89","Nomor":"TANJUNG JABUNG BARAT-TEBING TINGGI-TEBING TINGGI-003","Nama Anggota":"Ahmad Jahfar, S.H.","Jalur":"Komisi III","Alamat":"Desa Tebing Tinggi, Kecamatan Tebing Tinggi, Kabupaten Tanjung Jabung Barat","Longitude":103.05402,"Latitude":-0.99596,"Tanggal Dokumentasi":"04/03/2026","Keterangan":"Dusun Teluk Bengkah","Foto Survey Awal":"D:/011. ESDM/Penerangan Jalan Umum Tenaga Surya 2026/2026/03. Foto/TANJUNG JABUNG BARAT-TEBING TINGGI-TEBING TINGGI-003.jpg"},"geometry":{"type":"Point","coordinates":[103.05402,-0.99596]}},{"type":"Feature","properties":{"fid":"90","Nomor":"TANJUNG JABUNG BARAT-TEBING TINGGI-TEBING TINGGI-002","Nama Anggota":"Ahmad Jahfar, S.H.","Jalur":"Komisi III","Alamat":"Desa Tebing Tinggi, Kecamatan Tebing Tinggi, Kabupaten Tanjung Jabung Barat","Longitude":103.05131,"Latitude":-0.98611,"Tanggal Dokumentasi":"04/03/2026","Keterangan":"Dusun Teluk Bengkah","Foto Survey Awal":"D:/011. ESDM/Penerangan Jalan Umum Tenaga Surya 2026/2026/03. Foto/TANJUNG JABUNG BARAT-TEBING TINGGI-TEBING TINGGI-002.jpg"},"geometry":{"type":"Point","coordinates":[103.05131,-0.98611]}},{"type":"Feature","properties":{"fid":"91","Nomor":"TANJUNG JABUNG BARAT-TEBING TINGGI-TEBING TINGGI-001","Nama Anggota":"Ahmad Jahfar, S.H.","Jalur":"Komisi III","Alamat":"Desa Tebing Tinggi, Kecamatan Tebing Tinggi, Kabupaten Tanjung Jabung Barat","Longitude":103.05135,"Latitude":-0.9913,"Tanggal Dokumentasi":"04/03/2026","Keterangan":"Dusun Teluk Bengkah","Foto Survey Awal":"D:/011. ESDM/Penerangan Jalan Umum Tenaga Surya 2026/2026/03. Foto/TANJUNG JABUNG BARAT-TEBING TINGGI-TEBING TINGGI-001.jpg"},"geometry":{"type":"Point","coordinates":[103.05135,-0.9913]}},{"type":"Feature","properties":{"fid":"93","Nomor":"MERANGIN-PAMENANG BARAT-LIMBUR-001","Nama Anggota":"Syafaruddin","Jalur":"Komisi III","Alamat":"Desa Limbur Merangin, Kecamatan Pamenang Barat, Kabupaten Merangin","Longitude":102.42463,"Latitude":-2.04675,"Tanggal Dokumentasi":"27/02/2026","Keterangan":"Jl. Raya Bangko-Kerinci","Foto Survey Awal":"D:/011. ESDM/Penerangan Jalan Umum Tenaga Surya 2026/2026/03. Foto/MERANGIN-PAMENANG BARAT-LIMBUR-001.jpg"},"geometry":{"type":"Point","coordinates":[102.42463,-2.04675]}},{"type":"Feature","properties":{"fid":"96","Nomor":"MERANGIN-PAMENANG BARAT-PAPIT-001","Nama Anggota":"Syafaruddin","Jalur":"Komisi III","Alamat":"Desa Papit, Kecamatan Pamenang Barat, Kabupaten Merangin","Longitude":102.45788,"Latitude":-2.06018,"Tanggal Dokumentasi":"27/02/2026","Keterangan":"Jl. Lintas Sumatera","Foto Survey Awal":"D:/011. ESDM/Penerangan Jalan Umum Tenaga Surya 2026/2026/03. Foto/MERANGIN-PAMENANG BARAT-PAPIT-001.jpg"},"geometry":{"type":"Point","coordinates":[102.45788,-2.06018]}},{"type":"Feature","properties":{"fid":"97","Nomor":"MERANGIN-PAMENANG BARAT-PAPIT-002","Nama Anggota":"Syafaruddin","Jalur":"Komisi III","Alamat":"Desa Papit, Kecamatan Pamenang Barat, Kabupaten Merangin","Longitude":102.45693,"Latitude":-2.07181,"Tanggal Dokumentasi":"27/02/2026","Keterangan":null,"Foto Survey Awal":"D:/011. ESDM/Penerangan Jalan Umum Tenaga Surya 2026/2026/03. Foto/MERANGIN-PAMENANG BARAT-PAPIT-002.jpg"},"geometry":{"type":"Point","coordinates":[102.45693,-2.07181]}},{"type":"Feature","properties":{"fid":"107","Nomor":"MERANGIN-PAMENANG-PAMENANG-001","Nama Anggota":"Syafaruddin","Jalur":"Komisi III","Alamat":"Kel. Pamenang, Kecamatan Pamenang, Kabupaten Merangin","Longitude":102.5171,"Latitude":-2.11473,"Tanggal Dokumentasi":"27/02/2026","Keterangan":null,"Foto Survey Awal":"D:/011. ESDM/Penerangan Jalan Umum Tenaga Surya 2026/2026/03. Foto/MERANGIN-PAMENANG-PAMENANG-001.jpg"},"geometry":{"type":"Point","coordinates":[102.5171,-2.11473]}},{"type":"Feature","properties":{"fid":"110","Nomor":"MERANGIN-PAMENANG-PAMENANG-003","Nama Anggota":"Syafaruddin","Jalur":"Komisi III","Alamat":"Kel. Pamenang, Kecamatan Pamenang, Kabupaten Merangin","Longitude":102.51771,"Latitude":-2.11819,"Tanggal Dokumentasi":"27/02/2026","Keterangan":null,"Foto Survey Awal":"D:/011. ESDM/Penerangan Jalan Umum Tenaga Surya 2026/2026/03. Foto/MERANGIN-PAMENANG-PAMENANG-003.jpg"},"geometry":{"type":"Point","coordinates":[102.51771,-2.11819]}},{"type":"Feature","properties":{"fid":"111","Nomor":"MERANGIN-PAMENANG-PAMENANG-004","Nama Anggota":"Syafaruddin","Jalur":"Komisi III","Alamat":"Kel. Pamenang, Kecamatan Pamenang, Kabupaten Merangin","Longitude":102.51798,"Latitude":-2.11837,"Tanggal Dokumentasi":"27/02/2026","Keterangan":"JL. PUSKESMAS PAMENANG PASAR RT 31 RW 010 SAMPING, KANTOR PNPM","Foto Survey Awal":"D:/011. ESDM/Penerangan Jalan Umum Tenaga Surya 2026/2026/03. Foto/MERANGIN-PAMENANG-PAMENANG-004.jpg"},"geometry":{"type":"Point","coordinates":[102.51798,-2.11837]}},{"type":"Feature","properties":{"fid":"112","Nomor":"MERANGIN-PAMENANG-PAMENANG-002","Nama Anggota":"Syafaruddin","Jalur":"Komisi III","Alamat":"Kel. Pamenang, Kecamatan Pamenang, Kabupaten Merangin","Longitude":102.51773,"Latitude":-2.11797,"Tanggal Dokumentasi":"27/02/2026","Keterangan":"JL. PUSKESMAS PAMENANG PASAR RT 31 RW 010 SAMPING, KANTOR PNPM","Foto Survey Awal":"D:/011. ESDM/Penerangan Jalan Umum Tenaga Surya 2026/2026/03. Foto/MERANGIN-PAMENANG-PAMENANG-002.jpg"},"geometry":{"type":"Point","coordinates":[102.51773,-2.11797]}},{"type":"Feature","properties":{"fid":"116","Nomor":"MERANGIN-PAMENANG BARAT-TANJUNG GEDANG-002","Nama Anggota":"Syafaruddin","Jalur":"Komisi III","Alamat":"Desa Tanjung Gedang, Kecamatan Pamenang Barat, Kabupaten Merangin","Longitude":102.58332,"Latitude":-2.13123,"Tanggal Dokumentasi":"27/02/2026","Keterangan":null,"Foto Survey Awal":"D:/011. ESDM/Penerangan Jalan Umum Tenaga Surya 2026/2026/03. Foto/MERANGIN-PAMENANG BARAT-TANJUNG GEDANG-002.jpg"},"geometry":{"type":"Point","coordinates":[102.58332,-2.13123]}},{"type":"Feature","properties":{"fid":"117","Nomor":"SAROLANGUN-BATANG ASAI-BATU EMPANG-001","Nama Anggota":"Gubernur Jambi","Jalur":"Gubernur","Alamat":"Desa Batu Empang, Kecamatan Batang Asai, Kabupaten Sarolangun","Longitude":102.234314,"Latitude":-2.626932,"Tanggal Dokumentasi":"28/02/2026","Keterangan":"Dusun Seladi","Foto Survey Awal":"D:/011. ESDM/Penerangan Jalan Umum Tenaga Surya 2026/2026/03. Foto/SAROLANGUN-BATANG ASAI-BATU EMPANG-001.jpg"},"geometry":{"type":"Point","coordinates":[102.234314,-2.626932]}},{"type":"Feature","properties":{"fid":"118","Nomor":"SAROLANGUN-BATANG ASAI-BATU EMPANG-002","Nama Anggota":"Gubernur Jambi","Jalur":"Gubernur","Alamat":"Desa Batu Empang, Kecamatan Batang Asai, Kabupaten Sarolangun","Longitude":102.234529,"Latitude":-2.627306,"Tanggal Dokumentasi":"28/02/2026","Keterangan":"Dusun Seladi","Foto Survey Awal":"D:/011. ESDM/Penerangan Jalan Umum Tenaga Surya 2026/2026/03. Foto/SAROLANGUN-BATANG ASAI-BATU EMPANG-002.jpg"},"geometry":{"type":"Point","coordinates":[102.234529,-2.627306]}},{"type":"Feature","properties":{"fid":"119","Nomor":"SAROLANGUN-BATANG ASAI-BATU EMPANG-003","Nama Anggota":"Gubernur Jambi","Jalur":"Gubernur","Alamat":"Desa Batu Empang, Kecamatan Batang Asai, Kabupaten Sarolangun","Longitude":102.234715,"Latitude":-2.627546,"Tanggal Dokumentasi":"28/02/2026","Keterangan":"Dusun Seladi","Foto Survey Awal":"D:/011. ESDM/Penerangan Jalan Umum Tenaga Surya 2026/2026/03. Foto/SAROLANGUN-BATANG ASAI-BATU EMPANG-003.jpg"},"geometry":{"type":"Point","coordinates":[102.234715,-2.627546]}},{"type":"Feature","properties":{"fid":"120","Nomor":"SAROLANGUN-BATANG ASAI-BATU EMPANG-004","Nama Anggota":"Gubernur Jambi","Jalur":"Gubernur","Alamat":"Desa Batu Empang, Kecamatan Batang Asai, Kabupaten Sarolangun","Longitude":102.235267,"Latitude":-2.62805,"Tanggal Dokumentasi":"28/02/2026","Keterangan":"Dusun Seladi","Foto Survey Awal":"D:/011. ESDM/Penerangan Jalan Umum Tenaga Surya 2026/2026/03. Foto/SAROLANGUN-BATANG ASAI-BATU EMPANG-004.jpg"},"geometry":{"type":"Point","coordinates":[102.235267,-2.62805]}},{"type":"Feature","properties":{"fid":"121","Nomor":"SAROLANGUN-BATANG ASAI-BATU EMPANG-005","Nama Anggota":"Gubernur Jambi","Jalur":"Gubernur","Alamat":"Desa Batu Empang, Kecamatan Batang Asai, Kabupaten Sarolangun","Longitude":102.23543,"Latitude":-2.627897,"Tanggal Dokumentasi":"28/02/2026","Keterangan":"Dusun Seladi","Foto Survey Awal":"D:/011. ESDM/Penerangan Jalan Umum Tenaga Surya 2026/2026/03. Foto/SAROLANGUN-BATANG ASAI-BATU EMPANG-005.jpg"},"geometry":{"type":"Point","coordinates":[102.23543,-2.627897]}},{"type":"Feature","properties":{"fid":"122","Nomor":"SAROLANGUN-BATANG ASAI-BATU EMPANG-006","Nama Anggota":"Gubernur Jambi","Jalur":"Gubernur","Alamat":"Desa Batu Empang, Kecamatan Batang Asai, Kabupaten Sarolangun","Longitude":102.23543,"Latitude":-2.627897,"Tanggal Dokumentasi":"28/02/2026","Keterangan":"Dusun Seladi","Foto Survey Awal":"D:/011. ESDM/Penerangan Jalan Umum Tenaga Surya 2026/2026/03. Foto/SAROLANGUN-BATANG ASAI-BATU EMPANG-006.jpg"},"geometry":{"type":"Point","coordinates":[102.23543,-2.627897]}},{"type":"Feature","properties":{"fid":"123","Nomor":"SAROLANGUN-BATANG ASAI-BATU EMPANG-007","Nama Anggota":"Gubernur Jambi","Jalur":"Gubernur","Alamat":"Desa Batu Empang, Kecamatan Batang Asai, Kabupaten Sarolangun","Longitude":102.235392,"Latitude":-2.627876,"Tanggal Dokumentasi":"28/02/2026","Keterangan":"Dusun Seladi","Foto Survey Awal":"D:/011. ESDM/Penerangan Jalan Umum Tenaga Surya 2026/2026/03. Foto/SAROLANGUN-BATANG ASAI-BATU EMPANG-007.jpg"},"geometry":{"type":"Point","coordinates":[102.235392,-2.627876]}},{"type":"Feature","properties":{"fid":"124","Nomor":"SAROLANGUN-BATANG ASAI-BATU EMPANG-008","Nama Anggota":"Gubernur Jambi","Jalur":"Gubernur","Alamat":"Desa Batu Empang, Kecamatan Batang Asai, Kabupaten Sarolangun","Longitude":102.234994,"Latitude":-2.62745,"Tanggal Dokumentasi":"28/02/2026","Keterangan":"Dusun Seladi","Foto Survey Awal":"D:/011. ESDM/Penerangan Jalan Umum Tenaga Surya 2026/2026/03. Foto/SAROLANGUN-BATANG ASAI-BATU EMPANG-008.jpg"},"geometry":{"type":"Point","coordinates":[102.234994,-2.62745]}},{"type":"Feature","properties":{"fid":"125","Nomor":"SAROLANGUN-BATANG ASAI-BATU EMPANG-009","Nama Anggota":"Gubernur Jambi","Jalur":"Gubernur","Alamat":"Desa Batu Empang, Kecamatan Batang Asai, Kabupaten Sarolangun","Longitude":102.234956,"Latitude":-2.62723,"Tanggal Dokumentasi":"28/02/2026","Keterangan":"Dusun Seladi","Foto Survey Awal":"D:/011. ESDM/Penerangan Jalan Umum Tenaga Surya 2026/2026/03. Foto/SAROLANGUN-BATANG ASAI-BATU EMPANG-009.jpg"},"geometry":{"type":"Point","coordinates":[102.234956,-2.62723]}},{"type":"Feature","properties":{"fid":"126","Nomor":"SAROLANGUN-BATANG ASAI-BATU EMPANG-010","Nama Anggota":"Gubernur Jambi","Jalur":"Gubernur","Alamat":"Desa Batu Empang, Kecamatan Batang Asai, Kabupaten Sarolangun","Longitude":102.234637,"Latitude":-2.626321,"Tanggal Dokumentasi":"28/02/2026","Keterangan":"Dusun Seladi","Foto Survey Awal":"D:/011. ESDM/Penerangan Jalan Umum Tenaga Surya 2026/2026/03. Foto/SAROLANGUN-BATANG ASAI-BATU EMPANG-010.jpg"},"geometry":{"type":"Point","coordinates":[102.234637,-2.626321]}},{"type":"Feature","properties":{"fid":"127","Nomor":"TEBO-TEBO ILIR-BETUNG BEDARAH-001","Nama Anggota":"Mustaharuddin, S.E.","Jalur":"Komisi III","Alamat":"Desa Betung Bedarah, Kecamatan Tebo Ilir, Kabupaten Tebo","Longitude":102.65906,"Latitude":-1.55505,"Tanggal Dokumentasi":"26/02/2026","Keterangan":null,"Foto Survey Awal":"D:/011. ESDM/Penerangan Jalan Umum Tenaga Surya 2026/2026/03. Foto/TEBO-TEBO ILIR-BETUNG BEDARAH-001.jpg"},"geometry":{"type":"Point","coordinates":[102.65906,-1.55505]}},{"type":"Feature","properties":{"fid":"128","Nomor":"TEBO-TEBO ILIR-BETUNG BEDARAH-002","Nama Anggota":"Mustaharuddin, S.E.","Jalur":"Komisi III","Alamat":"Desa Betung Bedarah, Kecamatan Tebo Ilir, Kabupaten Tebo","Longitude":102.65899,"Latitude":-1.5543,"Tanggal Dokumentasi":"26/02/2026","Keterangan":null,"Foto Survey Awal":"D:/011. ESDM/Penerangan Jalan Umum Tenaga Surya 2026/2026/03. Foto/TEBO-TEBO ILIR-BETUNG BEDARAH-002.jpg"},"geometry":{"type":"Point","coordinates":[102.65899,-1.5543]}},{"type":"Feature","properties":{"fid":"129","Nomor":"TEBO-TENGAH ILIR-RANTAU API-001","Nama Anggota":"Mustaharuddin, S.E.","Jalur":"Komisi III","Alamat":"Desa Rantau Api, Kecamatan Tengah Ilir, Kabupaten Tebo","Longitude":102.6406,"Latitude":-1.51605,"Tanggal Dokumentasi":"26/02/2026","Keterangan":null,"Foto Survey Awal":"D:/011. ESDM/Penerangan Jalan Umum Tenaga Surya 2026/2026/03. Foto/TEBO-TENGAH ILIR-RANTAU API-001.jpg"},"geometry":{"type":"Point","coordinates":[102.6406,-1.51605]}},{"type":"Feature","properties":{"fid":"130","Nomor":"TEBO-TENGAH ILIR-RANTAU API-002","Nama Anggota":"Mustaharuddin, S.E.","Jalur":"Komisi III","Alamat":"Desa Rantau Api, Kecamatan Tengah Ilir, Kabupaten Tebo","Longitude":102.66977,"Latitude":-1.47454,"Tanggal Dokumentasi":"26/02/2026","Keterangan":null,"Foto Survey Awal":"D:/011. ESDM/Penerangan Jalan Umum Tenaga Surya 2026/2026/03. Foto/TEBO-TENGAH ILIR-RANTAU API-002.jpg"},"geometry":{"type":"Point","coordinates":[102.66977,-1.47454]}},{"type":"Feature","properties":{"fid":"131","Nomor":"TEBO-VII KOTO-AUR CINO-001","Nama Anggota":"Mustaharuddin, S.E.","Jalur":"Komisi III","Alamat":"Desa Aur Cino, Kecamatan VII Koto, Kabupaten Tebo","Longitude":102.02381,"Latitude":-1.15632,"Tanggal Dokumentasi":"26/02/2026","Keterangan":null,"Foto Survey Awal":"D:/011. ESDM/Penerangan Jalan Umum Tenaga Surya 2026/2026/03. Foto/TEBO-VII KOTO-AUR CINO-001.jpg"},"geometry":{"type":"Point","coordinates":[102.02381,-1.15632]}},{"type":"Feature","properties":{"fid":"132","Nomor":"TEBO-VII KOTO-AUR CINO-002","Nama Anggota":"Mustaharuddin, S.E.","Jalur":"Komisi III","Alamat":"Desa Aur Cino, Kecamatan VII Koto, Kabupaten Tebo","Longitude":102.04069,"Latitude":-1.16021,"Tanggal Dokumentasi":"26/02/2026","Keterangan":null,"Foto Survey Awal":"D:/011. ESDM/Penerangan Jalan Umum Tenaga Surya 2026/2026/03. Foto/TEBO-VII KOTO-AUR CINO-002.jpg"},"geometry":{"type":"Point","coordinates":[102.04069,-1.16021]}},{"type":"Feature","properties":{"fid":"133","Nomor":"TEBO-VII KOTO-AUR CINO-003","Nama Anggota":"Mustaharuddin, S.E.","Jalur":"Komisi III","Alamat":"Desa Aur Cino, Kecamatan VII Koto, Kabupaten Tebo","Longitude":102.04157,"Latitude":-1.14415,"Tanggal Dokumentasi":"26/02/2026","Keterangan":null,"Foto Survey Awal":"D:/011. ESDM/Penerangan Jalan Umum Tenaga Surya 2026/2026/03. Foto/TEBO-VII KOTO-AUR CINO-003.jpg"},"geometry":{"type":"Point","coordinates":[102.04157,-1.14415]}},{"type":"Feature","properties":{"fid":"134","Nomor":"TEBO-VII KOTO-AUR CINO-004","Nama Anggota":"Mustaharuddin, S.E.","Jalur":"Komisi III","Alamat":"Desa Aur Cino, Kecamatan VII Koto, Kabupaten Tebo","Longitude":102.05188,"Latitude":-1.14747,"Tanggal Dokumentasi":"26/02/2026","Keterangan":null,"Foto Survey Awal":"D:/011. ESDM/Penerangan Jalan Umum Tenaga Surya 2026/2026/03. Foto/TEBO-VII KOTO-AUR CINO-004.jpg"},"geometry":{"type":"Point","coordinates":[102.05188,-1.14747]}},{"type":"Feature","properties":{"fid":"135","Nomor":"TEBO-VII KOTO-TELUK KAYU PUTIH-001","Nama Anggota":"Mustaharuddin, S.E.","Jalur":"Komisi III","Alamat":"Desa Teluk Kayu Putih, Kecamatan VII Koto, Kabupaten Tebo","Longitude":101.99115,"Latitude":-1.17019,"Tanggal Dokumentasi":"26/02/2026","Keterangan":null,"Foto Survey Awal":"D:/011. ESDM/Penerangan Jalan Umum Tenaga Surya 2026/2026/03. Foto/TEBO-VII KOTO-TELUK KAYU PUTIH-001.jpg"},"geometry":{"type":"Point","coordinates":[101.99115,-1.17019]}},{"type":"Feature","properties":{"fid":"136","Nomor":"TEBO-VII KOTO-TELUK KAYU PUTIH-002","Nama Anggota":"Mustaharuddin, S.E.","Jalur":"Komisi III","Alamat":"Desa Teluk Kayu Putih, Kecamatan VII Koto, Kabupaten Tebo","Longitude":101.99138,"Latitude":-1.17056,"Tanggal Dokumentasi":"26/02/2026","Keterangan":null,"Foto Survey Awal":"D:/011. ESDM/Penerangan Jalan Umum Tenaga Surya 2026/2026/03. Foto/TEBO-VII KOTO-TELUK KAYU PUTIH-002.jpg"},"geometry":{"type":"Point","coordinates":[101.99138,-1.17056]}},{"type":"Feature","properties":{"fid":"137","Nomor":"TEBO-VII KOTO-TELUK KAYU PUTIH-003","Nama Anggota":"Mustaharuddin, S.E.","Jalur":"Komisi III","Alamat":"Desa Teluk Kayu Putih, Kecamatan VII Koto, Kabupaten Tebo","Longitude":101.99103,"Latitude":-1.16953,"Tanggal Dokumentasi":"26/02/2026","Keterangan":null,"Foto Survey Awal":"D:/011. ESDM/Penerangan Jalan Umum Tenaga Surya 2026/2026/03. Foto/TEBO-VII KOTO-TELUK KAYU PUTIH-003.jpg"},"geometry":{"type":"Point","coordinates":[101.99103,-1.16953]}},{"type":"Feature","properties":{"fid":"138","Nomor":"TEBO-VII KOTO-TELUK KAYU PUTIH-004","Nama Anggota":"Mustaharuddin, S.E.","Jalur":"Komisi III","Alamat":"Desa Teluk Kayu Putih, Kecamatan VII Koto, Kabupaten Tebo","Longitude":101.99032,"Latitude":-1.16962,"Tanggal Dokumentasi":"26/02/2026","Keterangan":null,"Foto Survey Awal":"D:/011. ESDM/Penerangan Jalan Umum Tenaga Surya 2026/2026/03. Foto/TEBO-VII KOTO-TELUK KAYU PUTIH-004.jpg"},"geometry":{"type":"Point","coordinates":[101.99032,-1.16962]}},{"type":"Feature","properties":{"fid":"139","Nomor":"BATANG HARI-PEMAYUNG-TURE-001","Nama Anggota":"Sapuan Ansori, S.E.","Jalur":"Komisi III","Alamat":"Desa Ture, Kecamatan Pemayung, Kabupaten Batang Hari","Longitude":103.4023,"Latitude":-1.55309,"Tanggal Dokumentasi":"12/05/2026","Keterangan":null,"Foto Survey Awal":"D:/011. ESDM/Penerangan Jalan Umum Tenaga Surya 2026/2026/03. Foto/BATANG HARI-PEMAYUNG-TURE-001.jpg"},"geometry":{"type":"Point","coordinates":[103.4023,-1.55309]}},{"type":"Feature","properties":{"fid":"140","Nomor":"BATANG HARI-PEMAYUNG-TURE-002","Nama Anggota":"Sapuan Ansori, S.E.","Jalur":"Komisi III","Alamat":"Desa Ture, Kecamatan Pemayung, Kabupaten Batang Hari","Longitude":103.41712,"Latitude":-1.56185,"Tanggal Dokumentasi":"12/05/2026","Keterangan":null,"Foto Survey Awal":"D:/011. ESDM/Penerangan Jalan Umum Tenaga Surya 2026/2026/03. Foto/BATANG HARI-PEMAYUNG-TURE-002.jpg"},"geometry":{"type":"Point","coordinates":[103.41712,-1.56185]}},{"type":"Feature","properties":{"fid":"141","Nomor":"BATANG HARI-PEMAYUNG-TURE-003","Nama Anggota":"Sapuan Ansori, S.E.","Jalur":"Komisi III","Alamat":"Desa Ture, Kecamatan Pemayung, Kabupaten Batang Hari","Longitude":103.41593,"Latitude":-1.56183,"Tanggal Dokumentasi":"12/05/2026","Keterangan":null,"Foto Survey Awal":"D:/011. ESDM/Penerangan Jalan Umum Tenaga Surya 2026/2026/03. Foto/BATANG HARI-PEMAYUNG-TURE-003.jpg"},"geometry":{"type":"Point","coordinates":[103.41593,-1.56183]}},{"type":"Feature","properties":{"fid":"142","Nomor":"BATANG HARI-PEMAYUNG-TURE-004","Nama Anggota":"Sapuan Ansori, S.E.","Jalur":"Komisi III","Alamat":"Desa Ture, Kecamatan Pemayung, Kabupaten Batang Hari","Longitude":103.4142,"Latitude":-1.56092,"Tanggal Dokumentasi":"12/05/2026","Keterangan":null,"Foto Survey Awal":"D:/011. ESDM/Penerangan Jalan Umum Tenaga Surya 2026/2026/03. Foto/BATANG HARI-PEMAYUNG-TURE-004.jpg"},"geometry":{"type":"Point","coordinates":[103.4142,-1.56092]}},{"type":"Feature","properties":{"fid":"143","Nomor":"BATANG HARI-PEMAYUNG-TURE-005","Nama Anggota":"Sapuan Ansori, S.E.","Jalur":"Komisi III","Alamat":"Desa Ture, Kecamatan Pemayung, Kabupaten Batang Hari","Longitude":103.40916,"Latitude":-1.55841,"Tanggal Dokumentasi":"12/05/2026","Keterangan":null,"Foto Survey Awal":"D:/011. ESDM/Penerangan Jalan Umum Tenaga Surya 2026/2026/03. Foto/BATANG HARI-PEMAYUNG-TURE-005.jpg"},"geometry":{"type":"Point","coordinates":[103.40916,-1.55841]}},{"type":"Feature","properties":{"fid":"144","Nomor":"BATANG HARI-PEMAYUNG-TURE-006","Nama Anggota":"Sapuan Ansori, S.E.","Jalur":"Komisi III","Alamat":"Desa Ture, Kecamatan Pemayung, Kabupaten Batang Hari","Longitude":103.4083,"Latitude":-1.55741,"Tanggal Dokumentasi":"12/05/2026","Keterangan":null,"Foto Survey Awal":"D:/011. ESDM/Penerangan Jalan Umum Tenaga Surya 2026/2026/03. Foto/BATANG HARI-PEMAYUNG-TURE-006.jpg"},"geometry":{"type":"Point","coordinates":[103.4083,-1.55741]}},{"type":"Feature","properties":{"fid":"145","Nomor":"BATANG HARI-PEMAYUNG-TURE-007","Nama Anggota":"Sapuan Ansori, S.E.","Jalur":"Komisi III","Alamat":"Desa Ture, Kecamatan Pemayung, Kabupaten Batang Hari","Longitude":103.40484,"Latitude":-1.55418,"Tanggal Dokumentasi":"12/05/2026","Keterangan":null,"Foto Survey Awal":"D:/011. ESDM/Penerangan Jalan Umum Tenaga Surya 2026/2026/03. Foto/BATANG HARI-PEMAYUNG-TURE-007.jpg"},"geometry":{"type":"Point","coordinates":[103.40484,-1.55418]}},{"type":"Feature","properties":{"fid":"146","Nomor":"BATANG HARI-PEMAYUNG-TURE-008","Nama Anggota":"Sapuan Ansori, S.E.","Jalur":"Komisi III","Alamat":"Desa Ture, Kecamatan Pemayung, Kabupaten Batang Hari","Longitude":103.4037,"Latitude":-1.55274,"Tanggal Dokumentasi":"12/05/2026","Keterangan":null,"Foto Survey Awal":"D:/011. ESDM/Penerangan Jalan Umum Tenaga Surya 2026/2026/03. Foto/BATANG HARI-PEMAYUNG-TURE-008.jpg","Status":"Cadangan"},"geometry":{"type":"Point","coordinates":[103.4037,-1.55274]}},{"type":"Feature","properties":{"fid":"147","Nomor":"BATANG HARI-PEMAYUNG-TURE-009","Nama Anggota":"Sapuan Ansori, S.E.","Jalur":"Komisi III","Alamat":"Desa Ture, Kecamatan Pemayung, Kabupaten Batang Hari","Longitude":103.40273,"Latitude":-1.55166,"Tanggal Dokumentasi":"12/05/2026","Keterangan":null,"Foto Survey Awal":"D:/011. ESDM/Penerangan Jalan Umum Tenaga Surya 2026/2026/03. Foto/BATANG HARI-PEMAYUNG-TURE-009.jpg","Status":"Cadangan"},"geometry":{"type":"Point","coordinates":[103.40273,-1.55166]}},{"type":"Feature","properties":{"fid":"148","Nomor":"BATANG HARI-PEMAYUNG-TURE-010","Nama Anggota":"Sapuan Ansori, S.E.","Jalur":"Komisi III","Alamat":"Desa Ture, Kecamatan Pemayung, Kabupaten Batang Hari","Longitude":103.39913,"Latitude":-1.55215,"Tanggal Dokumentasi":"12/05/2026","Keterangan":null,"Foto Survey Awal":"D:/011. ESDM/Penerangan Jalan Umum Tenaga Surya 2026/2026/03. Foto/BATANG HARI-PEMAYUNG-TURE-010.jpg","Status":"Cadangan"},"geometry":{"type":"Point","coordinates":[103.39913,-1.55215]}},{"type":"Feature","properties":{"fid":"149","Nomor":"BATANG HARI-PEMAYUNG-TELUK KETAPANG-001","Nama Anggota":"Sapuan Ansori, S.E.","Jalur":"Komisi III","Alamat":"Desa Teluk Ketapang, Kecamatan Pemayung, Kabupaten Batang Hari","Longitude":103.37842,"Latitude":-1.55318,"Tanggal Dokumentasi":"12/05/2026","Keterangan":null,"Foto Survey Awal":"D:/011. ESDM/Penerangan Jalan Umum Tenaga Surya 2026/2026/03. Foto/BATANG HARI-PEMAYUNG-TELUK KETAPANG-001.jpg"},"geometry":{"type":"Point","coordinates":[103.37842,-1.55318]}},{"type":"Feature","properties":{"fid":"150","Nomor":"BATANG HARI-PEMAYUNG-TELUK KETAPANG-002","Nama Anggota":"Sapuan Ansori, S.E.","Jalur":"Komisi III","Alamat":"Desa Teluk Ketapang, Kecamatan Pemayung, Kabupaten Batang Hari","Longitude":103.36575,"Latitude":-1.55242,"Tanggal Dokumentasi":"12/05/2026","Keterangan":null,"Foto Survey Awal":"D:/011. ESDM/Penerangan Jalan Umum Tenaga Surya 2026/2026/03. Foto/BATANG HARI-PEMAYUNG-TELUK KETAPANG-002.jpg"},"geometry":{"type":"Point","coordinates":[103.36575,-1.55242]}},{"type":"Feature","properties":{"fid":"151","Nomor":"BATANG HARI-PEMAYUNG-TELUK KETAPANG-003","Nama Anggota":"Sapuan Ansori, S.E.","Jalur":"Komisi III","Alamat":"Desa Teluk Ketapang, Kecamatan Pemayung, Kabupaten Batang Hari","Longitude":103.37227,"Latitude":-1.54786,"Tanggal Dokumentasi":"12/05/2026","Keterangan":null,"Foto Survey Awal":"D:/011. ESDM/Penerangan Jalan Umum Tenaga Surya 2026/2026/03. Foto/BATANG HARI-PEMAYUNG-TELUK KETAPANG-003.jpg"},"geometry":{"type":"Point","coordinates":[103.37227,-1.54786]}},{"type":"Feature","properties":{"fid":"152","Nomor":"BATANG HARI-PEMAYUNG-PULAU BETUNG-001","Nama Anggota":"Sapuan Ansori, S.E.","Jalur":"Komisi III","Alamat":"Desa Pulau Betung, Kecamatan Pemayung, Kabupaten Batang Hari","Longitude":103.42972,"Latitude":-1.56049,"Tanggal Dokumentasi":"12/05/2026","Keterangan":null,"Foto Survey Awal":"D:/011. ESDM/Penerangan Jalan Umum Tenaga Surya 2026/2026/03. Foto/BATANG HARI-PEMAYUNG-PULAU BETUNG-001.jpg"},"geometry":{"type":"Point","coordinates":[103.42972,-1.56049]}},{"type":"Feature","properties":{"fid":"153","Nomor":"BATANG HARI-PEMAYUNG-PULAU BETUNG-002","Nama Anggota":"Sapuan Ansori, S.E.","Jalur":"Komisi III","Alamat":"Desa Pulau Betung, Kecamatan Pemayung, Kabupaten Batang Hari","Longitude":103.42535,"Latitude":-1.56117,"Tanggal Dokumentasi":"12/05/2026","Keterangan":null,"Foto Survey Awal":"D:/011. ESDM/Penerangan Jalan Umum Tenaga Surya 2026/2026/03. Foto/BATANG HARI-PEMAYUNG-PULAU BETUNG-002.jpg"},"geometry":{"type":"Point","coordinates":[103.42535,-1.56117]}},{"type":"Feature","properties":{"fid":"154","Nomor":"BATANG HARI-PEMAYUNG-PULAU BETUNG-003","Nama Anggota":"Sapuan Ansori, S.E.","Jalur":"Komisi III","Alamat":"Desa Pulau Betung, Kecamatan Pemayung, Kabupaten Batang Hari","Longitude":103.42146,"Latitude":-1.56128,"Tanggal Dokumentasi":"12/05/2026","Keterangan":null,"Foto Survey Awal":"D:/011. ESDM/Penerangan Jalan Umum Tenaga Surya 2026/2026/03. Foto/BATANG HARI-PEMAYUNG-PULAU BETUNG-003.jpg"},"geometry":{"type":"Point","coordinates":[103.42146,-1.56128]}},{"type":"Feature","properties":{"fid":"155","Nomor":"BATANG HARI-PEMAYUNG-PULAU BETUNG-004","Nama Anggota":"Sapuan Ansori, S.E.","Jalur":"Komisi III","Alamat":"Desa Pulau Betung, Kecamatan Pemayung, Kabupaten Batang Hari","Longitude":103.42243,"Latitude":-1.56144,"Tanggal Dokumentasi":"12/05/2026","Keterangan":null,"Foto Survey Awal":"D:/011. ESDM/Penerangan Jalan Umum Tenaga Surya 2026/2026/03. Foto/BATANG HARI-PEMAYUNG-PULAU BETUNG-004.jpg"},"geometry":{"type":"Point","coordinates":[103.42243,-1.56144]}},{"type":"Feature","properties":{"fid":"156","Nomor":"BATANG HARI-PEMAYUNG-PULAU BETUNG-005","Nama Anggota":"Sapuan Ansori, S.E.","Jalur":"Komisi III","Alamat":"Desa Pulau Betung, Kecamatan Pemayung, Kabupaten Batang Hari","Longitude":103.42296,"Latitude":-1.56395,"Tanggal Dokumentasi":"12/05/2026","Keterangan":null,"Foto Survey Awal":"D:/011. ESDM/Penerangan Jalan Umum Tenaga Surya 2026/2026/03. Foto/BATANG HARI-PEMAYUNG-PULAU BETUNG-005.jpg"},"geometry":{"type":"Point","coordinates":[103.42296,-1.56395]}},{"type":"Feature","properties":{"fid":"157","Nomor":"BATANG HARI-PEMAYUNG-PULAU BETUNG-006","Nama Anggota":"Sapuan Ansori, S.E.","Jalur":"Komisi III","Alamat":"Desa Pulau Betung, Kecamatan Pemayung, Kabupaten Batang Hari","Longitude":103.42296,"Latitude":-1.56395,"Tanggal Dokumentasi":"12/05/2026","Keterangan":null,"Foto Survey Awal":"D:/011. ESDM/Penerangan Jalan Umum Tenaga Surya 2026/2026/03. Foto/BATANG HARI-PEMAYUNG-PULAU BETUNG-006.jpg","Status":"Cadangan"},"geometry":{"type":"Point","coordinates":[103.42296,-1.56395]}},{"type":"Feature","properties":{"fid":"158","Nomor":"BATANG HARI-PEMAYUNG-PULAU BETUNG-007","Nama Anggota":"Sapuan Ansori, S.E.","Jalur":"Komisi III","Alamat":"Desa Pulau Betung, Kecamatan Pemayung, Kabupaten Batang Hari","Longitude":103.42276,"Latitude":-1.56633,"Tanggal Dokumentasi":"12/05/2026","Keterangan":null,"Foto Survey Awal":"D:/011. ESDM/Penerangan Jalan Umum Tenaga Surya 2026/2026/03. Foto/BATANG HARI-PEMAYUNG-PULAU BETUNG-007.jpg"},"geometry":{"type":"Point","coordinates":[103.42276,-1.56633]}},{"type":"Feature","properties":{"fid":"159","Nomor":"BATANG HARI-PEMAYUNG-PULAU BETUNG-008","Nama Anggota":"Sapuan Ansori, S.E.","Jalur":"Komisi III","Alamat":"Desa Pulau Betung, Kecamatan Pemayung, Kabupaten Batang Hari","Longitude":103.42244,"Latitude":-1.56712,"Tanggal Dokumentasi":"12/05/2026","Keterangan":null,"Foto Survey Awal":"D:/011. ESDM/Penerangan Jalan Umum Tenaga Surya 2026/2026/03. Foto/BATANG HARI-PEMAYUNG-PULAU BETUNG-008.jpg"},"geometry":{"type":"Point","coordinates":[103.42244,-1.56712]}},{"type":"Feature","properties":{"fid":"160","Nomor":"BATANG HARI-PEMAYUNG-PULAU BETUNG-009","Nama Anggota":"Sapuan Ansori, S.E.","Jalur":"Komisi III","Alamat":"Desa Pulau Betung, Kecamatan Pemayung, Kabupaten Batang Hari","Longitude":103.42215,"Latitude":-1.56845,"Tanggal Dokumentasi":"12/05/2026","Keterangan":null,"Foto Survey Awal":"D:/011. ESDM/Penerangan Jalan Umum Tenaga Surya 2026/2026/03. Foto/BATANG HARI-PEMAYUNG-PULAU BETUNG-009.jpg"},"geometry":{"type":"Point","coordinates":[103.42215,-1.56845]}},{"type":"Feature","properties":{"fid":"161","Nomor":"BATANG HARI-PEMAYUNG-PULAU BETUNG-010","Nama Anggota":"Sapuan Ansori, S.E.","Jalur":"Komisi III","Alamat":"Desa Pulau Betung, Kecamatan Pemayung, Kabupaten Batang Hari","Longitude":103.42202,"Latitude":-1.5704,"Tanggal Dokumentasi":"12/05/2026","Keterangan":null,"Foto Survey Awal":"D:/011. ESDM/Penerangan Jalan Umum Tenaga Surya 2026/2026/03. Foto/BATANG HARI-PEMAYUNG-PULAU BETUNG-010.jpg","Status":"Cadangan"},"geometry":{"type":"Point","coordinates":[103.42202,-1.5704]}},{"type":"Feature","properties":{"fid":"162","Nomor":"BATANG HARI-PEMAYUNG-PULAU BETUNG-011","Nama Anggota":"Sapuan Ansori, S.E.","Jalur":"Komisi III","Alamat":"Desa Pulau Betung, Kecamatan Pemayung, Kabupaten Batang Hari","Longitude":103.42299,"Latitude":-1.57124,"Tanggal Dokumentasi":"12/05/2026","Keterangan":null,"Foto Survey Awal":"D:/011. ESDM/Penerangan Jalan Umum Tenaga Surya 2026/2026/03. Foto/BATANG HARI-PEMAYUNG-PULAU BETUNG-011.jpg","Status":"Cadangan"},"geometry":{"type":"Point","coordinates":[103.42299,-1.57124]}},{"type":"Feature","properties":{"fid":"163","Nomor":"BATANG HARI-PEMAYUNG-PULAU BETUNG-012","Nama Anggota":"Sapuan Ansori, S.E.","Jalur":"Komisi III","Alamat":"Desa Pulau Betung, Kecamatan Pemayung, Kabupaten Batang Hari","Longitude":103.42425,"Latitude":-1.57316,"Tanggal Dokumentasi":"12/05/2026","Keterangan":null,"Foto Survey Awal":"D:/011. ESDM/Penerangan Jalan Umum Tenaga Surya 2026/2026/03. Foto/BATANG HARI-PEMAYUNG-PULAU BETUNG-012.jpg","Status":"Cadangan"},"geometry":{"type":"Point","coordinates":[103.42425,-1.57316]}},{"type":"Feature","properties":{"fid":"164","Nomor":"BATANG HARI-PEMAYUNG-PULAU BETUNG-013","Nama Anggota":"Sapuan Ansori, S.E.","Jalur":"Komisi III","Alamat":"Desa Pulau Betung, Kecamatan Pemayung, Kabupaten Batang Hari","Longitude":103.42684,"Latitude":-1.58388,"Tanggal Dokumentasi":"12/05/2026","Keterangan":null,"Foto Survey Awal":"D:/011. ESDM/Penerangan Jalan Umum Tenaga Surya 2026/2026/03. Foto/BATANG HARI-PEMAYUNG-PULAU BETUNG-013.jpg","Status":"Cadangan"},"geometry":{"type":"Point","coordinates":[103.42684,-1.58388]}},{"type":"Feature","properties":{"fid":"165","Nomor":"BATANG HARI-PEMAYUNG-PULAU BETUNG-014","Nama Anggota":"Sapuan Ansori, S.E.","Jalur":"Komisi III","Alamat":"Desa Pulau Betung, Kecamatan Pemayung, Kabupaten Batang Hari","Longitude":103.42049,"Latitude":-1.56094,"Tanggal Dokumentasi":"12/05/2026","Keterangan":null,"Foto Survey Awal":"D:/011. ESDM/Penerangan Jalan Umum Tenaga Surya 2026/2026/03. Foto/BATANG HARI-PEMAYUNG-PULAU BETUNG-014.jpg"},"geometry":{"type":"Point","coordinates":[103.42049,-1.56094]}},{"type":"Feature","properties":{"fid":"166","Nomor":"BATANG HARI-PEMAYUNG-PULAU BETUNG-015","Nama Anggota":"Sapuan Ansori, S.E.","Jalur":"Komisi III","Alamat":"Desa Pulau Betung, Kecamatan Pemayung, Kabupaten Batang Hari","Longitude":103.41836,"Latitude":-1.56134,"Tanggal Dokumentasi":"12/05/2026","Keterangan":null,"Foto Survey Awal":"D:/011. ESDM/Penerangan Jalan Umum Tenaga Surya 2026/2026/03. Foto/BATANG HARI-PEMAYUNG-PULAU BETUNG-015.jpg"},"geometry":{"type":"Point","coordinates":[103.41836,-1.56134]}},{"type":"Feature","properties":{"fid":"167","Nomor":"TANJUNG JABUNG BARAT-SENYERANG-SUNGAI KAYU ARO-006","Nama Anggota":"Ahmad Jahfar, S.H.","Jalur":"Komisi III","Alamat":"Desa Sungai Kayu Aro, Kecamatan Senyerang, Kabupaten Tanjung Jabung Barat","Longitude":103.14879,"Latitude":-0.77476,"Tanggal Dokumentasi":"04/03/2026","Keterangan":"Kantor Desa","Foto Survey Awal":"D:/011. ESDM/Penerangan Jalan Umum Tenaga Surya 2026/2026/03. Foto/TANJUNG JABUNG BARAT-SENYERANG-SUNGAI KAYU ARO-006.jpg"},"geometry":{"type":"Point","coordinates":[103.14879,-0.77476]}},{"type":"Feature","properties":{"fid":"168","Nomor":"KOTA JAMBI-ALAM BARAJO-BAGAN PETE-001","Nama Anggota":"Ahmad Jahfar, S.H.","Jalur":"Komisi III","Alamat":"Kel. Bagan Pete, Kecamatan Alam Barajo, Kota Jambi","Longitude":103.55947,"Latitude":-1.650502,"Tanggal Dokumentasi":"04/03/2026","Keterangan":"RT 07","Foto Survey Awal":"D:/011. ESDM/Penerangan Jalan Umum Tenaga Surya 2026/2026/03. Foto/KOTA JAMBI-ALAM BARAJO-BAGAN PETE-001.jpg"},"geometry":{"type":"Point","coordinates":[103.55947,-1.650502]}},{"type":"Feature","properties":{"fid":"169","Nomor":"MUARO JAMBI-JALUKO-PEMATANG GAJAH-001","Nama Anggota":"Ahmad Jahfar, S.H.","Jalur":"Komisi III","Alamat":"Desa Pematang Gajah, Kecamatan Jaluko, Kabupaten Muaro Jambi","Longitude":103.51561,"Latitude":-1.647053,"Tanggal Dokumentasi":"04/03/2026","Keterangan":"Perumahan Azra 2 RT 07","Foto Survey Awal":"D:/011. ESDM/Penerangan Jalan Umum Tenaga Surya 2026/2026/03. Foto/MUARO JAMBI-JALUKO-PEMATANG GAJAH-001.jpg"},"geometry":{"type":"Point","coordinates":[103.51561,-1.647053]}},{"type":"Feature","properties":{"fid":"170","Nomor":"KOTA JAMBI-JAMBI TIMUR-KASANG-002","Nama Anggota":"Hj. Yuli Yuliarti, S.E., M.M.","Jalur":"Komisi III","Alamat":"Kel. Kasang, Kecamatan Jambi Timur, Kota Jambi","Longitude":103.62037,"Latitude":-1.58622,"Tanggal Dokumentasi":"23/02/2026","Keterangan":"RT 03","Foto Survey Awal":"D:/011. ESDM/Penerangan Jalan Umum Tenaga Surya 2026/2026/03. Foto/KOTA JAMBI-JAMBI TIMUR-KASANG-002.jpg"},"geometry":{"type":"Point","coordinates":[103.62037,-1.58622]}},{"type":"Feature","properties":{"fid":"171","Nomor":"KOTA JAMBI-JAMBI TIMUR-KASANG-001","Nama Anggota":"Hj. Yuli Yuliarti, S.E., M.M.","Jalur":"Komisi III","Alamat":"Kel. Kasang, Kecamatan Jambi Timur, Kota Jambi","Longitude":103.62039,"Latitude":-1.58652,"Tanggal Dokumentasi":"23/02/2026","Keterangan":"RT 03","Foto Survey Awal":"D:/011. ESDM/Penerangan Jalan Umum Tenaga Surya 2026/2026/03. Foto/KOTA JAMBI-JAMBI TIMUR-KASANG-001.jpg"},"geometry":{"type":"Point","coordinates":[103.62039,-1.58652]}},{"type":"Feature","properties":{"fid":"172","Nomor":"KOTA JAMBI-KOTA BARU-KENALI ASAM-002","Nama Anggota":"Hj. Yuli Yuliarti, S.E., M.M.","Jalur":"Komisi III","Alamat":"Kel. Kenali Asam, Kecamatan Kota Baru, Kota Jambi","Longitude":103.59406,"Latitude":-1.64779,"Tanggal Dokumentasi":"23/02/2026","Keterangan":"RT 17","Foto Survey Awal":"D:/011. ESDM/Penerangan Jalan Umum Tenaga Surya 2026/2026/03. Foto/KOTA JAMBI-KOTA BARU-KENALI ASAM-002.jpg"},"geometry":{"type":"Point","coordinates":[103.59406,-1.64779]}},{"type":"Feature","properties":{"fid":"173","Nomor":"JAMBI-KOTA BARU-KENALI ASAM ATAS-002","Nama Anggota":"Hj. Yuli Yuliarti, S.E., M.M.","Jalur":"Komisi III","Alamat":"Kel. Kenali Asam Atas, Kecamatan Kota Baru, Kota Jambi","Longitude":103.60527,"Latitude":-1.646821,"Tanggal Dokumentasi":"23/02/2026","Keterangan":"Musholla De Permata","Foto Survey Awal":"D:/011. ESDM/Penerangan Jalan Umum Tenaga Surya 2026/2026/03. Foto/JAMBI-KOTA BARU-KENALI ASAM ATAS-002.jpg"},"geometry":{"type":"Point","coordinates":[103.60527,-1.646821]}},{"type":"Feature","properties":{"fid":"174","Nomor":"SAROLANGUN-BATANG ASAI-BATU EMPANG-011","Nama Anggota":"Gubernur Jambi","Jalur":"Gubernur","Alamat":"Desa Batu Empang, Kecamatan Batang Asai, Kabupaten Sarolangun","Longitude":102.2317,"Latitude":-2.62496,"Tanggal Dokumentasi":"12/02/2026","Keterangan":"Dusun Seladi (Foto pertama yang dikirim pak agung)","Foto Survey Awal":"D:/011. ESDM/Penerangan Jalan Umum Tenaga Surya 2026/2026/03. Foto/SAROLANGUN-BATANG ASAI-BATU EMPANG-011.jpg"},"geometry":{"type":"Point","coordinates":[102.2317,-2.62496]}},{"type":"Feature","properties":{"fid":"175","Nomor":"SAROLANGUN-BATANG ASAI-BATU EMPANG-012","Nama Anggota":"Gubernur Jambi","Jalur":"Gubernur","Alamat":"Desa Batu Empang, Kecamatan Batang Asai, Kabupaten Sarolangun","Longitude":102.23385,"Latitude":-2.62594,"Tanggal Dokumentasi":"12/02/2026","Keterangan":"Dusun Seladi (Foto kedua yang dikirim pak agung)","Foto Survey Awal":"D:/011. ESDM/Penerangan Jalan Umum Tenaga Surya 2026/2026/03. Foto/SAROLANGUN-BATANG ASAI-BATU EMPANG-012.jpg"},"geometry":{"type":"Point","coordinates":[102.23385,-2.62594]}},{"type":"Feature","properties":{"fid":"176","Nomor":"SAROLANGUN-BATANG ASAI-BATU EMPANG-013","Nama Anggota":"Gubernur Jambi","Jalur":"Gubernur","Alamat":"Desa Batu Empang, Kecamatan Batang Asai, Kabupaten Sarolangun","Longitude":102.23502,"Latitude":-2.62936,"Tanggal Dokumentasi":"12/02/2026","Keterangan":"Dusun Seladi (Tanpa Foto (Tempat Pemandian 1,2,3))","Foto Survey Awal":"D:/011. ESDM/Penerangan Jalan Umum Tenaga Surya 2026/2026/03. Foto/SAROLANGUN-BATANG ASAI-BATU EMPANG-013.jpg"},"geometry":{"type":"Point","coordinates":[102.23502,-2.62936]}},{"type":"Feature","properties":{"fid":"177","Nomor":"SAROLANGUN-BATANG ASAI-BATU EMPANG-014","Nama Anggota":"Gubernur Jambi","Jalur":"Gubernur","Alamat":"Desa Batu Empang, Kecamatan Batang Asai, Kabupaten Sarolangun","Longitude":102.23534,"Latitude":-2.62907,"Tanggal Dokumentasi":"12/02/2026","Keterangan":"Dusun Seladi (Tanpa Foto (Tempat Pemandian 1,2,3))","Foto Survey Awal":"D:/011. ESDM/Penerangan Jalan Umum Tenaga Surya 2026/2026/03. Foto/SAROLANGUN-BATANG ASAI-BATU EMPANG-014.jpg"},"geometry":{"type":"Point","coordinates":[102.23534,-2.62907]}},{"type":"Feature","properties":{"fid":"178","Nomor":"SAROLANGUN-BATANG ASAI-BATU EMPANG-015","Nama Anggota":"Gubernur Jambi","Jalur":"Gubernur","Alamat":"Desa Batu Empang, Kecamatan Batang Asai, Kabupaten Sarolangun","Longitude":102.23565,"Latitude":-2.62874,"Tanggal Dokumentasi":"12/02/2026","Keterangan":"Dusun Seladi (Tanpa Foto (Tempat Pemandian 1,2,3))","Foto Survey Awal":"D:/011. ESDM/Penerangan Jalan Umum Tenaga Surya 2026/2026/03. Foto/SAROLANGUN-BATANG ASAI-BATU EMPANG-015.jpg"},"geometry":{"type":"Point","coordinates":[102.23565,-2.62874]}},{"type":"Feature","properties":{"fid":"179","Nomor":"KOTA JAMBI-JAMBI TIMUR-TANJUNG SARI-001","Nama Anggota":"Putra Absor Hasibuan, S.H.","Jalur":"Komisi III","Alamat":"Kel. Tanjung Sari, Kecamatan Jambi Timur, Kota Jambi","Longitude":103.63952,"Latitude":-1.59007,"Tanggal Dokumentasi":"13/05/2026","Keterangan":"RT 23","Foto Survey Awal":"D:/011. ESDM/Penerangan Jalan Umum Tenaga Surya 2026/2026/03. Foto/KOTA JAMBI-JAMBI TIMUR-TANJUNG SARI-001.jpg","Status":"Cadangan"},"geometry":{"type":"Point","coordinates":[103.63952,-1.59007]}},{"type":"Feature","properties":{"fid":"180","Nomor":"KOTA JAMBI-JAMBI TIMUR-TANJUNG SARI-002","Nama Anggota":"Putra Absor Hasibuan, S.H.","Jalur":"Komisi III","Alamat":"Kel. Tanjung Sari, Kecamatan Jambi Timur, Kota Jambi","Longitude":103.64143,"Latitude":-1.58858,"Tanggal Dokumentasi":"13/05/2026","Keterangan":"RT 23","Foto Survey Awal":"D:/011. ESDM/Penerangan Jalan Umum Tenaga Surya 2026/2026/03. Foto/KOTA JAMBI-JAMBI TIMUR-TANJUNG SARI-002.jpg"},"geometry":{"type":"Point","coordinates":[103.64143,-1.58858]}},{"type":"Feature","properties":{"fid":"181","Nomor":"KOTA JAMBI-JAMBI TIMUR-TANJUNG SARI-003","Nama Anggota":"Putra Absor Hasibuan, S.H.","Jalur":"Komisi III","Alamat":"Kel. Tanjung Sari, Kecamatan Jambi Timur, Kota Jambi","Longitude":103.64206,"Latitude":-1.5891,"Tanggal Dokumentasi":"13/05/2026","Keterangan":"RT 23","Foto Survey Awal":"D:/011. ESDM/Penerangan Jalan Umum Tenaga Surya 2026/2026/03. Foto/KOTA JAMBI-JAMBI TIMUR-TANJUNG SARI-003.jpg"},"geometry":{"type":"Point","coordinates":[103.64206,-1.5891]}},{"type":"Feature","properties":{"fid":"182","Nomor":"KOTA JAMBI-JAMBI TIMUR-SIJENJANG-001","Nama Anggota":"Putra Absor Hasibuan, S.H.","Jalur":"Komisi III","Alamat":"Kel. Sijenjang, Kecamatan Jambi Timur, Kota Jambi","Longitude":103.63795,"Latitude":-1.57993,"Tanggal Dokumentasi":"13/05/2026","Keterangan":"RT 06","Foto Survey Awal":"D:/011. ESDM/Penerangan Jalan Umum Tenaga Surya 2026/2026/03. Foto/KOTA JAMBI-JAMBI TIMUR-SIJENJANG-001.jpg"},"geometry":{"type":"Point","coordinates":[103.63795,-1.57993]}},{"type":"Feature","properties":{"fid":"183","Nomor":"KOTA JAMBI-JAMBI TIMUR-KASANG-003","Nama Anggota":"Putra Absor Hasibuan, S.H.","Jalur":"Komisi III","Alamat":"Kel. Kasang, Kecamatan Jambi Timur, Kota Jambi","Longitude":103.62131,"Latitude":-1.58596,"Tanggal Dokumentasi":"13/05/2026","Keterangan":"RT 03","Foto Survey Awal":"D:/011. ESDM/Penerangan Jalan Umum Tenaga Surya 2026/2026/03. Foto/KOTA JAMBI-JAMBI TIMUR-KASANG-003.jpg"},"geometry":{"type":"Point","coordinates":[103.62131,-1.58596]}},{"type":"Feature","properties":{"fid":"184","Nomor":"KOTA JAMBI-JAMBI TIMUR-KASANG-004","Nama Anggota":"Putra Absor Hasibuan, S.H.","Jalur":"Komisi III","Alamat":"Kel. Kasang, Kecamatan Jambi Timur, Kota Jambi","Longitude":103.6262,"Latitude":-1.58862,"Tanggal Dokumentasi":"13/05/2026","Keterangan":"RT 05","Foto Survey Awal":"D:/011. ESDM/Penerangan Jalan Umum Tenaga Surya 2026/2026/03. Foto/KOTA JAMBI-JAMBI TIMUR-KASANG-004.jpg"},"geometry":{"type":"Point","coordinates":[103.6262,-1.58862]}},{"type":"Feature","properties":{"fid":"185","Nomor":"KOTA JAMBI-JAMBI TIMUR-KASANG JAYA-001","Nama Anggota":"Putra Absor Hasibuan, S.H.","Jalur":"Komisi III","Alamat":"Kel. Kasang Jaya, Kecamatan Jambi Timur, Kota Jambi","Longitude":103.6299,"Latitude":-1.58688,"Tanggal Dokumentasi":"13/05/2026","Keterangan":"RT 03","Foto Survey Awal":"D:/011. ESDM/Penerangan Jalan Umum Tenaga Surya 2026/2026/03. Foto/KOTA JAMBI-JAMBI TIMUR-KASANG JAYA-001.jpg"},"geometry":{"type":"Point","coordinates":[103.6299,-1.58688]}},{"type":"Feature","properties":{"fid":"186","Nomor":"KOTA JAMBI-JAMBI TIMUR-KASANG JAYA-002","Nama Anggota":"Putra Absor Hasibuan, S.H.","Jalur":"Komisi III","Alamat":"Kel. Kasang Jaya, Kecamatan Jambi Timur, Kota Jambi","Longitude":103.63131,"Latitude":-1.58651,"Tanggal Dokumentasi":"13/05/2026","Keterangan":"RT 15","Foto Survey Awal":"D:/011. ESDM/Penerangan Jalan Umum Tenaga Surya 2026/2026/03. Foto/KOTA JAMBI-JAMBI TIMUR-KASANG JAYA-002.jpg","Status":"Cadangan"},"geometry":{"type":"Point","coordinates":[103.63131,-1.58651]}},{"type":"Feature","properties":{"fid":"187","Nomor":"KOTA JAMBI-JAMBI TIMUR-KASANG JAYA-003","Nama Anggota":"Putra Absor Hasibuan, S.H.","Jalur":"Komisi III","Alamat":"Kel. Kasang Jaya, Kecamatan Jambi Timur, Kota Jambi","Longitude":103.63146,"Latitude":-1.58655,"Tanggal Dokumentasi":"13/05/2026","Keterangan":"RT 05","Foto Survey Awal":"D:/011. ESDM/Penerangan Jalan Umum Tenaga Surya 2026/2026/03. Foto/KOTA JAMBI-JAMBI TIMUR-KASANG JAYA-003.jpg","Status":"Cadangan"},"geometry":{"type":"Point","coordinates":[103.63146,-1.58655]}},{"type":"Feature","properties":{"fid":"188","Nomor":"KOTA JAMBI-JAMBI TIMUR-KASANG JAYA-004","Nama Anggota":"Putra Absor Hasibuan, S.H.","Jalur":"Komisi III","Alamat":"Kel. Kasang Jaya, Kecamatan Jambi Timur, Kota Jambi","Longitude":103.63023,"Latitude":-1.58752,"Tanggal Dokumentasi":"13/05/2026","Keterangan":"RT 02","Foto Survey Awal":"D:/011. ESDM/Penerangan Jalan Umum Tenaga Surya 2026/2026/03. Foto/KOTA JAMBI-JAMBI TIMUR-KASANG JAYA-004.jpg"},"geometry":{"type":"Point","coordinates":[103.63023,-1.58752]}},{"type":"Feature","properties":{"fid":"189","Nomor":"KOTA JAMBI-JAMBI TIMUR-KASANG JAYA-005","Nama Anggota":"Putra Absor Hasibuan, S.H.","Jalur":"Komisi III","Alamat":"Kel. Kasang Jaya, Kecamatan Jambi Timur, Kota Jambi","Longitude":103.6307,"Latitude":-1.58789,"Tanggal Dokumentasi":"13/05/2026","Keterangan":"RT 02","Foto Survey Awal":"D:/011. ESDM/Penerangan Jalan Umum Tenaga Surya 2026/2026/03. Foto/KOTA JAMBI-JAMBI TIMUR-KASANG JAYA-005.jpg"},"geometry":{"type":"Point","coordinates":[103.6307,-1.58789]}},{"type":"Feature","properties":{"fid":"190","Nomor":"KOTA JAMBI-JAMBI TIMUR-KASANG JAYA-006","Nama Anggota":"Putra Absor Hasibuan, S.H.","Jalur":"Komisi III","Alamat":"Kel. Kasang Jaya, Kecamatan Jambi Timur, Kota Jambi","Longitude":103.63046,"Latitude":-1.5876,"Tanggal Dokumentasi":"13/05/2026","Keterangan":"RT 02","Foto Survey Awal":"D:/011. ESDM/Penerangan Jalan Umum Tenaga Surya 2026/2026/03. Foto/KOTA JAMBI-JAMBI TIMUR-KASANG JAYA-006.jpg"},"geometry":{"type":"Point","coordinates":[103.63046,-1.5876]}},{"type":"Feature","properties":{"fid":"191","Nomor":"KOTA JAMBI-JAMBI TIMUR-KASANG JAYA-007","Nama Anggota":"Putra Absor Hasibuan, S.H.","Jalur":"Komisi III","Alamat":"Kel. Kasang Jaya, Kecamatan Jambi Timur, Kota Jambi","Longitude":103.6307,"Latitude":-1.58789,"Tanggal Dokumentasi":"13/05/2026","Keterangan":"RT 01","Foto Survey Awal":"D:/011. ESDM/Penerangan Jalan Umum Tenaga Surya 2026/2026/03. Foto/KOTA JAMBI-JAMBI TIMUR-KASANG JAYA-007.jpg"},"geometry":{"type":"Point","coordinates":[103.6307,-1.58789]}},{"type":"Feature","properties":{"fid":"192","Nomor":"KOTA JAMBI-JAMBI TIMUR-TANJUNG PINANG-001","Nama Anggota":"Putra Absor Hasibuan, S.H.","Jalur":"Komisi III","Alamat":"Kel. Tanjung Pinang, Kecamatan Jambi Timur, Kota Jambi","Longitude":103.62886,"Latitude":-1.5901,"Tanggal Dokumentasi":"13/05/2026","Keterangan":"RT 10","Foto Survey Awal":"D:/011. ESDM/Penerangan Jalan Umum Tenaga Surya 2026/2026/03. Foto/KOTA JAMBI-JAMBI TIMUR-TANJUNG PINANG-001.jpg","Status":"Cadangan"},"geometry":{"type":"Point","coordinates":[103.62886,-1.5901]}},{"type":"Feature","properties":{"fid":"193","Nomor":"KOTA JAMBI-JAMBI TIMUR-TANJUNG PINANG-002","Nama Anggota":"Putra Absor Hasibuan, S.H.","Jalur":"Komisi III","Alamat":"Kel. Tanjung Pinang, Kecamatan Jambi Timur, Kota Jambi","Longitude":103.63118,"Latitude":-1.59169,"Tanggal Dokumentasi":"13/05/2026","Keterangan":"RT 12","Foto Survey Awal":"D:/011. ESDM/Penerangan Jalan Umum Tenaga Surya 2026/2026/03. Foto/KOTA JAMBI-JAMBI TIMUR-TANJUNG PINANG-002.jpg"},"geometry":{"type":"Point","coordinates":[103.63118,-1.59169]}},{"type":"Feature","properties":{"fid":"194","Nomor":"KOTA JAMBI-JAMBI TIMUR-TANJUNG PINANG-003","Nama Anggota":"Putra Absor Hasibuan, S.H.","Jalur":"Komisi III","Alamat":"Kel. Tanjung Pinang, Kecamatan Jambi Timur, Kota Jambi","Longitude":103.63237,"Latitude":-1.59089,"Tanggal Dokumentasi":"13/05/2026","Keterangan":"RT 12","Foto Survey Awal":"D:/011. ESDM/Penerangan Jalan Umum Tenaga Surya 2026/2026/03. Foto/KOTA JAMBI-JAMBI TIMUR-TANJUNG PINANG-003.jpg"},"geometry":{"type":"Point","coordinates":[103.63237,-1.59089]}},{"type":"Feature","properties":{"fid":"195","Nomor":"KOTA JAMBI-JAMBI TIMUR-TANJUNG PINANG-004","Nama Anggota":"Putra Absor Hasibuan, S.H.","Jalur":"Komisi III","Alamat":"Kel. Tanjung Pinang, Kecamatan Jambi Timur, Kota Jambi","Longitude":103.63073,"Latitude":-1.59048,"Tanggal Dokumentasi":"13/05/2026","Keterangan":"RT 12","Foto Survey Awal":"D:/011. ESDM/Penerangan Jalan Umum Tenaga Surya 2026/2026/03. Foto/KOTA JAMBI-JAMBI TIMUR-TANJUNG PINANG-004.jpg","Status":"Cadangan"},"geometry":{"type":"Point","coordinates":[103.63073,-1.59048]}},{"type":"Feature","properties":{"fid":"196","Nomor":"KOTA JAMBI-JAMBI TIMUR-TANJUNG PINANG-005","Nama Anggota":"Putra Absor Hasibuan, S.H.","Jalur":"Komisi III","Alamat":"Kel. Tanjung Pinang, Kecamatan Jambi Timur, Kota Jambi","Longitude":103.63077,"Latitude":-1.59057,"Tanggal Dokumentasi":"13/05/2026","Keterangan":"RT 13","Foto Survey Awal":"D:/011. ESDM/Penerangan Jalan Umum Tenaga Surya 2026/2026/03. Foto/KOTA JAMBI-JAMBI TIMUR-TANJUNG PINANG-005.jpg","Status":"Cadangan"},"geometry":{"type":"Point","coordinates":[103.63077,-1.59057]}},{"type":"Feature","properties":{"fid":"197","Nomor":"KOTA JAMBI-JAMBI TIMUR-TANJUNG PINANG-006","Nama Anggota":"Putra Absor Hasibuan, S.H.","Jalur":"Komisi III","Alamat":"Kel. Tanjung Pinang, Kecamatan Jambi Timur, Kota Jambi","Longitude":103.63073,"Latitude":-1.59048,"Tanggal Dokumentasi":"13/05/2026","Keterangan":"RT 13","Foto Survey Awal":"D:/011. ESDM/Penerangan Jalan Umum Tenaga Surya 2026/2026/03. Foto/KOTA JAMBI-JAMBI TIMUR-TANJUNG PINANG-006.jpg","Status":"Cadangan"},"geometry":{"type":"Point","coordinates":[103.63073,-1.59048]}},{"type":"Feature","properties":{"fid":"198","Nomor":"KOTA JAMBI-JAMBI TIMUR-TANJUNG PINANG-007","Nama Anggota":"Putra Absor Hasibuan, S.H.","Jalur":"Komisi III","Alamat":"Kel. Tanjung Pinang, Kecamatan Jambi Timur, Kota Jambi","Longitude":103.63074,"Latitude":-1.5903,"Tanggal Dokumentasi":"13/05/2026","Keterangan":"RT 13","Foto Survey Awal":"D:/011. ESDM/Penerangan Jalan Umum Tenaga Surya 2026/2026/03. Foto/KOTA JAMBI-JAMBI TIMUR-TANJUNG PINANG-007.jpg"},"geometry":{"type":"Point","coordinates":[103.63074,-1.5903]}},{"type":"Feature","properties":{"fid":"199","Nomor":"KOTA JAMBI-JAMBI TIMUR-SUNGAI ASAM-001","Nama Anggota":"Putra Absor Hasibuan, S.H.","Jalur":"Komisi III","Alamat":"Kel. Sungai Asam, Kecamatan Jambi Timur, Kota Jambi","Longitude":103.61843,"Latitude":-1.59559,"Tanggal Dokumentasi":"13/05/2026","Keterangan":"RT 14","Foto Survey Awal":"D:/011. ESDM/Penerangan Jalan Umum Tenaga Surya 2026/2026/03. Foto/KOTA JAMBI-JAMBI TIMUR-SUNGAI ASAM-001.jpg"},"geometry":{"type":"Point","coordinates":[103.61843,-1.59559]}},{"type":"Feature","properties":{"fid":"200","Nomor":"KOTA JAMBI-JAMBI TIMUR-SUNGAI ASAM-002","Nama Anggota":"Putra Absor Hasibuan, S.H.","Jalur":"Komisi III","Alamat":"Kel. Sungai Asam, Kecamatan Jambi Timur, Kota Jambi","Longitude":103.6193,"Latitude":-1.59725,"Tanggal Dokumentasi":"13/05/2026","Keterangan":"RT 14","Foto Survey Awal":"D:/011. ESDM/Penerangan Jalan Umum Tenaga Surya 2026/2026/03. Foto/KOTA JAMBI-JAMBI TIMUR-SUNGAI ASAM-002.jpg"},"geometry":{"type":"Point","coordinates":[103.6193,-1.59725]}},{"type":"Feature","properties":{"fid":"201","Nomor":"KOTA JAMBI-KOTA BARU-KENALI ASAM BAWAH-003","Nama Anggota":"Putra Absor Hasibuan, S.H.","Jalur":"Komisi III","Alamat":"Kel. Kenali Asam Bawah, Kecamatan Kota Baru, Kota Jambi","Longitude":103.60569,"Latitude":-1.66423,"Tanggal Dokumentasi":"13/05/2026","Keterangan":"RT 12","Foto Survey Awal":"D:/011. ESDM/Penerangan Jalan Umum Tenaga Surya 2026/2026/03. Foto/KOTA JAMBI-KOTA BARU-KENALI ASAM BAWAH-003.jpg","Status":"Cadangan"},"geometry":{"type":"Point","coordinates":[103.60569,-1.66423]}},{"type":"Feature","properties":{"fid":"202","Nomor":"KOTA JAMBI-KOTA BARU-KENALI ASAM BAWAH-004","Nama Anggota":"Putra Absor Hasibuan, S.H.","Jalur":"Komisi III","Alamat":"Kel. Kenali Asam Bawah, Kecamatan Kota Baru, Kota Jambi","Longitude":103.60616,"Latitude":-1.66433,"Tanggal Dokumentasi":"13/05/2026","Keterangan":"RT 12","Foto Survey Awal":"D:/011. ESDM/Penerangan Jalan Umum Tenaga Surya 2026/2026/03. Foto/KOTA JAMBI-KOTA BARU-KENALI ASAM BAWAH-004.jpg","Status":"Cadangan"},"geometry":{"type":"Point","coordinates":[103.60616,-1.66433]}},{"type":"Feature","properties":{"fid":"203","Nomor":"KOTA JAMBI-KOTA BARU-KENALI ASAM BAWAH-005","Nama Anggota":"Putra Absor Hasibuan, S.H.","Jalur":"Komisi III","Alamat":"Kel. Kenali Asam Bawah, Kecamatan Kota Baru, Kota Jambi","Longitude":103.60616,"Latitude":-1.66564,"Tanggal Dokumentasi":"13/05/2026","Keterangan":"RT 12","Foto Survey Awal":"D:/011. ESDM/Penerangan Jalan Umum Tenaga Surya 2026/2026/03. Foto/KOTA JAMBI-KOTA BARU-KENALI ASAM BAWAH-005.jpg","Status":"Cadangan"},"geometry":{"type":"Point","coordinates":[103.60616,-1.66564]}},{"type":"Feature","properties":{"fid":"204","Nomor":"KOTA JAMBI-KOTA BARU-KENALI ASAM BAWAH-006","Nama Anggota":"Putra Absor Hasibuan, S.H.","Jalur":"Komisi III","Alamat":"Kel. Kenali Asam Bawah, Kecamatan Kota Baru, Kota Jambi","Longitude":103.60761,"Latitude":-1.6653,"Tanggal Dokumentasi":"13/05/2026","Keterangan":"RT 12","Foto Survey Awal":"D:/011. ESDM/Penerangan Jalan Umum Tenaga Surya 2026/2026/03. Foto/KOTA JAMBI-KOTA BARU-KENALI ASAM BAWAH-006.jpg","Status":"Cadangan"},"geometry":{"type":"Point","coordinates":[103.60761,-1.6653]}},{"type":"Feature","properties":{"fid":"205","Nomor":"KOTA JAMBI-KOTA BARU-KENALI ASAM BAWAH-007","Nama Anggota":"Putra Absor Hasibuan, S.H.","Jalur":"Komisi III","Alamat":"Kel. Kenali Asam Bawah, Kecamatan Kota Baru, Kota Jambi","Longitude":103.60668,"Latitude":-1.66479,"Tanggal Dokumentasi":"13/05/2026","Keterangan":"RT 12","Foto Survey Awal":"D:/011. ESDM/Penerangan Jalan Umum Tenaga Surya 2026/2026/03. Foto/KOTA JAMBI-KOTA BARU-KENALI ASAM BAWAH-007.jpg"},"geometry":{"type":"Point","coordinates":[103.60668,-1.66479]}},{"type":"Feature","properties":{"fid":"206","Nomor":"KOTA JAMBI-KOTA BARU-KENALI ASAM BAWAH-008","Nama Anggota":"Putra Absor Hasibuan, S.H.","Jalur":"Komisi III","Alamat":"Kel. Kenali Asam Bawah, Kecamatan Kota Baru, Kota Jambi","Longitude":103.60732,"Latitude":-1.66493,"Tanggal Dokumentasi":"13/05/2026","Keterangan":"RT 12","Foto Survey Awal":"D:/011. ESDM/Penerangan Jalan Umum Tenaga Surya 2026/2026/03. Foto/KOTA JAMBI-KOTA BARU-KENALI ASAM BAWAH-008.jpg"},"geometry":{"type":"Point","coordinates":[103.60732,-1.66493]}},{"type":"Feature","properties":{"fid":"207","Nomor":"KOTA JAMBI-KOTA BARU-KENALI ASAM ATAS-009","Nama Anggota":"Putra Absor Hasibuan, S.H.","Jalur":"Komisi III","Alamat":"Kel. Kenali Asam Atas, Kecamatan Kota Baru, Kota Jambi","Longitude":103.59918,"Latitude":-1.65233,"Tanggal Dokumentasi":"13/05/2026","Keterangan":"RT 12","Foto Survey Awal":"D:/011. ESDM/Penerangan Jalan Umum Tenaga Surya 2026/2026/03. Foto/KOTA JAMBI-KOTA BARU-KENALI ASAM ATAS-009.jpg","Status":"Cadangan"},"geometry":{"type":"Point","coordinates":[103.59918,-1.65233]}},{"type":"Feature","properties":{"fid":"208","Nomor":"KOTA JAMBI-KOTA BARU-KENALI ASAM ATAS-010","Nama Anggota":"Putra Absor Hasibuan, S.H.","Jalur":"Komisi III","Alamat":"Kel. Kenali Asam Atas, Kecamatan Kota Baru, Kota Jambi","Longitude":103.59082,"Latitude":-1.65285,"Tanggal Dokumentasi":"13/05/2026","Keterangan":"RT 27","Foto Survey Awal":"D:/011. ESDM/Penerangan Jalan Umum Tenaga Surya 2026/2026/03. Foto/KOTA JAMBI-KOTA BARU-KENALI ASAM ATAS-010.jpg","Status":"Cadangan"},"geometry":{"type":"Point","coordinates":[103.59082,-1.65285]}},{"type":"Feature","properties":{"fid":"209","Nomor":"KOTA JAMBI-KOTA BARU-KENALI ASAM ATAS-011","Nama Anggota":"Putra Absor Hasibuan, S.H.","Jalur":"Komisi III","Alamat":"Kel. Kenali Asam Atas, Kecamatan Kota Baru, Kota Jambi","Longitude":103.59046,"Latitude":-1.65084,"Tanggal Dokumentasi":"13/05/2026","Keterangan":"RT 27","Foto Survey Awal":"D:/011. ESDM/Penerangan Jalan Umum Tenaga Surya 2026/2026/03. Foto/KOTA JAMBI-KOTA BARU-KENALI ASAM ATAS-011.jpg"},"geometry":{"type":"Point","coordinates":[103.59046,-1.65084]}},{"type":"Feature","properties":{"fid":"210","Nomor":"KOTA JAMBI-KOTA BARU-KENALI BESAR-003","Nama Anggota":"Putra Absor Hasibuan, S.H.","Jalur":"Komisi III","Alamat":"Kel. Kenali Besar, Kecamatan Kota Baru, Kota Jambi","Longitude":103.55457,"Latitude":-1.61812,"Tanggal Dokumentasi":"13/05/2026","Keterangan":"Permata Kenali","Foto Survey Awal":"D:/011. ESDM/Penerangan Jalan Umum Tenaga Surya 2026/2026/03. Foto/KOTA JAMBI-KOTA BARU-KENALI BESAR-003.jpg"},"geometry":{"type":"Point","coordinates":[103.55457,-1.61812]}},{"type":"Feature","properties":{"fid":"211","Nomor":"KOTA JAMBI-KOTA BARU-KENALI BESAR-004","Nama Anggota":"Putra Absor Hasibuan, S.H.","Jalur":"Komisi III","Alamat":"Kel. Kenali Besar, Kecamatan Kota Baru, Kota Jambi","Longitude":103.55678,"Latitude":-1.61749,"Tanggal Dokumentasi":"13/05/2026","Keterangan":"Permata Kenali","Foto Survey Awal":"D:/011. ESDM/Penerangan Jalan Umum Tenaga Surya 2026/2026/03. Foto/KOTA JAMBI-KOTA BARU-KENALI BESAR-004.jpg","Status":"Cadangan"},"geometry":{"type":"Point","coordinates":[103.55678,-1.61749]}},{"type":"Feature","properties":{"fid":"212","Nomor":"KOTA JAMBI-KOTA BARU-KENALI BESAR-005","Nama Anggota":"Putra Absor Hasibuan, S.H.","Jalur":"Komisi III","Alamat":"Kel. Kenali Besar, Kecamatan Kota Baru, Kota Jambi","Longitude":103.5551,"Latitude":-1.61772,"Tanggal Dokumentasi":"13/05/2026","Keterangan":"Permata Kenali","Foto Survey Awal":"D:/011. ESDM/Penerangan Jalan Umum Tenaga Surya 2026/2026/03. Foto/KOTA JAMBI-KOTA BARU-KENALI BESAR-005.jpg"},"geometry":{"type":"Point","coordinates":[103.5551,-1.61772]}},{"type":"Feature","properties":{"fid":"213","Nomor":"KOTA JAMBI-JAMBI SELATAN-BAKUNG JAYA-001","Nama Anggota":"Ir. Daulat Sitorus","Jalur":"Komisi III","Alamat":"Kel. Bakung Jaya, Kecamatan Jambi Selatan, Kota Jambi","Longitude":103.66463,"Latitude":-1.62286,"Tanggal Dokumentasi":"15/05/2026","Keterangan":"RT 01 Bakung Jaya 2","Foto Survey Awal":"D:/011. ESDM/Penerangan Jalan Umum Tenaga Surya 2026/2026/03. Foto/KOTA JAMBI-JAMBI SELATAN-BAKUNG JAYA-001.jpg","Status":"Cadangan"},"geometry":{"type":"Point","coordinates":[103.66463,-1.62286]}},{"type":"Feature","properties":{"fid":"214","Nomor":"KOTA JAMBI-JAMBI SELATAN-BAKUNG JAYA-002","Nama Anggota":"Ir. Daulat Sitorus","Jalur":"Komisi III","Alamat":"Kel. Bakung Jaya, Kecamatan Jambi Selatan, Kota Jambi","Longitude":103.66796,"Latitude":-1.62165,"Tanggal Dokumentasi":"15/05/2026","Keterangan":"RT 01 Bakung Jaya 1","Foto Survey Awal":"D:/011. ESDM/Penerangan Jalan Umum Tenaga Surya 2026/2026/03. Foto/KOTA JAMBI-JAMBI SELATAN-BAKUNG JAYA-002.jpg"},"geometry":{"type":"Point","coordinates":[103.66796,-1.62165]}},{"type":"Feature","properties":{"fid":"215","Nomor":"KOTA JAMBI-KOTA BARU-KENALI ASAM BAWAH-001","Nama Anggota":"Ir. Daulat Sitorus","Jalur":"Komisi III","Alamat":"Kel. Kenali Asam Bawah, Kecamatan Kota Baru, Kota Jambi","Longitude":103.60984,"Latitude":-1.66576,"Tanggal Dokumentasi":"13/05/2026","Keterangan":"Kenali Asam Bawah Daulat","Foto Survey Awal":"D:/011. ESDM/Penerangan Jalan Umum Tenaga Surya 2026/2026/03. Foto/KOTA JAMBI-KOTA BARU-KENALI ASAM BAWAH-001.jpg"},"geometry":{"type":"Point","coordinates":[103.60984,-1.66576]}},{"type":"Feature","properties":{"fid":"216","Nomor":"KOTA JAMBI-KOTA BARU-SIMPANG III SIPIN-001","Nama Anggota":"Ir. Daulat Sitorus","Jalur":"Komisi III","Alamat":"Kel. Simpang III Sipin, Kecamatan Kota Baru, Kota Jambi","Longitude":103.58706,"Latitude":-1.63328,"Tanggal Dokumentasi":"14/05/2026","Keterangan":"RT 29 Simpang III Sipin Kota Jambi 2","Foto Survey Awal":"D:/011. ESDM/Penerangan Jalan Umum Tenaga Surya 2026/2026/03. Foto/KOTA JAMBI-KOTA BARU-SIMPANG III SIPIN-001.jpg"},"geometry":{"type":"Point","coordinates":[103.58706,-1.63328]}},{"type":"Feature","properties":{"fid":"217","Nomor":"KOTA JAMBI-KOTA BARU-SIMPANG III SIPIN-002","Nama Anggota":"Ir. Daulat Sitorus","Jalur":"Komisi III","Alamat":"Kel. Simpang III Sipin, Kecamatan Kota Baru, Kota Jambi","Longitude":103.58693,"Latitude":-1.63329,"Tanggal Dokumentasi":"14/05/2026","Keterangan":"RT 29 Simpang III Sipin Kota Jambi 1","Foto Survey Awal":"D:/011. ESDM/Penerangan Jalan Umum Tenaga Surya 2026/2026/03. Foto/KOTA JAMBI-KOTA BARU-SIMPANG III SIPIN-002.jpg","Status":"Cadangan"},"geometry":{"type":"Point","coordinates":[103.58693,-1.63329]}},{"type":"Feature","properties":{"fid":"218","Nomor":"KOTA JAMBI-TELANAIPURA-BULURAN KENALI-001","Nama Anggota":"Ir. Daulat Sitorus","Jalur":"Komisi III","Alamat":"Kel. Buluran Kenali, Kecamatan Telanaipura, Kota Jambi","Longitude":103.5754,"Latitude":-1.60161,"Tanggal Dokumentasi":"13/05/2026","Keterangan":"RT 10 Pematang Sulur","Foto Survey Awal":"D:/011. ESDM/Penerangan Jalan Umum Tenaga Surya 2026/2026/03. Foto/KOTA JAMBI-TELANAIPURA-BULURAN KENALI-001.jpg"},"geometry":{"type":"Point","coordinates":[103.5754,-1.60161]}},{"type":"Feature","properties":{"fid":"219","Nomor":"KOTA JAMBI-TELANAIPURA-BULURAN KENALI-002","Nama Anggota":"Ir. Daulat Sitorus","Jalur":"Komisi III","Alamat":"Kel. Buluran Kenali, Kecamatan Telanaipura, Kota Jambi","Longitude":103.57511,"Latitude":-1.59941,"Tanggal Dokumentasi":"13/05/2026","Keterangan":"RT 15 Pematang Sulur","Foto Survey Awal":"D:/011. ESDM/Penerangan Jalan Umum Tenaga Surya 2026/2026/03. Foto/KOTA JAMBI-TELANAIPURA-BULURAN KENALI-002.jpg"},"geometry":{"type":"Point","coordinates":[103.57511,-1.59941]}},{"type":"Feature","properties":{"fid":"220","Nomor":"KOTA JAMBI-TELANAIPURA-PEMATANG SULUR-001","Nama Anggota":"Ir. Daulat Sitorus","Jalur":"Komisi III","Alamat":"Kel. Pematang Sulur, Kecamatan Telanaipura, Kota Jambi","Longitude":103.56099,"Latitude":-1.59843,"Tanggal Dokumentasi":"14/05/2026","Keterangan":"RT 17 Pematang Sulur 4","Foto Survey Awal":"D:/011. ESDM/Penerangan Jalan Umum Tenaga Surya 2026/2026/03. Foto/KOTA JAMBI-TELANAIPURA-PEMATANG SULUR-001.jpg"},"geometry":{"type":"Point","coordinates":[103.56099,-1.59843]}},{"type":"Feature","properties":{"fid":"221","Nomor":"KOTA JAMBI-TELANAIPURA-PEMATANG SULUR-002","Nama Anggota":"Ir. Daulat Sitorus","Jalur":"Komisi III","Alamat":"Kel. Pematang Sulur, Kecamatan Telanaipura, Kota Jambi","Longitude":103.55836,"Latitude":-1.60019,"Tanggal Dokumentasi":"14/05/2026","Keterangan":"RT 17 Pematang Sulur 3","Foto Survey Awal":"D:/011. ESDM/Penerangan Jalan Umum Tenaga Surya 2026/2026/03. Foto/KOTA JAMBI-TELANAIPURA-PEMATANG SULUR-002.jpg"},"geometry":{"type":"Point","coordinates":[103.55836,-1.60019]}},{"type":"Feature","properties":{"fid":"222","Nomor":"KOTA JAMBI-TELANAIPURA-PEMATANG SULUR-003","Nama Anggota":"Ir. Daulat Sitorus","Jalur":"Komisi III","Alamat":"Kel. Pematang Sulur, Kecamatan Telanaipura, Kota Jambi","Longitude":103.561593,"Latitude":-1.59715,"Tanggal Dokumentasi":"14/05/2026","Keterangan":"RT 17 Pematang Sulur 2","Foto Survey Awal":"D:/011. ESDM/Penerangan Jalan Umum Tenaga Surya 2026/2026/03. Foto/KOTA JAMBI-TELANAIPURA-PEMATANG SULUR-003.jpg","Status":"Cadangan"},"geometry":{"type":"Point","coordinates":[103.561593,-1.59715]}},{"type":"Feature","properties":{"fid":"223","Nomor":"KOTA JAMBI-TELANAIPURA-PEMATANG SULUR-004","Nama Anggota":"Ir. Daulat Sitorus","Jalur":"Komisi III","Alamat":"Kel. Pematang Sulur, Kecamatan Telanaipura, Kota Jambi","Longitude":103.561593,"Latitude":-1.59715,"Tanggal Dokumentasi":"14/05/2026","Keterangan":"RT 17 Pematang Sulur 1","Foto Survey Awal":"D:/011. ESDM/Penerangan Jalan Umum Tenaga Surya 2026/2026/03. Foto/KOTA JAMBI-TELANAIPURA-PEMATANG SULUR-004.jpg"},"geometry":{"type":"Point","coordinates":[103.561593,-1.59715]}},{"type":"Feature","properties":{"fid":"224","Nomor":"KOTA JAMBI-TELANAIPURA-PEMATANG SULUR-005","Nama Anggota":"Ir. Daulat Sitorus","Jalur":"Komisi III","Alamat":"Kel. Pematang Sulur, Kecamatan Telanaipura, Kota Jambi","Longitude":103.55875,"Latitude":-1.60355,"Tanggal Dokumentasi":"13/05/2026","Keterangan":"RT 20 Pematang Sulur 2","Foto Survey Awal":"D:/011. ESDM/Penerangan Jalan Umum Tenaga Surya 2026/2026/03. Foto/KOTA JAMBI-TELANAIPURA-PEMATANG SULUR-005.jpg"},"geometry":{"type":"Point","coordinates":[103.55875,-1.60355]}},{"type":"Feature","properties":{"fid":"225","Nomor":"KOTA JAMBI-TELANAIPURA-PEMATANG SULUR-006","Nama Anggota":"Ir. Daulat Sitorus","Jalur":"Komisi III","Alamat":"Kel. Pematang Sulur, Kecamatan Telanaipura, Kota Jambi","Longitude":103.55956,"Latitude":-1.60438,"Tanggal Dokumentasi":"13/05/2026","Keterangan":"RT 20 Pematang Sulur 1","Foto Survey Awal":"D:/011. ESDM/Penerangan Jalan Umum Tenaga Surya 2026/2026/03. Foto/KOTA JAMBI-TELANAIPURA-PEMATANG SULUR-006.jpg"},"geometry":{"type":"Point","coordinates":[103.55956,-1.60438]}},{"type":"Feature","properties":{"fid":"226","Nomor":"MUARO JAMBI-MESTONG-PELEMPANG-001","Nama Anggota":"Ir. Daulat Sitorus","Jalur":"Komisi III","Alamat":"Desa Pelempang, Kecamatan Mestong, Kabupaten Muaro Jambi","Longitude":103.490379,"Latitude":-1.828326,"Tanggal Dokumentasi":"12/05/2026","Keterangan":"HKBP Desa Pelempang 4","Foto Survey Awal":"D:/011. ESDM/Penerangan Jalan Umum Tenaga Surya 2026/2026/03. Foto/MUARO JAMBI-MESTONG-PELEMPANG-001.jpg"},"geometry":{"type":"Point","coordinates":[103.490379,-1.828326]}},{"type":"Feature","properties":{"fid":"227","Nomor":"MUARO JAMBI-MESTONG-PELEMPANG-002","Nama Anggota":"Ir. Daulat Sitorus","Jalur":"Komisi III","Alamat":"Desa Pelempang, Kecamatan Mestong, Kabupaten Muaro Jambi","Longitude":103.490379,"Latitude":-1.828326,"Tanggal Dokumentasi":"12/05/2026","Keterangan":"HKBP Desa Pelempang 3","Foto Survey Awal":"D:/011. ESDM/Penerangan Jalan Umum Tenaga Surya 2026/2026/03. Foto/MUARO JAMBI-MESTONG-PELEMPANG-002.jpg"},"geometry":{"type":"Point","coordinates":[103.490379,-1.828326]}},{"type":"Feature","properties":{"fid":"228","Nomor":"MUARO JAMBI-MESTONG-PELEMPANG-003","Nama Anggota":"Ir. Daulat Sitorus","Jalur":"Komisi III","Alamat":"Desa Pelempang, Kecamatan Mestong, Kabupaten Muaro Jambi","Longitude":103.50303,"Latitude":-1.78997,"Tanggal Dokumentasi":"12/05/2026","Keterangan":"HKBP Desa Pelempang 2","Foto Survey Awal":"D:/011. ESDM/Penerangan Jalan Umum Tenaga Surya 2026/2026/03. Foto/MUARO JAMBI-MESTONG-PELEMPANG-003.jpg"},"geometry":{"type":"Point","coordinates":[103.50303,-1.78997]}},{"type":"Feature","properties":{"fid":"229","Nomor":"MUARO JAMBI-MESTONG-TEMPINO-001","Nama Anggota":"Ir. Daulat Sitorus","Jalur":"Komisi III","Alamat":"Desa Tempino, Kecamatan Mestong, Kabupaten Muaro Jambi","Longitude":103.51495,"Latitude":-1.78574,"Tanggal Dokumentasi":"12/05/2026","Keterangan":"HKBP Desa Pelempang 5","Foto Survey Awal":"D:/011. ESDM/Penerangan Jalan Umum Tenaga Surya 2026/2026/03. Foto/MUARO JAMBI-MESTONG-TEMPINO-001.jpg"},"geometry":{"type":"Point","coordinates":[103.51495,-1.78574]}},{"type":"Feature","properties":{"fid":"230","Nomor":"MUARO JAMBI-MESTONG-TEMPINO-002","Nama Anggota":"Ir. Daulat Sitorus","Jalur":"Komisi III","Alamat":"Desa Tempino, Kecamatan Mestong, Kabupaten Muaro Jambi","Longitude":103.47845,"Latitude":-1.78868,"Tanggal Dokumentasi":"12/05/2026","Keterangan":"HKBP Desa Pelempang 1","Foto Survey Awal":"D:/011. ESDM/Penerangan Jalan Umum Tenaga Surya 2026/2026/03. Foto/MUARO JAMBI-MESTONG-TEMPINO-002.jpg"},"geometry":{"type":"Point","coordinates":[103.47845,-1.78868]}},{"type":"Feature","properties":{"fid":"231","Nomor":"TANJUNG JABUNG TIMUR-KUALA JAMBI-TELUK MAJELIS-001","Nama Anggota":"Bupati Tanjab Timur","Jalur":"Gubernur","Alamat":"Desa Teluk Majelis, Kecamatan Kuala Jambi, Kabupaten Tanjung Jabung Timur","Longitude":103.80349,"Latitude":-1.06048,"Tanggal Dokumentasi":"11/06/2026","Keterangan":null,"Foto Survey Awal":"D:/011. ESDM/Penerangan Jalan Umum Tenaga Surya 2026/2026/03. Foto/TANJUNG JABUNG TIMUR-KUALA JAMBI-TELUK MAJELIS-001.jpg"},"geometry":{"type":"Point","coordinates":[103.80349,-1.06048]}},{"type":"Feature","properties":{"fid":"232","Nomor":"TANJUNG JABUNG TIMUR-KUALA JAMBI-TELUK MAJELIS-002","Nama Anggota":"Bupati Tanjab Timur","Jalur":"Gubernur","Alamat":"Desa Teluk Majelis, Kecamatan Kuala Jambi, Kabupaten Tanjung Jabung Timur","Longitude":103.80719,"Latitude":-1.05678,"Tanggal Dokumentasi":"11/06/2026","Keterangan":null,"Foto Survey Awal":"D:/011. ESDM/Penerangan Jalan Umum Tenaga Surya 2026/2026/03. Foto/TANJUNG JABUNG TIMUR-KUALA JAMBI-TELUK MAJELIS-002.jpg"},"geometry":{"type":"Point","coordinates":[103.80719,-1.05678]}},{"type":"Feature","properties":{"fid":"233","Nomor":"TANJUNG JABUNG TIMUR-KUALA JAMBI-TELUK MAJELIS-003","Nama Anggota":"Bupati Tanjab Timur","Jalur":"Gubernur","Alamat":"Desa Teluk Majelis, Kecamatan Kuala Jambi, Kabupaten Tanjung Jabung Timur","Longitude":103.80652,"Latitude":-1.05658,"Tanggal Dokumentasi":"11/06/2026","Keterangan":null,"Foto Survey Awal":"D:/011. ESDM/Penerangan Jalan Umum Tenaga Surya 2026/2026/03. Foto/TANJUNG JABUNG TIMUR-KUALA JAMBI-TELUK MAJELIS-003.jpg"},"geometry":{"type":"Point","coordinates":[103.80652,-1.05658]}},{"type":"Feature","properties":{"fid":"234","Nomor":"TANJUNG JABUNG TIMUR-KUALA JAMBI-TELUK MAJELIS-004","Nama Anggota":"Bupati Tanjab Timur","Jalur":"Gubernur","Alamat":"Desa Teluk Majelis, Kecamatan Kuala Jambi, Kabupaten Tanjung Jabung Timur","Longitude":103.80655,"Latitude":-1.05727,"Tanggal Dokumentasi":"11/06/2026","Keterangan":null,"Foto Survey Awal":"D:/011. ESDM/Penerangan Jalan Umum Tenaga Surya 2026/2026/03. Foto/TANJUNG JABUNG TIMUR-KUALA JAMBI-TELUK MAJELIS-004.jpg"},"geometry":{"type":"Point","coordinates":[103.80655,-1.05727]}},{"type":"Feature","properties":{"fid":"235","Nomor":"TANJUNG JABUNG TIMUR-KUALA JAMBI-TELUK MAJELIS-005","Nama Anggota":"Bupati Tanjab Timur","Jalur":"Gubernur","Alamat":"Desa Teluk Majelis, Kecamatan Kuala Jambi, Kabupaten Tanjung Jabung Timur","Longitude":103.79024,"Latitude":-1.06161,"Tanggal Dokumentasi":"11/06/2026","Keterangan":null,"Foto Survey Awal":"D:/011. ESDM/Penerangan Jalan Umum Tenaga Surya 2026/2026/03. Foto/TANJUNG JABUNG TIMUR-KUALA JAMBI-TELUK MAJELIS-005.jpg","Status":"Cadangan"},"geometry":{"type":"Point","coordinates":[103.79024,-1.06161]}},{"type":"Feature","properties":{"fid":"236","Nomor":"TANJUNG JABUNG TIMUR-KUALA JAMBI-TELUK MAJELIS-006","Nama Anggota":"Bupati Tanjab Timur","Jalur":"Gubernur","Alamat":"Desa Teluk Majelis, Kecamatan Kuala Jambi, Kabupaten Tanjung Jabung Timur","Longitude":103.78472,"Latitude":-1.06216,"Tanggal Dokumentasi":"11/06/2026","Keterangan":null,"Foto Survey Awal":"D:/011. ESDM/Penerangan Jalan Umum Tenaga Surya 2026/2026/03. Foto/TANJUNG JABUNG TIMUR-KUALA JAMBI-TELUK MAJELIS-006.jpg"},"geometry":{"type":"Point","coordinates":[103.78472,-1.06216]}},{"type":"Feature","properties":{"fid":"237","Nomor":"TANJUNG JABUNG TIMUR-KUALA JAMBI-TELUK MAJELIS-007","Nama Anggota":"Bupati Tanjab Timur","Jalur":"Gubernur","Alamat":"Desa Teluk Majelis, Kecamatan Kuala Jambi, Kabupaten Tanjung Jabung Timur","Longitude":103.78441,"Latitude":-1.0613,"Tanggal Dokumentasi":"11/06/2026","Keterangan":null,"Foto Survey Awal":"D:/011. ESDM/Penerangan Jalan Umum Tenaga Surya 2026/2026/03. Foto/TANJUNG JABUNG TIMUR-KUALA JAMBI-TELUK MAJELIS-007.jpg"},"geometry":{"type":"Point","coordinates":[103.78441,-1.0613]}},{"type":"Feature","properties":{"fid":"238","Nomor":"TANJUNG JABUNG TIMUR-KUALA JAMBI-TELUK MAJELIS-008","Nama Anggota":"Bupati Tanjab Timur","Jalur":"Gubernur","Alamat":"Desa Teluk Majelis, Kecamatan Kuala Jambi, Kabupaten Tanjung Jabung Timur","Longitude":103.78153,"Latitude":-1.05734,"Tanggal Dokumentasi":"11/06/2026","Keterangan":null,"Foto Survey Awal":"D:/011. ESDM/Penerangan Jalan Umum Tenaga Surya 2026/2026/03. Foto/TANJUNG JABUNG TIMUR-KUALA JAMBI-TELUK MAJELIS-008.jpg"},"geometry":{"type":"Point","coordinates":[103.78153,-1.05734]}},{"type":"Feature","properties":{"fid":"239","Nomor":"TANJUNG JABUNG TIMUR-KUALA JAMBI-MANUNGGAL MAKMUR-001","Nama Anggota":"Bupati Tanjab Timur","Jalur":"Gubernur","Alamat":"Desa Manunggal Makmur, Kecamatan Kuala Jambi, Kabupaten Tanjung Jabung Timur","Longitude":103.77087,"Latitude":-1.06305,"Tanggal Dokumentasi":"11/06/2026","Keterangan":null,"Foto Survey Awal":"D:/011. ESDM/Penerangan Jalan Umum Tenaga Surya 2026/2026/03. Foto/TANJUNG JABUNG TIMUR-KUALA JAMBI-MANUNGGAL MAKMUR-001.jpg"},"geometry":{"type":"Point","coordinates":[103.77087,-1.06305]}},{"type":"Feature","properties":{"fid":"240","Nomor":"TANJUNG JABUNG TIMUR-KUALA JAMBI-MANUNGGAL MAKMUR-002","Nama Anggota":"Bupati Tanjab Timur","Jalur":"Gubernur","Alamat":"Desa Manunggal Makmur, Kecamatan Kuala Jambi, Kabupaten Tanjung Jabung Timur","Longitude":103.7674,"Latitude":-1.06406,"Tanggal Dokumentasi":"11/06/2026","Keterangan":null,"Foto Survey Awal":"D:/011. ESDM/Penerangan Jalan Umum Tenaga Surya 2026/2026/03. Foto/TANJUNG JABUNG TIMUR-KUALA JAMBI-MANUNGGAL MAKMUR-002.jpg","Status":"Cadangan"},"geometry":{"type":"Point","coordinates":[103.7674,-1.06406]}},{"type":"Feature","properties":{"fid":"241","Nomor":"TANJUNG JABUNG TIMUR-KUALA JAMBI-MANUNGGAL MAKMUR-003","Nama Anggota":"Bupati Tanjab Timur","Jalur":"Gubernur","Alamat":"Desa Manunggal Makmur, Kecamatan Kuala Jambi, Kabupaten Tanjung Jabung Timur","Longitude":103.78363,"Latitude":-1.06495,"Tanggal Dokumentasi":"11/06/2026","Keterangan":null,"Foto Survey Awal":"D:/011. ESDM/Penerangan Jalan Umum Tenaga Surya 2026/2026/03. Foto/TANJUNG JABUNG TIMUR-KUALA JAMBI-MANUNGGAL MAKMUR-003.jpg"},"geometry":{"type":"Point","coordinates":[103.78363,-1.06495]}},{"type":"Feature","properties":{"fid":"242","Nomor":"TANJUNG JABUNG TIMUR-KUALA JAMBI-MANUNGGAL MAKMUR-004","Nama Anggota":"Bupati Tanjab Timur","Jalur":"Gubernur","Alamat":"Desa Manunggal Makmur, Kecamatan Kuala Jambi, Kabupaten Tanjung Jabung Timur","Longitude":103.77948,"Latitude":-1.06744,"Tanggal Dokumentasi":"11/06/2026","Keterangan":null,"Foto Survey Awal":"D:/011. ESDM/Penerangan Jalan Umum Tenaga Surya 2026/2026/03. Foto/TANJUNG JABUNG TIMUR-KUALA JAMBI-MANUNGGAL MAKMUR-004.jpg"},"geometry":{"type":"Point","coordinates":[103.77948,-1.06744]}},{"type":"Feature","properties":{"fid":"243","Nomor":"TANJUNG JABUNG TIMUR-KUALA JAMBI-MANUNGGAL MAKMUR-005","Nama Anggota":"Bupati Tanjab Timur","Jalur":"Gubernur","Alamat":"Desa Manunggal Makmur, Kecamatan Kuala Jambi, Kabupaten Tanjung Jabung Timur","Longitude":103.78041,"Latitude":-1.06658,"Tanggal Dokumentasi":"11/06/2026","Keterangan":null,"Foto Survey Awal":"D:/011. ESDM/Penerangan Jalan Umum Tenaga Surya 2026/2026/03. Foto/TANJUNG JABUNG TIMUR-KUALA JAMBI-MANUNGGAL MAKMUR-005.jpg"},"geometry":{"type":"Point","coordinates":[103.78041,-1.06658]}},{"type":"Feature","properties":{"fid":"244","Nomor":"TANJUNG JABUNG TIMUR-KUALA JAMBI-MANUNGGAL MAKMUR-006","Nama Anggota":"Bupati Tanjab Timur","Jalur":"Gubernur","Alamat":"Desa Manunggal Makmur, Kecamatan Kuala Jambi, Kabupaten Tanjung Jabung Timur","Longitude":103.78164,"Latitude":-1.06556,"Tanggal Dokumentasi":"11/06/2026","Keterangan":null,"Foto Survey Awal":"D:/011. ESDM/Penerangan Jalan Umum Tenaga Surya 2026/2026/03. Foto/TANJUNG JABUNG TIMUR-KUALA JAMBI-MANUNGGAL MAKMUR-006.jpg"},"geometry":{"type":"Point","coordinates":[103.78164,-1.06556]}},{"type":"Feature","properties":{"fid":"245","Nomor":"TANJUNG JABUNG TIMUR-KUALA JAMBI-MANUNGGAL MAKMUR-007","Nama Anggota":"Bupati Tanjab Timur","Jalur":"Gubernur","Alamat":"Desa Manunggal Makmur, Kecamatan Kuala Jambi, Kabupaten Tanjung Jabung Timur","Longitude":103.78211,"Latitude":-1.06538,"Tanggal Dokumentasi":"11/06/2026","Keterangan":null,"Foto Survey Awal":"D:/011. ESDM/Penerangan Jalan Umum Tenaga Surya 2026/2026/03. Foto/TANJUNG JABUNG TIMUR-KUALA JAMBI-MANUNGGAL MAKMUR-007.jpg"},"geometry":{"type":"Point","coordinates":[103.78211,-1.06538]}},{"type":"Feature","properties":{"fid":"246","Nomor":"TANJUNG JABUNG TIMUR-KUALA JAMBI-MANUNGGAL MAKMUR-008","Nama Anggota":"Bupati Tanjab Timur","Jalur":"Gubernur","Alamat":"Desa Manunggal Makmur, Kecamatan Kuala Jambi, Kabupaten Tanjung Jabung Timur","Longitude":103.78287,"Latitude":-1.06517,"Tanggal Dokumentasi":"11/06/2026","Keterangan":null,"Foto Survey Awal":"D:/011. ESDM/Penerangan Jalan Umum Tenaga Surya 2026/2026/03. Foto/TANJUNG JABUNG TIMUR-KUALA JAMBI-MANUNGGAL MAKMUR-008.jpg"},"geometry":{"type":"Point","coordinates":[103.78287,-1.06517]}},{"type":"Feature","properties":{"fid":"247","Nomor":"TANJUNG JABUNG TIMUR-KUALA JAMBI-MAJELIS HIDAYAH-001","Nama Anggota":"Bupati Tanjab Timur","Jalur":"Gubernur","Alamat":"Desa Majelis Hidayah, Kecamatan Kuala Jambi, Kabupaten Tanjung Jabung Timur","Longitude":103.808,"Latitude":-1.04889,"Tanggal Dokumentasi":"11/06/2026","Keterangan":null,"Foto Survey Awal":"D:/011. ESDM/Penerangan Jalan Umum Tenaga Surya 2026/2026/03. Foto/TANJUNG JABUNG TIMUR-KUALA JAMBI-MAJELIS HIDAYAH-001.jpg","Status":"Cadangan"},"geometry":{"type":"Point","coordinates":[103.808,-1.04889]}},{"type":"Feature","properties":{"fid":"248","Nomor":"TANJUNG JABUNG TIMUR-KUALA JAMBI-MAJELIS HIDAYAH-002","Nama Anggota":"Bupati Tanjab Timur","Jalur":"Gubernur","Alamat":"Desa Majelis Hidayah, Kecamatan Kuala Jambi, Kabupaten Tanjung Jabung Timur","Longitude":103.80795,"Latitude":-1.04845,"Tanggal Dokumentasi":"11/06/2026","Keterangan":null,"Foto Survey Awal":"D:/011. ESDM/Penerangan Jalan Umum Tenaga Surya 2026/2026/03. Foto/TANJUNG JABUNG TIMUR-KUALA JAMBI-MAJELIS HIDAYAH-002.jpg"},"geometry":{"type":"Point","coordinates":[103.80795,-1.04845]}},{"type":"Feature","properties":{"fid":"249","Nomor":"TANJUNG JABUNG TIMUR-KUALA JAMBI-MAJELIS HIDAYAH-003","Nama Anggota":"Bupati Tanjab Timur","Jalur":"Gubernur","Alamat":"Desa Majelis Hidayah, Kecamatan Kuala Jambi, Kabupaten Tanjung Jabung Timur","Longitude":103.80767,"Latitude":-1.04787,"Tanggal Dokumentasi":"11/06/2026","Keterangan":null,"Foto Survey Awal":"D:/011. ESDM/Penerangan Jalan Umum Tenaga Surya 2026/2026/03. Foto/TANJUNG JABUNG TIMUR-KUALA JAMBI-MAJELIS HIDAYAH-003.jpg"},"geometry":{"type":"Point","coordinates":[103.80767,-1.04787]}},{"type":"Feature","properties":{"fid":"250","Nomor":"TANJUNG JABUNG TIMUR-KUALA JAMBI-MAJELIS HIDAYAH-004","Nama Anggota":"Bupati Tanjab Timur","Jalur":"Gubernur","Alamat":"Desa Majelis Hidayah, Kecamatan Kuala Jambi, Kabupaten Tanjung Jabung Timur","Longitude":103.80761,"Latitude":-1.04712,"Tanggal Dokumentasi":"11/06/2026","Keterangan":null,"Foto Survey Awal":"D:/011. ESDM/Penerangan Jalan Umum Tenaga Surya 2026/2026/03. Foto/TANJUNG JABUNG TIMUR-KUALA JAMBI-MAJELIS HIDAYAH-004.jpg"},"geometry":{"type":"Point","coordinates":[103.80761,-1.04712]}},{"type":"Feature","properties":{"fid":"251","Nomor":"TANJUNG JABUNG TIMUR-KUALA JAMBI-MAJELIS HIDAYAH-005","Nama Anggota":"Bupati Tanjab Timur","Jalur":"Gubernur","Alamat":"Desa Majelis Hidayah, Kecamatan Kuala Jambi, Kabupaten Tanjung Jabung Timur","Longitude":103.80751,"Latitude":-1.04648,"Tanggal Dokumentasi":"11/06/2026","Keterangan":null,"Foto Survey Awal":"D:/011. ESDM/Penerangan Jalan Umum Tenaga Surya 2026/2026/03. Foto/TANJUNG JABUNG TIMUR-KUALA JAMBI-MAJELIS HIDAYAH-005.jpg"},"geometry":{"type":"Point","coordinates":[103.80751,-1.04648]}},{"type":"Feature","properties":{"fid":"252","Nomor":"TANJUNG JABUNG TIMUR-KUALA JAMBI-MAJELIS HIDAYAH-006","Nama Anggota":"Bupati Tanjab Timur","Jalur":"Gubernur","Alamat":"Desa Majelis Hidayah, Kecamatan Kuala Jambi, Kabupaten Tanjung Jabung Timur","Longitude":103.80743,"Latitude":-1.04578,"Tanggal Dokumentasi":"11/06/2026","Keterangan":null,"Foto Survey Awal":"D:/011. ESDM/Penerangan Jalan Umum Tenaga Surya 2026/2026/03. Foto/TANJUNG JABUNG TIMUR-KUALA JAMBI-MAJELIS HIDAYAH-006.jpg"},"geometry":{"type":"Point","coordinates":[103.80743,-1.04578]}},{"type":"Feature","properties":{"fid":"253","Nomor":"TANJUNG JABUNG TIMUR-KUALA JAMBI-MAJELIS HIDAYAH-007","Nama Anggota":"Bupati Tanjab Timur","Jalur":"Gubernur","Alamat":"Desa Majelis Hidayah, Kecamatan Kuala Jambi, Kabupaten Tanjung Jabung Timur","Longitude":103.80736,"Latitude":-1.04503,"Tanggal Dokumentasi":"11/06/2026","Keterangan":null,"Foto Survey Awal":"D:/011. ESDM/Penerangan Jalan Umum Tenaga Surya 2026/2026/03. Foto/TANJUNG JABUNG TIMUR-KUALA JAMBI-MAJELIS HIDAYAH-007.jpg"},"geometry":{"type":"Point","coordinates":[103.80736,-1.04503]}},{"type":"Feature","properties":{"fid":"254","Nomor":"TANJUNG JABUNG TIMUR-KUALA JAMBI-MAJELIS HIDAYAH-008","Nama Anggota":"Bupati Tanjab Timur","Jalur":"Gubernur","Alamat":"Desa Majelis Hidayah, Kecamatan Kuala Jambi, Kabupaten Tanjung Jabung Timur","Longitude":103.8072,"Latitude":-1.04412,"Tanggal Dokumentasi":"11/06/2026","Keterangan":null,"Foto Survey Awal":"D:/011. ESDM/Penerangan Jalan Umum Tenaga Surya 2026/2026/03. Foto/TANJUNG JABUNG TIMUR-KUALA JAMBI-MAJELIS HIDAYAH-008.jpg"},"geometry":{"type":"Point","coordinates":[103.8072,-1.04412]}},{"type":"Feature","properties":{"fid":"255","Nomor":"TANJUNG JABUNG TIMUR-KUALA JAMBI-KUALA LAGAN-001","Nama Anggota":"Bupati Tanjab Timur","Jalur":"Gubernur","Alamat":"Desa Kuala Lagan, Kecamatan Kuala Jambi, Kabupaten Tanjung Jabung Timur","Longitude":103.75381,"Latitude":-1.0267,"Tanggal Dokumentasi":"11/06/2026","Keterangan":null,"Foto Survey Awal":"D:/011. ESDM/Penerangan Jalan Umum Tenaga Surya 2026/2026/03. Foto/TANJUNG JABUNG TIMUR-KUALA JAMBI-KUALA LAGAN-001.jpg"},"geometry":{"type":"Point","coordinates":[103.75381,-1.0267]}},{"type":"Feature","properties":{"fid":"256","Nomor":"TANJUNG JABUNG TIMUR-KUALA JAMBI-KUALA LAGAN-002","Nama Anggota":"Bupati Tanjab Timur","Jalur":"Gubernur","Alamat":"Desa Kuala Lagan, Kecamatan Kuala Jambi, Kabupaten Tanjung Jabung Timur","Longitude":103.75536,"Latitude":-1.02448,"Tanggal Dokumentasi":"11/06/2026","Keterangan":null,"Foto Survey Awal":"D:/011. ESDM/Penerangan Jalan Umum Tenaga Surya 2026/2026/03. Foto/TANJUNG JABUNG TIMUR-KUALA JAMBI-KUALA LAGAN-002.jpg"},"geometry":{"type":"Point","coordinates":[103.75536,-1.02448]}},{"type":"Feature","properties":{"fid":"257","Nomor":"TANJUNG JABUNG TIMUR-KUALA JAMBI-KUALA LAGAN-003","Nama Anggota":"Bupati Tanjab Timur","Jalur":"Gubernur","Alamat":"Desa Kuala Lagan, Kecamatan Kuala Jambi, Kabupaten Tanjung Jabung Timur","Longitude":103.76731,"Latitude":-1.02826,"Tanggal Dokumentasi":"11/06/2026","Keterangan":null,"Foto Survey Awal":"D:/011. ESDM/Penerangan Jalan Umum Tenaga Surya 2026/2026/03. Foto/TANJUNG JABUNG TIMUR-KUALA JAMBI-KUALA LAGAN-003.jpg"},"geometry":{"type":"Point","coordinates":[103.76731,-1.02826]}},{"type":"Feature","properties":{"fid":"258","Nomor":"TANJUNG JABUNG TIMUR-KUALA JAMBI-KUALA LAGAN-004","Nama Anggota":"Bupati Tanjab Timur","Jalur":"Gubernur","Alamat":"Desa Kuala Lagan, Kecamatan Kuala Jambi, Kabupaten Tanjung Jabung Timur","Longitude":103.76985,"Latitude":-1.02828,"Tanggal Dokumentasi":"11/06/2026","Keterangan":null,"Foto Survey Awal":"D:/011. ESDM/Penerangan Jalan Umum Tenaga Surya 2026/2026/03. Foto/TANJUNG JABUNG TIMUR-KUALA JAMBI-KUALA LAGAN-004.jpg"},"geometry":{"type":"Point","coordinates":[103.76985,-1.02828]}},{"type":"Feature","properties":{"fid":"259","Nomor":"TANJUNG JABUNG TIMUR-KUALA JAMBI-KUALA LAGAN-005","Nama Anggota":"Bupati Tanjab Timur","Jalur":"Gubernur","Alamat":"Desa Kuala Lagan, Kecamatan Kuala Jambi, Kabupaten Tanjung Jabung Timur","Longitude":103.77242,"Latitude":-1.02844,"Tanggal Dokumentasi":"11/06/2026","Keterangan":null,"Foto Survey Awal":"D:/011. ESDM/Penerangan Jalan Umum Tenaga Surya 2026/2026/03. Foto/TANJUNG JABUNG TIMUR-KUALA JAMBI-KUALA LAGAN-005.jpg"},"geometry":{"type":"Point","coordinates":[103.77242,-1.02844]}},{"type":"Feature","properties":{"fid":"260","Nomor":"TANJUNG JABUNG TIMUR-KUALA JAMBI-KUALA LAGAN-006","Nama Anggota":"Bupati Tanjab Timur","Jalur":"Gubernur","Alamat":"Desa Kuala Lagan, Kecamatan Kuala Jambi, Kabupaten Tanjung Jabung Timur","Longitude":103.77341,"Latitude":-1.02838,"Tanggal Dokumentasi":"11/06/2026","Keterangan":null,"Foto Survey Awal":"D:/011. ESDM/Penerangan Jalan Umum Tenaga Surya 2026/2026/03. Foto/TANJUNG JABUNG TIMUR-KUALA JAMBI-KUALA LAGAN-006.jpg"},"geometry":{"type":"Point","coordinates":[103.77341,-1.02838]}},{"type":"Feature","properties":{"fid":"261","Nomor":"TANJUNG JABUNG TIMUR-KUALA JAMBI-KUALA LAGAN-007","Nama Anggota":"Bupati Tanjab Timur","Jalur":"Gubernur","Alamat":"Desa Kuala Lagan, Kecamatan Kuala Jambi, Kabupaten Tanjung Jabung Timur","Longitude":103.76866,"Latitude":-1.0283,"Tanggal Dokumentasi":"11/06/2026","Keterangan":null,"Foto Survey Awal":"D:/011. ESDM/Penerangan Jalan Umum Tenaga Surya 2026/2026/03. Foto/TANJUNG JABUNG TIMUR-KUALA JAMBI-KUALA LAGAN-007.jpg"},"geometry":{"type":"Point","coordinates":[103.76866,-1.0283]}},{"type":"Feature","properties":{"fid":"262","Nomor":"TANJUNG JABUNG TIMUR-KUALA JAMBI-KUALA LAGAN-008","Nama Anggota":"Bupati Tanjab Timur","Jalur":"Gubernur","Alamat":"Desa Kuala Lagan, Kecamatan Kuala Jambi, Kabupaten Tanjung Jabung Timur","Longitude":103.76984,"Latitude":-1.02927,"Tanggal Dokumentasi":"11/06/2026","Keterangan":null,"Foto Survey Awal":"D:/011. ESDM/Penerangan Jalan Umum Tenaga Surya 2026/2026/03. Foto/TANJUNG JABUNG TIMUR-KUALA JAMBI-KUALA LAGAN-008.jpg"},"geometry":{"type":"Point","coordinates":[103.76984,-1.02927]}},{"type":"Feature","properties":{"fid":"263","Nomor":"TANJUNG JABUNG TIMUR-KUALA JAMBI-TANJUNG SOLOK-001","Nama Anggota":"Bupati Tanjab Timur","Jalur":"Gubernur","Alamat":"Kel. Tanjung Solok, Kecamatan Kuala Jambi, Kabupaten Tanjung Jabung Timur","Longitude":103.796618,"Latitude":-1.027228,"Tanggal Dokumentasi":"11/06/2026","Keterangan":null,"Foto Survey Awal":"D:/011. ESDM/Penerangan Jalan Umum Tenaga Surya 2026/2026/03. Foto/TANJUNG JABUNG TIMUR-KUALA JAMBI-TANJUNG SOLOK-001.jpg"},"geometry":{"type":"Point","coordinates":[103.796618,-1.027228]}},{"type":"Feature","properties":{"fid":"264","Nomor":"TANJUNG JABUNG TIMUR-KUALA JAMBI-TANJUNG SOLOK-002","Nama Anggota":"Bupati Tanjab Timur","Jalur":"Gubernur","Alamat":"Kel. Tanjung Solok, Kecamatan Kuala Jambi, Kabupaten Tanjung Jabung Timur","Longitude":103.796618,"Latitude":-1.027228,"Tanggal Dokumentasi":"11/06/2026","Keterangan":null,"Foto Survey Awal":"D:/011. ESDM/Penerangan Jalan Umum Tenaga Surya 2026/2026/03. Foto/TANJUNG JABUNG TIMUR-KUALA JAMBI-TANJUNG SOLOK-002.jpg","Status":"Cadangan","Duplikat":true},"geometry":{"type":"Point","coordinates":[103.796618,-1.027228]}},{"type":"Feature","properties":{"fid":"265","Nomor":"TANJUNG JABUNG TIMUR-KUALA JAMBI-TANJUNG SOLOK-003","Nama Anggota":"Bupati Tanjab Timur","Jalur":"Gubernur","Alamat":"Kel. Tanjung Solok, Kecamatan Kuala Jambi, Kabupaten Tanjung Jabung Timur","Longitude":103.80804,"Latitude":-1.0268,"Tanggal Dokumentasi":"11/06/2026","Keterangan":null,"Foto Survey Awal":"D:/011. ESDM/Penerangan Jalan Umum Tenaga Surya 2026/2026/03. Foto/TANJUNG JABUNG TIMUR-KUALA JAMBI-TANJUNG SOLOK-003.jpg"},"geometry":{"type":"Point","coordinates":[103.80804,-1.0268]}},{"type":"Feature","properties":{"fid":"266","Nomor":"TANJUNG JABUNG TIMUR-KUALA JAMBI-TANJUNG SOLOK-004","Nama Anggota":"Bupati Tanjab Timur","Jalur":"Gubernur","Alamat":"Kel. Tanjung Solok, Kecamatan Kuala Jambi, Kabupaten Tanjung Jabung Timur","Longitude":103.79947,"Latitude":-1.02489,"Tanggal Dokumentasi":"11/06/2026","Keterangan":null,"Foto Survey Awal":"D:/011. ESDM/Penerangan Jalan Umum Tenaga Surya 2026/2026/03. Foto/TANJUNG JABUNG TIMUR-KUALA JAMBI-TANJUNG SOLOK-004.jpg"},"geometry":{"type":"Point","coordinates":[103.79947,-1.02489]}},{"type":"Feature","properties":{"fid":"267","Nomor":"TANJUNG JABUNG TIMUR-KUALA JAMBI-TANJUNG SOLOK-005","Nama Anggota":"Bupati Tanjab Timur","Jalur":"Gubernur","Alamat":"Kel. Tanjung Solok, Kecamatan Kuala Jambi, Kabupaten Tanjung Jabung Timur","Longitude":103.798517,"Latitude":-1.027367,"Tanggal Dokumentasi":"11/06/2026","Keterangan":null,"Foto Survey Awal":"D:/011. ESDM/Penerangan Jalan Umum Tenaga Surya 2026/2026/03. Foto/TANJUNG JABUNG TIMUR-KUALA JAMBI-TANJUNG SOLOK-005.jpg"},"geometry":{"type":"Point","coordinates":[103.798517,-1.027367]}},{"type":"Feature","properties":{"fid":"268","Nomor":"TANJUNG JABUNG TIMUR-KUALA JAMBI-TANJUNG SOLOK-006","Nama Anggota":"Bupati Tanjab Timur","Jalur":"Gubernur","Alamat":"Kel. Tanjung Solok, Kecamatan Kuala Jambi, Kabupaten Tanjung Jabung Timur","Longitude":103.798517,"Latitude":-1.027367,"Tanggal Dokumentasi":"11/06/2026","Keterangan":null,"Foto Survey Awal":"D:/011. ESDM/Penerangan Jalan Umum Tenaga Surya 2026/2026/03. Foto/TANJUNG JABUNG TIMUR-KUALA JAMBI-TANJUNG SOLOK-006.jpg","Duplikat":true},"geometry":{"type":"Point","coordinates":[103.798517,-1.027367]}},{"type":"Feature","properties":{"fid":"269","Nomor":"TANJUNG JABUNG TIMUR-KUALA JAMBI-TANJUNG SOLOK-007","Nama Anggota":"Bupati Tanjab Timur","Jalur":"Gubernur","Alamat":"Kel. Tanjung Solok, Kecamatan Kuala Jambi, Kabupaten Tanjung Jabung Timur","Longitude":103.79306,"Latitude":-1.02681,"Tanggal Dokumentasi":"11/06/2026","Keterangan":null,"Foto Survey Awal":"D:/011. ESDM/Penerangan Jalan Umum Tenaga Surya 2026/2026/03. Foto/TANJUNG JABUNG TIMUR-KUALA JAMBI-TANJUNG SOLOK-007.jpg"},"geometry":{"type":"Point","coordinates":[103.79306,-1.02681]}},{"type":"Feature","properties":{"fid":"270","Nomor":"TANJUNG JABUNG TIMUR-KUALA JAMBI-TANJUNG SOLOK-008","Nama Anggota":"Bupati Tanjab Timur","Jalur":"Gubernur","Alamat":"Kel. Tanjung Solok, Kecamatan Kuala Jambi, Kabupaten Tanjung Jabung Timur","Longitude":103.78459,"Latitude":-1.02692,"Tanggal Dokumentasi":"11/06/2026","Keterangan":null,"Foto Survey Awal":"D:/011. ESDM/Penerangan Jalan Umum Tenaga Surya 2026/2026/03. Foto/TANJUNG JABUNG TIMUR-KUALA JAMBI-TANJUNG SOLOK-008.jpg"},"geometry":{"type":"Point","coordinates":[103.78459,-1.02692]}},{"type":"Feature","properties":{"fid":"271","Nomor":"TANJUNG JABUNG TIMUR-KUALA JAMBI-TANJUNG SOLOK-009","Nama Anggota":"Bupati Tanjab Timur","Jalur":"Gubernur","Alamat":"Kel. Tanjung Solok, Kecamatan Kuala Jambi, Kabupaten Tanjung Jabung Timur","Longitude":103.77513,"Latitude":-1.02613,"Tanggal Dokumentasi":"11/06/2026","Keterangan":null,"Foto Survey Awal":"D:/011. ESDM/Penerangan Jalan Umum Tenaga Surya 2026/2026/03. Foto/TANJUNG JABUNG TIMUR-KUALA JAMBI-TANJUNG SOLOK-009.jpg"},"geometry":{"type":"Point","coordinates":[103.77513,-1.02613]}},{"type":"Feature","properties":{"fid":"272","Nomor":"TANJUNG JABUNG TIMUR-KUALA JAMBI-KAMPUNG LAUT-001","Nama Anggota":"Bupati Tanjab Timur","Jalur":"Gubernur","Alamat":"Kel. Kampung Laut, Kecamatan Kuala Jambi, Kabupaten Tanjung Jabung Timur","Longitude":103.8081,"Latitude":-1.03161,"Tanggal Dokumentasi":"11/06/2026","Keterangan":null,"Foto Survey Awal":"D:/011. ESDM/Penerangan Jalan Umum Tenaga Surya 2026/2026/03. Foto/TANJUNG JABUNG TIMUR-KUALA JAMBI-KAMPUNG LAUT-001.jpg"},"geometry":{"type":"Point","coordinates":[103.8081,-1.03161]}},{"type":"Feature","properties":{"fid":"273","Nomor":"TANJUNG JABUNG TIMUR-KUALA JAMBI-KAMPUNG LAUT-002","Nama Anggota":"Bupati Tanjab Timur","Jalur":"Gubernur","Alamat":"Kel. Kampung Laut, Kecamatan Kuala Jambi, Kabupaten Tanjung Jabung Timur","Longitude":103.806097,"Latitude":-1.032034,"Tanggal Dokumentasi":"11/06/2026","Keterangan":null,"Foto Survey Awal":"D:/011. ESDM/Penerangan Jalan Umum Tenaga Surya 2026/2026/03. Foto/TANJUNG JABUNG TIMUR-KUALA JAMBI-KAMPUNG LAUT-002.jpg","Duplikat":true},"geometry":{"type":"Point","coordinates":[103.806097,-1.032034]}},{"type":"Feature","properties":{"fid":"274","Nomor":"TANJUNG JABUNG TIMUR-KUALA JAMBI-KAMPUNG LAUT-003","Nama Anggota":"Bupati Tanjab Timur","Jalur":"Gubernur","Alamat":"Kel. Kampung Laut, Kecamatan Kuala Jambi, Kabupaten Tanjung Jabung Timur","Longitude":103.806097,"Latitude":-1.032034,"Tanggal Dokumentasi":"11/06/2026","Keterangan":null,"Foto Survey Awal":"D:/011. ESDM/Penerangan Jalan Umum Tenaga Surya 2026/2026/03. Foto/TANJUNG JABUNG TIMUR-KUALA JAMBI-KAMPUNG LAUT-003.jpg","Duplikat":true},"geometry":{"type":"Point","coordinates":[103.806097,-1.032034]}},{"type":"Feature","properties":{"fid":"275","Nomor":"TANJUNG JABUNG TIMUR-KUALA JAMBI-KAMPUNG LAUT-004","Nama Anggota":"Bupati Tanjab Timur","Jalur":"Gubernur","Alamat":"Kel. Kampung Laut, Kecamatan Kuala Jambi, Kabupaten Tanjung Jabung Timur","Longitude":103.806097,"Latitude":-1.032034,"Tanggal Dokumentasi":"11/06/2026","Keterangan":null,"Foto Survey Awal":"D:/011. ESDM/Penerangan Jalan Umum Tenaga Surya 2026/2026/03. Foto/TANJUNG JABUNG TIMUR-KUALA JAMBI-KAMPUNG LAUT-004.jpg","Duplikat":true},"geometry":{"type":"Point","coordinates":[103.806097,-1.032034]}},{"type":"Feature","properties":{"fid":"276","Nomor":"TANJUNG JABUNG TIMUR-KUALA JAMBI-KAMPUNG LAUT-005","Nama Anggota":"Bupati Tanjab Timur","Jalur":"Gubernur","Alamat":"Kel. Kampung Laut, Kecamatan Kuala Jambi, Kabupaten Tanjung Jabung Timur","Longitude":103.806097,"Latitude":-1.032034,"Tanggal Dokumentasi":"11/06/2026","Keterangan":null,"Foto Survey Awal":"D:/011. ESDM/Penerangan Jalan Umum Tenaga Surya 2026/2026/03. Foto/TANJUNG JABUNG TIMUR-KUALA JAMBI-KAMPUNG LAUT-005.jpg","Duplikat":true},"geometry":{"type":"Point","coordinates":[103.806097,-1.032034]}},{"type":"Feature","properties":{"fid":"277","Nomor":"TANJUNG JABUNG TIMUR-KUALA JAMBI-KAMPUNG LAUT-006","Nama Anggota":"Bupati Tanjab Timur","Jalur":"Gubernur","Alamat":"Kel. Kampung Laut, Kecamatan Kuala Jambi, Kabupaten Tanjung Jabung Timur","Longitude":103.806097,"Latitude":-1.032034,"Tanggal Dokumentasi":"11/06/2026","Keterangan":null,"Foto Survey Awal":"D:/011. ESDM/Penerangan Jalan Umum Tenaga Surya 2026/2026/03. Foto/TANJUNG JABUNG TIMUR-KUALA JAMBI-KAMPUNG LAUT-006.jpg","Duplikat":true},"geometry":{"type":"Point","coordinates":[103.806097,-1.032034]}},{"type":"Feature","properties":{"fid":"278","Nomor":"TANJUNG JABUNG TIMUR-KUALA JAMBI-KAMPUNG LAUT-007","Nama Anggota":"Bupati Tanjab Timur","Jalur":"Gubernur","Alamat":"Kel. Kampung Laut, Kecamatan Kuala Jambi, Kabupaten Tanjung Jabung Timur","Longitude":103.806097,"Latitude":-1.032034,"Tanggal Dokumentasi":"11/06/2026","Keterangan":null,"Foto Survey Awal":"D:/011. ESDM/Penerangan Jalan Umum Tenaga Surya 2026/2026/03. Foto/TANJUNG JABUNG TIMUR-KUALA JAMBI-KAMPUNG LAUT-007.jpg","Duplikat":true},"geometry":{"type":"Point","coordinates":[103.806097,-1.032034]}},{"type":"Feature","properties":{"fid":"279","Nomor":"TANJUNG JABUNG TIMUR-KUALA JAMBI-KAMPUNG LAUT-008","Nama Anggota":"Bupati Tanjab Timur","Jalur":"Gubernur","Alamat":"Kel. Kampung Laut, Kecamatan Kuala Jambi, Kabupaten Tanjung Jabung Timur","Longitude":103.806097,"Latitude":-1.032034,"Tanggal Dokumentasi":"11/06/2026","Keterangan":null,"Foto Survey Awal":"D:/011. ESDM/Penerangan Jalan Umum Tenaga Surya 2026/2026/03. Foto/TANJUNG JABUNG TIMUR-KUALA JAMBI-KAMPUNG LAUT-008.jpg","Duplikat":true},"geometry":{"type":"Point","coordinates":[103.806097,-1.032034]}},{"type":"Feature","properties":{"fid":"280","Nomor":"TANJUNG JABUNG TIMUR-KUALA JAMBI-KAMPUNG LAUT-009","Nama Anggota":"Bupati Tanjab Timur","Jalur":"Gubernur","Alamat":"Kel. Kampung Laut, Kecamatan Kuala Jambi, Kabupaten Tanjung Jabung Timur","Longitude":103.806097,"Latitude":-1.032034,"Tanggal Dokumentasi":"11/06/2026","Keterangan":null,"Foto Survey Awal":"D:/011. ESDM/Penerangan Jalan Umum Tenaga Surya 2026/2026/03. Foto/TANJUNG JABUNG TIMUR-KUALA JAMBI-KAMPUNG LAUT-009.jpg","Status":"Cadangan"},"geometry":{"type":"Point","coordinates":[103.806097,-1.032034]}},{"type":"Feature","properties":{"fid":"281","Nomor":"KERINCI-SIULAK-TELAGO BIRU-001","Nama Anggota":"Arwiyanto, S.E.","Jalur":"Komisi III","Alamat":"Desa Telago Biru, Kecamatan Siulak, Kabupaten Kerinci","Longitude":101.356217,"Latitude":-1.969179,"Tanggal Dokumentasi":"11/06/2026","Keterangan":null,"Foto Survey Awal":"D:/011. ESDM/Penerangan Jalan Umum Tenaga Surya 2026/2026/03. Foto/KERINCI-SIULAK-TELAGO BIRU-001.jpg"},"geometry":{"type":"Point","coordinates":[101.356217,-1.969179]}},{"type":"Feature","properties":{"fid":"282","Nomor":"KERINCI-SIULAK-TELAGO BIRU-002","Nama Anggota":"Arwiyanto, S.E.","Jalur":"Komisi III","Alamat":"Desa Telago Biru, Kecamatan Siulak, Kabupaten Kerinci","Longitude":101.356217,"Latitude":-1.969179,"Tanggal Dokumentasi":"11/06/2026","Keterangan":null,"Foto Survey Awal":"D:/011. ESDM/Penerangan Jalan Umum Tenaga Surya 2026/2026/03. Foto/KERINCI-SIULAK-TELAGO BIRU-002.jpg","Duplikat":true,"Status":"Cadangan"},"geometry":{"type":"Point","coordinates":[101.356217,-1.969179]}},{"type":"Feature","properties":{"fid":"283","Nomor":"KERINCI-SIULAK-BANDAR SEDAP-001","Nama Anggota":"Arwiyanto, S.E.","Jalur":"Komisi III","Alamat":"Desa Bandar Sedap, Kecamatan Siulak, Kabupaten Kerinci","Longitude":101.35334,"Latitude":-1.9692,"Tanggal Dokumentasi":"11/06/2026","Keterangan":null,"Foto Survey Awal":"D:/011. ESDM/Penerangan Jalan Umum Tenaga Surya 2026/2026/03. Foto/KERINCI-SIULAK-BANDAR SEDAP-001.jpg"},"geometry":{"type":"Point","coordinates":[101.35334,-1.9692]}},{"type":"Feature","properties":{"fid":"284","Nomor":"KERINCI-SIULAK-BANDAR SEDAP-002","Nama Anggota":"Arwiyanto, S.E.","Jalur":"Komisi III","Alamat":"Desa Bandar Sedap, Kecamatan Siulak, Kabupaten Kerinci","Longitude":101.34869,"Latitude":-1.96961,"Tanggal Dokumentasi":"11/06/2026","Keterangan":null,"Foto Survey Awal":"D:/011. ESDM/Penerangan Jalan Umum Tenaga Surya 2026/2026/03. Foto/KERINCI-SIULAK-BANDAR SEDAP-002.jpg"},"geometry":{"type":"Point","coordinates":[101.34869,-1.96961]}},{"type":"Feature","properties":{"fid":"285","Nomor":"KERINCI-SIULAK-DUSUN DALAM-001","Nama Anggota":"Arwiyanto, S.E.","Jalur":"Komisi III","Alamat":"Desa Dusun Dalam, Kecamatan Siulak, Kabupaten Kerinci","Longitude":101.3529,"Latitude":-1.96755,"Tanggal Dokumentasi":"11/06/2026","Keterangan":null,"Foto Survey Awal":"D:/011. ESDM/Penerangan Jalan Umum Tenaga Surya 2026/2026/03. Foto/KERINCI-SIULAK-DUSUN DALAM-001.jpg"},"geometry":{"type":"Point","coordinates":[101.3529,-1.96755]}},{"type":"Feature","properties":{"fid":"286","Nomor":"KERINCI-SIULAK-DUSUN DALAM-002","Nama Anggota":"Arwiyanto, S.E.","Jalur":"Komisi III","Alamat":"Desa Dusun Dalam, Kecamatan Siulak, Kabupaten Kerinci","Longitude":101.35255,"Latitude":-1.96795,"Tanggal Dokumentasi":"11/06/2026","Keterangan":null,"Foto Survey Awal":"D:/011. ESDM/Penerangan Jalan Umum Tenaga Surya 2026/2026/03. Foto/KERINCI-SIULAK-DUSUN DALAM-002.jpg"},"geometry":{"type":"Point","coordinates":[101.35255,-1.96795]}},{"type":"Feature","properties":{"fid":"287","Nomor":"KERINCI-SIULAK-KOTO BERINGIN-001","Nama Anggota":"Arwiyanto, S.E.","Jalur":"Komisi III","Alamat":"Desa Koto Beringin, Kecamatan Siulak, Kabupaten Kerinci","Longitude":101.35143,"Latitude":-1.96774,"Tanggal Dokumentasi":"11/06/2026","Keterangan":null,"Foto Survey Awal":"D:/011. ESDM/Penerangan Jalan Umum Tenaga Surya 2026/2026/03. Foto/KERINCI-SIULAK-KOTO BERINGIN-001.jpg"},"geometry":{"type":"Point","coordinates":[101.35143,-1.96774]}},{"type":"Feature","properties":{"fid":"288","Nomor":"KERINCI-SIULAK-KOTO BERINGIN-002","Nama Anggota":"Arwiyanto, S.E.","Jalur":"Komisi III","Alamat":"Desa Koto Beringin, Kecamatan Siulak, Kabupaten Kerinci","Longitude":101.35095,"Latitude":-1.96797,"Tanggal Dokumentasi":"11/06/2026","Keterangan":null,"Foto Survey Awal":"D:/011. ESDM/Penerangan Jalan Umum Tenaga Surya 2026/2026/03. Foto/KERINCI-SIULAK-KOTO BERINGIN-002.jpg"},"geometry":{"type":"Point","coordinates":[101.35095,-1.96797]}},{"type":"Feature","properties":{"fid":"289","Nomor":"KERINCI-SIULAK-DEMONG SAKTI-001","Nama Anggota":"Arwiyanto, S.E.","Jalur":"Komisi III","Alamat":"Desa Demong Sakti, Kecamatan Siulak, Kabupaten Kerinci","Longitude":101.349735,"Latitude":-1.964147,"Tanggal Dokumentasi":"11/06/2026","Keterangan":null,"Foto Survey Awal":"D:/011. ESDM/Penerangan Jalan Umum Tenaga Surya 2026/2026/03. Foto/KERINCI-SIULAK-DEMONG SAKTI-001.jpg"},"geometry":{"type":"Point","coordinates":[101.349735,-1.964147]}},{"type":"Feature","properties":{"fid":"290","Nomor":"KERINCI-SIULAK-DEMONG SAKTI-002","Nama Anggota":"Arwiyanto, S.E.","Jalur":"Komisi III","Alamat":"Desa Demong Sakti, Kecamatan Siulak, Kabupaten Kerinci","Longitude":101.349918,"Latitude":-1.964415,"Tanggal Dokumentasi":"11/06/2026","Keterangan":null,"Foto Survey Awal":"D:/011. ESDM/Penerangan Jalan Umum Tenaga Surya 2026/2026/03. Foto/KERINCI-SIULAK-DEMONG SAKTI-002.jpg"},"geometry":{"type":"Point","coordinates":[101.349918,-1.964415]}},{"type":"Feature","properties":{"fid":"291","Nomor":"KERINCI-SIULAK-PASAR SENEN-001","Nama Anggota":"Arwiyanto, S.E.","Jalur":"Komisi III","Alamat":"Desa Pasar Senen, Kecamatan Siulak, Kabupaten Kerinci","Longitude":101.34743,"Latitude":-1.96247,"Tanggal Dokumentasi":"11/06/2026","Keterangan":null,"Foto Survey Awal":"D:/011. ESDM/Penerangan Jalan Umum Tenaga Surya 2026/2026/03. Foto/KERINCI-SIULAK-PASAR SENEN-001.jpg"},"geometry":{"type":"Point","coordinates":[101.34743,-1.96247]}},{"type":"Feature","properties":{"fid":"292","Nomor":"KERINCI-SIULAK-PASAR SENEN-002","Nama Anggota":"Arwiyanto, S.E.","Jalur":"Komisi III","Alamat":"Desa Pasar Senen, Kecamatan Siulak, Kabupaten Kerinci","Longitude":101.34661,"Latitude":-1.96169,"Tanggal Dokumentasi":"11/06/2026","Keterangan":null,"Foto Survey Awal":"D:/011. ESDM/Penerangan Jalan Umum Tenaga Surya 2026/2026/03. Foto/KERINCI-SIULAK-PASAR SENEN-002.jpg"},"geometry":{"type":"Point","coordinates":[101.34661,-1.96169]}},{"type":"Feature","properties":{"fid":"293","Nomor":"KERINCI-SIULAK-KOTO ARO-001","Nama Anggota":"Arwiyanto, S.E.","Jalur":"Komisi III","Alamat":"Desa Koto Aro, Kecamatan Siulak, Kabupaten Kerinci","Longitude":101.34082,"Latitude":-1.96318,"Tanggal Dokumentasi":"11/06/2026","Keterangan":null,"Foto Survey Awal":"D:/011. ESDM/Penerangan Jalan Umum Tenaga Surya 2026/2026/03. Foto/KERINCI-SIULAK-KOTO ARO-001.jpg","Status":"Cadangan"},"geometry":{"type":"Point","coordinates":[101.34082,-1.96318]}},{"type":"Feature","properties":{"fid":"294","Nomor":"KERINCI-SIULAK-KOTO ARO-002","Nama Anggota":"Arwiyanto, S.E.","Jalur":"Komisi III","Alamat":"Desa Koto Aro, Kecamatan Siulak, Kabupaten Kerinci","Longitude":101.33943,"Latitude":-1.96166,"Tanggal Dokumentasi":"11/06/2026","Keterangan":null,"Foto Survey Awal":"D:/011. ESDM/Penerangan Jalan Umum Tenaga Surya 2026/2026/03. Foto/KERINCI-SIULAK-KOTO ARO-002.jpg"},"geometry":{"type":"Point","coordinates":[101.33943,-1.96166]}},{"type":"Feature","properties":{"fid":"295","Nomor":"KERINCI-SIULAK-KOTO ARO-003","Nama Anggota":"Arwiyanto, S.E.","Jalur":"Komisi III","Alamat":"Desa Koto Aro, Kecamatan Siulak, Kabupaten Kerinci","Longitude":101.34221,"Latitude":-1.96448,"Tanggal Dokumentasi":"11/06/2026","Keterangan":null,"Foto Survey Awal":"D:/011. ESDM/Penerangan Jalan Umum Tenaga Surya 2026/2026/03. Foto/KERINCI-SIULAK-KOTO ARO-003.jpg"},"geometry":{"type":"Point","coordinates":[101.34221,-1.96448]}},{"type":"Feature","properties":{"fid":"296","Nomor":"KERINCI-GUNUNG KERINCI-SIULAK DERAS MUDIK-006","Nama Anggota":"Arwiyanto, S.E.","Jalur":"Komisi III","Alamat":"Desa Siulak Deras Mudik, Kecamatan Gunung Kerinci, Kabupaten Kerinci","Longitude":101.30026,"Latitude":-1.89648,"Tanggal Dokumentasi":"11/06/2026","Keterangan":null,"Foto Survey Awal":"D:/011. ESDM/Penerangan Jalan Umum Tenaga Surya 2026/2026/03. Foto/KERINCI-GUNUNG KERINCI-SIULAK DERAS MUDIK-006.jpg","Status":"Cadangan"},"geometry":{"type":"Point","coordinates":[101.30026,-1.89648]}},{"type":"Feature","properties":{"fid":"297","Nomor":"KERINCI-GUNUNG KERINCI-SIULAK DERAS MUDIK-007","Nama Anggota":"Arwiyanto, S.E.","Jalur":"Komisi III","Alamat":"Desa Siulak Deras Mudik, Kecamatan Gunung Kerinci, Kabupaten Kerinci","Longitude":101.29992,"Latitude":-1.89646,"Tanggal Dokumentasi":"11/06/2026","Keterangan":null,"Foto Survey Awal":"D:/011. ESDM/Penerangan Jalan Umum Tenaga Surya 2026/2026/03. Foto/KERINCI-GUNUNG KERINCI-SIULAK DERAS MUDIK-007.jpg","Status":"Cadangan"},"geometry":{"type":"Point","coordinates":[101.29992,-1.89646]}},{"type":"Feature","properties":{"fid":"298","Nomor":"KERINCI-GUNUNG KERINCI-SIULAK DERAS MUDIK-008","Nama Anggota":"Arwiyanto, S.E.","Jalur":"Komisi III","Alamat":"Desa Siulak Deras Mudik, Kecamatan Gunung Kerinci, Kabupaten Kerinci","Longitude":101.29902,"Latitude":-1.89615,"Tanggal Dokumentasi":"11/06/2026","Keterangan":null,"Foto Survey Awal":"D:/011. ESDM/Penerangan Jalan Umum Tenaga Surya 2026/2026/03. Foto/KERINCI-GUNUNG KERINCI-SIULAK DERAS MUDIK-008.jpg","Status":"Cadangan"},"geometry":{"type":"Point","coordinates":[101.29902,-1.89615]}},{"type":"Feature","properties":{"fid":"299","Nomor":"KERINCI-GUNUNG KERINCI-SIULAK DERAS MUDIK-001","Nama Anggota":"Arwiyanto, S.E.","Jalur":"Komisi III","Alamat":"Desa Siulak Deras Mudik, Kecamatan Gunung Kerinci, Kabupaten Kerinci","Longitude":101.29892,"Latitude":-1.89556,"Tanggal Dokumentasi":"11/06/2026","Keterangan":null,"Foto Survey Awal":"D:/011. ESDM/Penerangan Jalan Umum Tenaga Surya 2026/2026/03. Foto/KERINCI-GUNUNG KERINCI-SIULAK DERAS MUDIK-001.jpg"},"geometry":{"type":"Point","coordinates":[101.29892,-1.89556]}},{"type":"Feature","properties":{"fid":"300","Nomor":"KERINCI-GUNUNG KERINCI-SIULAK DERAS MUDIK-002","Nama Anggota":"Arwiyanto, S.E.","Jalur":"Komisi III","Alamat":"Desa Siulak Deras Mudik, Kecamatan Gunung Kerinci, Kabupaten Kerinci","Longitude":101.29866,"Latitude":-1.89518,"Tanggal Dokumentasi":"11/06/2026","Keterangan":null,"Foto Survey Awal":"D:/011. ESDM/Penerangan Jalan Umum Tenaga Surya 2026/2026/03. Foto/KERINCI-GUNUNG KERINCI-SIULAK DERAS MUDIK-002.jpg"},"geometry":{"type":"Point","coordinates":[101.29866,-1.89518]}},{"type":"Feature","properties":{"fid":"301","Nomor":"KERINCI-GUNUNG KERINCI-SIULAK DERAS MUDIK-003","Nama Anggota":"Arwiyanto, S.E.","Jalur":"Komisi III","Alamat":"Desa Siulak Deras Mudik, Kecamatan Gunung Kerinci, Kabupaten Kerinci","Longitude":101.29847,"Latitude":-1.89484,"Tanggal Dokumentasi":"11/06/2026","Keterangan":null,"Foto Survey Awal":"D:/011. ESDM/Penerangan Jalan Umum Tenaga Surya 2026/2026/03. Foto/KERINCI-GUNUNG KERINCI-SIULAK DERAS MUDIK-003.jpg"},"geometry":{"type":"Point","coordinates":[101.29847,-1.89484]}},{"type":"Feature","properties":{"fid":"302","Nomor":"KERINCI-GUNUNG KERINCI-SIULAK DERAS MUDIK-004","Nama Anggota":"Arwiyanto, S.E.","Jalur":"Komisi III","Alamat":"Desa Siulak Deras Mudik, Kecamatan Gunung Kerinci, Kabupaten Kerinci","Longitude":101.29836,"Latitude":-1.89444,"Tanggal Dokumentasi":"11/06/2026","Keterangan":null,"Foto Survey Awal":"D:/011. ESDM/Penerangan Jalan Umum Tenaga Surya 2026/2026/03. Foto/KERINCI-GUNUNG KERINCI-SIULAK DERAS MUDIK-004.jpg"},"geometry":{"type":"Point","coordinates":[101.29836,-1.89444]}},{"type":"Feature","properties":{"fid":"303","Nomor":"KERINCI-GUNUNG KERINCI-SIULAK DERAS MUDIK-005","Nama Anggota":"Arwiyanto, S.E.","Jalur":"Komisi III","Alamat":"Desa Siulak Deras Mudik, Kecamatan Gunung Kerinci, Kabupaten Kerinci","Longitude":101.29813,"Latitude":-1.89433,"Tanggal Dokumentasi":"11/06/2026","Keterangan":null,"Foto Survey Awal":"D:/011. ESDM/Penerangan Jalan Umum Tenaga Surya 2026/2026/03. Foto/KERINCI-GUNUNG KERINCI-SIULAK DERAS MUDIK-005.jpg"},"geometry":{"type":"Point","coordinates":[101.29813,-1.89433]}},{"type":"Feature","properties":{"fid":"304","Nomor":"KERINCI-GUNUNG KERINCI-SIULAK DERAS MUDIK-009","Nama Anggota":"Arwiyanto, S.E.","Jalur":"Komisi III","Alamat":"Desa Siulak Deras Mudik, Kecamatan Gunung Kerinci, Kabupaten Kerinci","Longitude":101.29776,"Latitude":-1.89316,"Tanggal Dokumentasi":"11/06/2026","Keterangan":null,"Foto Survey Awal":"D:/011. ESDM/Penerangan Jalan Umum Tenaga Surya 2026/2026/03. Foto/KERINCI-GUNUNG KERINCI-SIULAK DERAS MUDIK-009.jpg","Status":"Cadangan"},"geometry":{"type":"Point","coordinates":[101.29776,-1.89316]}},{"type":"Feature","properties":{"fid":"305","Nomor":"KERINCI-GUNUNG KERINCI-SIULAK DERAS MUDIK-010","Nama Anggota":"Arwiyanto, S.E.","Jalur":"Komisi III","Alamat":"Desa Siulak Deras Mudik, Kecamatan Gunung Kerinci, Kabupaten Kerinci","Longitude":101.29664,"Latitude":-1.88537,"Tanggal Dokumentasi":"11/06/2026","Keterangan":null,"Foto Survey Awal":"D:/011. ESDM/Penerangan Jalan Umum Tenaga Surya 2026/2026/03. Foto/KERINCI-GUNUNG KERINCI-SIULAK DERAS MUDIK-010.jpg","Status":"Cadangan"},"geometry":{"type":"Point","coordinates":[101.29664,-1.88537]}},{"type":"Feature","properties":{"fid":"306","Nomor":"KERINCI-AIR HANGAT TIMUR-KEMANTAN MUDIK-001","Nama Anggota":"Bupati Kerinci","Jalur":"Gubernur","Alamat":"Desa Kemantan Mudik, Kecamatan Air Hangat Timur, Kabupaten Kerinci","Longitude":101.39072,"Latitude":-1.98776,"Tanggal Dokumentasi":"19/06/2026","Keterangan":"Titik (1) — Survey Pemasangan PUTS; alamat GPS: Kemantan Darat; Jumat, 19 Juni 2026 09:26; elevasi 812.1 m","Foto Survey Awal":"D:/011. ESDM/Penerangan Jalan Umum Tenaga Surya 2026/2026/03. Foto/KERINCI-AIR HANGAT TIMUR-KEMANTAN MUDIK-001.jpg","Status":"Cadangan"},"geometry":{"type":"Point","coordinates":[101.39072,-1.98776]}},{"type":"Feature","properties":{"fid":"307","Nomor":"KERINCI-AIR HANGAT TIMUR-KEMANTAN MUDIK-002","Nama Anggota":"Bupati Kerinci","Jalur":"Gubernur","Alamat":"Desa Kemantan Mudik, Kecamatan Air Hangat Timur, Kabupaten Kerinci","Longitude":101.391252,"Latitude":-1.989093,"Tanggal Dokumentasi":"19/06/2026","Keterangan":"Titik (3) — Survey Pemasangan PUTS; alamat GPS: Jl. Kp. Tuo, Kemantan Darat; Jumat, 19 Juni 2026 09:28; elevasi 811.6 m","Foto Survey Awal":"D:/011. ESDM/Penerangan Jalan Umum Tenaga Surya 2026/2026/03. Foto/KERINCI-AIR HANGAT TIMUR-KEMANTAN MUDIK-002.jpg"},"geometry":{"type":"Point","coordinates":[101.391252,-1.989093]}},{"type":"Feature","properties":{"fid":"308","Nomor":"KERINCI-AIR HANGAT TIMUR-KEMANTAN MUDIK-003","Nama Anggota":"Bupati Kerinci","Jalur":"Gubernur","Alamat":"Desa Kemantan Mudik, Kecamatan Air Hangat Timur, Kabupaten Kerinci","Longitude":101.391993,"Latitude":-1.988405,"Tanggal Dokumentasi":"19/06/2026","Keterangan":"Titik (2) — Survey Pemasangan PUTS; alamat GPS: Kemantan Darat; Jumat, 19 Juni 2026 09:27; elevasi 811.6 m","Foto Survey Awal":"D:/011. ESDM/Penerangan Jalan Umum Tenaga Surya 2026/2026/03. Foto/KERINCI-AIR HANGAT TIMUR-KEMANTAN MUDIK-003.jpg"},"geometry":{"type":"Point","coordinates":[101.391993,-1.988405]}},{"type":"Feature","properties":{"fid":"309","Nomor":"KERINCI-AIR HANGAT TIMUR-KEMANTAN MUDIK-004","Nama Anggota":"Bupati Kerinci","Jalur":"Gubernur","Alamat":"Desa Kemantan Mudik, Kecamatan Air Hangat Timur, Kabupaten Kerinci","Longitude":101.391723,"Latitude":-1.98922,"Tanggal Dokumentasi":"19/06/2026","Keterangan":"Titik (4) — Survey Pemasangan PUTS; alamat GPS: Jl. Kp. Tuo, Kemantan Darat; Jumat, 19 Juni 2026 09:29; elevasi 812.8 m","Foto Survey Awal":"D:/011. ESDM/Penerangan Jalan Umum Tenaga Surya 2026/2026/03. Foto/KERINCI-AIR HANGAT TIMUR-KEMANTAN MUDIK-004.jpg"},"geometry":{"type":"Point","coordinates":[101.391723,-1.98922]}},{"type":"Feature","properties":{"fid":"310","Nomor":"KERINCI-SIULAK MUKAI-KOTO LUAR-001","Nama Anggota":"Bupati Kerinci","Jalur":"Gubernur","Alamat":"Desa Koto Luar, Kecamatan Siulak Mukai, Kabupaten Kerinci","Longitude":101.361853,"Latitude":-1.97044,"Tanggal Dokumentasi":"19/06/2026","Keterangan":"Titik (1) — Survey Pemasangan PUTS; alamat GPS: Koto Lua; Jumat, 19 Juni 2026 10:28; elevasi 821.7 m","Foto Survey Awal":"D:/011. ESDM/Penerangan Jalan Umum Tenaga Surya 2026/2026/03. Foto/KERINCI-SIULAK MUKAI-KOTO LUAR-001.jpg"},"geometry":{"type":"Point","coordinates":[101.361853,-1.97044]}},{"type":"Feature","properties":{"fid":"311","Nomor":"KERINCI-SIULAK MUKAI-KOTO LUAR-002","Nama Anggota":"Bupati Kerinci","Jalur":"Gubernur","Alamat":"Desa Koto Luar, Kecamatan Siulak Mukai, Kabupaten Kerinci","Longitude":101.362343,"Latitude":-1.97075,"Tanggal Dokumentasi":"19/06/2026","Keterangan":"Titik (2) — Survey Pemasangan PUTS; alamat GPS: Koto Lua; Jumat, 19 Juni 2026 10:29; elevasi 822.0 m","Foto Survey Awal":"D:/011. ESDM/Penerangan Jalan Umum Tenaga Surya 2026/2026/03. Foto/KERINCI-SIULAK MUKAI-KOTO LUAR-002.jpg"},"geometry":{"type":"Point","coordinates":[101.362343,-1.97075]}},{"type":"Feature","properties":{"fid":"312","Nomor":"KERINCI-SIULAK-TALANG TINGGI-001","Nama Anggota":"Bupati Kerinci","Jalur":"Gubernur","Alamat":"Desa Talang Tinggi, Kecamatan Siulak, Kabupaten Kerinci","Longitude":101.351218,"Latitude":-1.946661,"Tanggal Dokumentasi":"17/06/2026","Keterangan":"Titik (5) — Survey Pemasangan PUTS; alamat GPS: Mukai Pintu; Rabu, 17 Juni 2026 09:36; elevasi 895.9 m","Foto Survey Awal":"D:/011. ESDM/Penerangan Jalan Umum Tenaga Surya 2026/2026/03. Foto/KERINCI-SIULAK-TALANG TINGGI-001.jpg"},"geometry":{"type":"Point","coordinates":[101.351218,-1.946661]}},{"type":"Feature","properties":{"fid":"313","Nomor":"KERINCI-SIULAK MUKAI-TALANG TINGGI-002","Nama Anggota":"Bupati Kerinci","Jalur":"Gubernur","Alamat":"Desa Talang Tinggi, Kecamatan Siulak Mukai, Kabupaten Kerinci","Longitude":101.35123,"Latitude":-1.947441,"Tanggal Dokumentasi":"17/06/2026","Keterangan":"Titik (4) — Survey Pemasangan PUTS; alamat GPS: Jl. Ke Bukit Tengah, Mukai Pintu; Rabu, 17 Juni 2026 09:35; elevasi 898.3 m","Foto Survey Awal":"D:/011. ESDM/Penerangan Jalan Umum Tenaga Surya 2026/2026/03. Foto/KERINCI-SIULAK MUKAI-TALANG TINGGI-002.jpg"},"geometry":{"type":"Point","coordinates":[101.35123,-1.947441]}},{"type":"Feature","properties":{"fid":"314","Nomor":"KERINCI-AIR HANGAT-KOTO DUA LAMA-001","Nama Anggota":"Bupati Kerinci","Jalur":"Gubernur","Alamat":"Desa Koto Dua Lama, Kecamatan Air Hangat, Kabupaten Kerinci","Longitude":101.379473,"Latitude":-1.987493,"Tanggal Dokumentasi":"19/06/2026","Keterangan":"Titik (1) — Survey Pemasangan PUTS; alamat GPS: RT.05, Koto Dua Lama; Jumat, 19 Juni 2026 09:16; elevasi 810.6 m","Foto Survey Awal":"D:/011. ESDM/Penerangan Jalan Umum Tenaga Surya 2026/2026/03. Foto/KERINCI-AIR HANGAT-KOTO DUA LAMA-001.jpg"},"geometry":{"type":"Point","coordinates":[101.379473,-1.987493]}},{"type":"Feature","properties":{"fid":"315","Nomor":"KERINCI-SIULAK MUKAI-TALANG TINGGI-003","Nama Anggota":"Bupati Kerinci","Jalur":"Gubernur","Alamat":"Desa Talang Tinggi, Kecamatan Siulak Mukai, Kabupaten Kerinci","Longitude":101.351709,"Latitude":-1.94806,"Tanggal Dokumentasi":"17/06/2026","Keterangan":"Titik (2) — Survey Pemasangan PUTS; alamat GPS: 3922+RMF Desa Talang Tinggi; Rabu, 17 Juni 2026 09:30; elevasi 885.3 m","Foto Survey Awal":"D:/011. ESDM/Penerangan Jalan Umum Tenaga Surya 2026/2026/03. Foto/KERINCI-SIULAK MUKAI-TALANG TINGGI-003.jpg","Duplikat":true},"geometry":{"type":"Point","coordinates":[101.351709,-1.94806]}},{"type":"Feature","properties":{"fid":"316","Nomor":"KERINCI-SIULAK MUKAI-TALANG TINGGI-004","Nama Anggota":"Bupati Kerinci","Jalur":"Gubernur","Alamat":"Desa Talang Tinggi, Kecamatan Siulak Mukai, Kabupaten Kerinci","Longitude":101.351262,"Latitude":-1.948468,"Tanggal Dokumentasi":"17/06/2026","Keterangan":"Titik (1) — Survey Pemasangan PUTS; alamat GPS: Talang Tinggi No. 27, Mukai Pintu; Rabu, 17 Juni 2026 09:29; elevasi 885.7 m","Foto Survey Awal":"D:/011. ESDM/Penerangan Jalan Umum Tenaga Surya 2026/2026/03. Foto/KERINCI-SIULAK MUKAI-TALANG TINGGI-004.jpg"},"geometry":{"type":"Point","coordinates":[101.351262,-1.948468]}},{"type":"Feature","properties":{"fid":"317","Nomor":"KERINCI-GUNUNG TUJUH-TELUN BERASAP-001","Nama Anggota":"Bupati Kerinci","Jalur":"Gubernur","Alamat":"Desa Telun Berasap, Kecamatan Gunung Tujuh, Kabupaten Kerinci","Longitude":101.344982,"Latitude":-1.69861,"Tanggal Dokumentasi":"15/06/2026","Keterangan":"Survey Pemasangan PUTS; Senin, 15 Juni 2026 12:59; elevasi 1400.4 m","Foto Survey Awal":"D:/011. ESDM/Penerangan Jalan Umum Tenaga Surya 2026/2026/03. Foto/KERINCI-GUNUNG TUJUH-TELUN BERASAP-001.jpg"},"geometry":{"type":"Point","coordinates":[101.344982,-1.69861]}},{"type":"Feature","properties":{"fid":"318","Nomor":"KERINCI-SIULAK-MUKAI TINGGI-001","Nama Anggota":"Bupati Kerinci","Jalur":"Gubernur","Alamat":"Desa Mukai Tinggi, Kecamatan Siulak, Kabupaten Kerinci","Longitude":101.349734,"Latitude":-1.951342,"Tanggal Dokumentasi":"17/06/2026","Keterangan":"Titik (9) — Survey Pemasangan PUTS; alamat GPS: Jl. Padang Manyan, Tebing Tinggi; Rabu, 17 Juni 2026 09:24; elevasi 877.9 m","Foto Survey Awal":"D:/011. ESDM/Penerangan Jalan Umum Tenaga Surya 2026/2026/03. Foto/KERINCI-SIULAK-MUKAI TINGGI-001.jpg"},"geometry":{"type":"Point","coordinates":[101.349734,-1.951342]}},{"type":"Feature","properties":{"fid":"319","Nomor":"KERINCI-SIULAK-MUKAI TINGGI-002","Nama Anggota":"Bupati Kerinci","Jalur":"Gubernur","Alamat":"Desa Mukai Tinggi, Kecamatan Siulak, Kabupaten Kerinci","Longitude":101.34843,"Latitude":-1.951272,"Tanggal Dokumentasi":"17/06/2026","Keterangan":"Titik (8) — Survey Pemasangan PUTS; Rabu, 17 Juni 2026 09:23; elevasi 886.6 m","Foto Survey Awal":"D:/011. ESDM/Penerangan Jalan Umum Tenaga Surya 2026/2026/03. Foto/KERINCI-SIULAK-MUKAI TINGGI-002.jpg","Status":"Cadangan"},"geometry":{"type":"Point","coordinates":[101.34843,-1.951272]}},{"type":"Feature","properties":{"fid":"320","Nomor":"KERINCI-SIULAK MUKAI-TALANG TINGGI-005","Nama Anggota":"Bupati Kerinci","Jalur":"Gubernur","Alamat":"Desa Talang Tinggi, Kecamatan Siulak Mukai, Kabupaten Kerinci","Longitude":101.351709,"Latitude":-1.94806,"Tanggal Dokumentasi":"17/06/2026","Keterangan":"Titik (2) — Survey Pemasangan PUTS (foto kedua, koordinat sama dengan No. 10); Rabu, 17 Juni 2026 09:31; elevasi 885.3 m","Foto Survey Awal":"D:/011. ESDM/Penerangan Jalan Umum Tenaga Surya 2026/2026/03. Foto/KERINCI-SIULAK MUKAI-TALANG TINGGI-005.jpg"},"geometry":{"type":"Point","coordinates":[101.351709,-1.94806]}},{"type":"Feature","properties":{"fid":"321","Nomor":"KERINCI-SIULAK-MUKAI TINGGI-003","Nama Anggota":"Bupati Kerinci","Jalur":"Gubernur","Alamat":"Desa Mukai Tinggi, Kecamatan Siulak, Kabupaten Kerinci","Longitude":101.350547,"Latitude":-1.950214,"Tanggal Dokumentasi":"17/06/2026","Keterangan":"Titik (10) — Survey Pemasangan PUTS; alamat GPS: Jl. Padang Manyan, Tebing Tinggi; Rabu, 17 Juni 2026 09:25; elevasi 878.0 m","Foto Survey Awal":"D:/011. ESDM/Penerangan Jalan Umum Tenaga Surya 2026/2026/03. Foto/KERINCI-SIULAK-MUKAI TINGGI-003.jpg"},"geometry":{"type":"Point","coordinates":[101.350547,-1.950214]}},{"type":"Feature","properties":{"fid":"322","Nomor":"KERINCI-SIULAK-MUKAI TINGGI-004","Nama Anggota":"Bupati Kerinci","Jalur":"Gubernur","Alamat":"Desa Mukai Tinggi, Kecamatan Siulak, Kabupaten Kerinci","Longitude":101.348821,"Latitude":-1.949663,"Tanggal Dokumentasi":"17/06/2026","Keterangan":"Titik (11) — Survey Pemasangan PUTS; Rabu, 17 Juni 2026 09:27; elevasi 885.3 m","Foto Survey Awal":"D:/011. ESDM/Penerangan Jalan Umum Tenaga Surya 2026/2026/03. Foto/KERINCI-SIULAK-MUKAI TINGGI-004.jpg"},"geometry":{"type":"Point","coordinates":[101.348821,-1.949663]}},{"type":"Feature","properties":{"fid":"323","Nomor":"KERINCI-SIULAK MUKAI-TALANG TINGGI-006","Nama Anggota":"Bupati Kerinci","Jalur":"Gubernur","Alamat":"Desa Talang Tinggi, Kecamatan Siulak Mukai, Kabupaten Kerinci","Longitude":101.352582,"Latitude":-1.948128,"Tanggal Dokumentasi":"17/06/2026","Keterangan":"Titik (3) — Survey Pemasangan PUTS; alamat GPS: Desa Talang Tinggi; Rabu, 17 Juni 2026 09:33; elevasi 885.7 m","Foto Survey Awal":"D:/011. ESDM/Penerangan Jalan Umum Tenaga Surya 2026/2026/03. Foto/KERINCI-SIULAK MUKAI-TALANG TINGGI-006.jpg"},"geometry":{"type":"Point","coordinates":[101.352582,-1.948128]}},{"type":"Feature","properties":{"fid":"324","Nomor":"KERINCI-GUNUNG TUJUH-JERNIH JAYA-001","Nama Anggota":"Bupati Kerinci","Jalur":"Gubernur","Alamat":"Desa Jernih Jaya, Kecamatan Gunung Tujuh, Kabupaten Kerinci","Longitude":101.339808,"Latitude":-1.725176,"Tanggal Dokumentasi":"15/06/2026","Keterangan":"Titik (1) — Survey Pemasangan PUTS; Senin, 15 Juni 2026 12:34; elevasi 1413.8 m","Foto Survey Awal":"D:/011. ESDM/Penerangan Jalan Umum Tenaga Surya 2026/2026/03. Foto/KERINCI-GUNUNG TUJUH-JERNIH JAYA-001.jpg","Status":"Cadangan"},"geometry":{"type":"Point","coordinates":[101.339808,-1.725176]}},{"type":"Feature","properties":{"fid":"325","Nomor":"KERINCI-GUNUNG TUJUH-JERNIH JAYA-002","Nama Anggota":"Bupati Kerinci","Jalur":"Gubernur","Alamat":"Desa Jernih Jaya, Kecamatan Gunung Tujuh, Kabupaten Kerinci","Longitude":101.340924,"Latitude":-1.722977,"Tanggal Dokumentasi":"15/06/2026","Keterangan":"Titik (2) — Survey Pemasangan PUTS; Senin, 15 Juni 2026 12:38; elevasi 1408.9 m","Foto Survey Awal":"D:/011. ESDM/Penerangan Jalan Umum Tenaga Surya 2026/2026/03. Foto/KERINCI-GUNUNG TUJUH-JERNIH JAYA-002.jpg"},"geometry":{"type":"Point","coordinates":[101.340924,-1.722977]}},{"type":"Feature","properties":{"fid":"326","Nomor":"KERINCI-AIR HANGAT-HAMPARAN PUGU-001","Nama Anggota":"Bupati Kerinci","Jalur":"Gubernur","Alamat":"Desa Hamparan Pugu, Kecamatan Air Hangat, Kabupaten Kerinci","Longitude":101.367045,"Latitude":-1.983964,"Tanggal Dokumentasi":"13/06/2026","Keterangan":"Survey Pemasangan PUTS; alamat GPS: Kota Mebai; Sabtu, 13 Juni 2026 11:29; elevasi ~817.7 m","Foto Survey Awal":"D:/011. ESDM/Penerangan Jalan Umum Tenaga Surya 2026/2026/03. Foto/KERINCI-AIR HANGAT-HAMPARAN PUGU-001.jpg","Status":"Cadangan"},"geometry":{"type":"Point","coordinates":[101.367045,-1.983964]}},{"type":"Feature","properties":{"fid":"327","Nomor":"KERINCI-AIR HANGAT-KOTO DUA LAMA-002","Nama Anggota":"Bupati Kerinci","Jalur":"Gubernur","Alamat":"Desa Koto Dua Lama, Kecamatan Air Hangat, Kabupaten Kerinci","Longitude":101.380708,"Latitude":-1.986653,"Tanggal Dokumentasi":"13/06/2026","Keterangan":"Catatan Survey Pemasangan PUTS; alamat GPS: Pendung Hilir; Sabtu, 13 Juni 2026 09:58; elevasi 816.2 m","Foto Survey Awal":"D:/011. ESDM/Penerangan Jalan Umum Tenaga Surya 2026/2026/03. Foto/KERINCI-AIR HANGAT-KOTO DUA LAMA-002.jpg"},"geometry":{"type":"Point","coordinates":[101.380708,-1.986653]}},{"type":"Feature","properties":{"fid":"328","Nomor":"KERINCI-AIR HANGAT-HAMPARAN PUGU-002","Nama Anggota":"Bupati Kerinci","Jalur":"Gubernur","Alamat":"Desa Hamparan Pugu, Kecamatan Air Hangat, Kabupaten Kerinci","Longitude":101.364084,"Latitude":-1.981636,"Tanggal Dokumentasi":"13/06/2026","Keterangan":"Titik (2) — Survey Pemasangan PUTS; Sabtu, 13 Juni 2026 11:37; elevasi 821.0 m","Foto Survey Awal":"D:/011. ESDM/Penerangan Jalan Umum Tenaga Surya 2026/2026/03. Foto/KERINCI-AIR HANGAT-HAMPARAN PUGU-002.jpg"},"geometry":{"type":"Point","coordinates":[101.364084,-1.981636]}},{"type":"Feature","properties":{"fid":"329","Nomor":"KERINCI-SIULAK-TEBING TINGGI-001","Nama Anggota":"Bupati Kerinci","Jalur":"Gubernur","Alamat":"Desa Tebing Tinggi, Kecamatan Siulak, Kabupaten Kerinci","Longitude":101.34692,"Latitude":-1.95116,"Tanggal Dokumentasi":"11/06/2026","Keterangan":null,"Foto Survey Awal":"D:/011. ESDM/Penerangan Jalan Umum Tenaga Surya 2026/2026/03. Foto/KERINCI-SIULAK-TEBING TINGGI-001.jpg","Status":"Cadangan"},"geometry":{"type":"Point","coordinates":[101.34692,-1.95116]}},{"type":"Feature","properties":{"fid":"330","Nomor":"KERINCI-SIULAK-TEBING TINGGI-002","Nama Anggota":"Bupati Kerinci","Jalur":"Gubernur","Alamat":"Desa Tebing Tinggi, Kecamatan Siulak, Kabupaten Kerinci","Longitude":101.34693,"Latitude":-1.95115,"Tanggal Dokumentasi":"11/06/2026","Keterangan":null,"Foto Survey Awal":"D:/011. ESDM/Penerangan Jalan Umum Tenaga Surya 2026/2026/03. Foto/KERINCI-SIULAK-TEBING TINGGI-002.jpg","Status":"Cadangan"},"geometry":{"type":"Point","coordinates":[101.34693,-1.95115]}},{"type":"Feature","properties":{"fid":"331","Nomor":"KERINCI-SIULAK MUKAI-MUKAI TINGGI-001","Nama Anggota":"Bupati Kerinci","Jalur":"Gubernur","Alamat":"Desa Mukai Tinggi, Kecamatan Siulak Mukai, Kabupaten Kerinci","Longitude":101.34583,"Latitude":-1.95148,"Tanggal Dokumentasi":"11/06/2026","Keterangan":null,"Foto Survey Awal":"D:/011. ESDM/Penerangan Jalan Umum Tenaga Surya 2026/2026/03. Foto/KERINCI-SIULAK MUKAI-MUKAI TINGGI-001.jpg","Status":"Cadangan"},"geometry":{"type":"Point","coordinates":[101.34583,-1.95148]}},{"type":"Feature","properties":{"fid":"332","Nomor":"KERINCI-SIULAK MUKAI-SENIMPIK-001","Nama Anggota":"Bupati Kerinci","Jalur":"Gubernur","Alamat":"Desa Senimpik, Kecamatan Siulak Mukai, Kabupaten Kerinci","Longitude":101.34466,"Latitude":-1.95118,"Tanggal Dokumentasi":"11/06/2026","Keterangan":null,"Foto Survey Awal":"D:/011. ESDM/Penerangan Jalan Umum Tenaga Surya 2026/2026/03. Foto/KERINCI-SIULAK MUKAI-SENIMPIK-001.jpg","Status":"Cadangan"},"geometry":{"type":"Point","coordinates":[101.34466,-1.95118]}},{"type":"Feature","properties":{"fid":"333","Nomor":"KERINCI-SIULAK MUKAI-SENIMPIK-002","Nama Anggota":"Bupati Kerinci","Jalur":"Gubernur","Alamat":"Desa Senimpik, Kecamatan Siulak Mukai, Kabupaten Kerinci","Longitude":101.34402,"Latitude":-1.95104,"Tanggal Dokumentasi":"11/06/2026","Keterangan":null,"Foto Survey Awal":"D:/011. ESDM/Penerangan Jalan Umum Tenaga Surya 2026/2026/03. Foto/KERINCI-SIULAK MUKAI-SENIMPIK-002.jpg","Status":"Cadangan"},"geometry":{"type":"Point","coordinates":[101.34402,-1.95104]}},{"type":"Feature","properties":{"fid":"334","Nomor":"KERINCI-SIULAK MUKAI-SENIMPIK-003","Nama Anggota":"Bupati Kerinci","Jalur":"Gubernur","Alamat":"Desa Senimpik, Kecamatan Siulak Mukai, Kabupaten Kerinci","Longitude":101.34333,"Latitude":-1.9502,"Tanggal Dokumentasi":"11/06/2026","Keterangan":null,"Foto Survey Awal":"D:/011. ESDM/Penerangan Jalan Umum Tenaga Surya 2026/2026/03. Foto/KERINCI-SIULAK MUKAI-SENIMPIK-003.jpg","Status":"Cadangan"},"geometry":{"type":"Point","coordinates":[101.34333,-1.9502]}},{"type":"Feature","properties":{"fid":"335","Nomor":"KERINCI-SIULAK MUKAI-SENIMPIK-004","Nama Anggota":"Bupati Kerinci","Jalur":"Gubernur","Alamat":"Desa Senimpik, Kecamatan Siulak Mukai, Kabupaten Kerinci","Longitude":101.34325,"Latitude":-1.9501,"Tanggal Dokumentasi":"11/06/2026","Keterangan":null,"Foto Survey Awal":"D:/011. ESDM/Penerangan Jalan Umum Tenaga Surya 2026/2026/03. Foto/KERINCI-SIULAK MUKAI-SENIMPIK-004.jpg","Status":"Cadangan"},"geometry":{"type":"Point","coordinates":[101.34325,-1.9501]}},{"type":"Feature","properties":{"fid":"336","Nomor":"SAROLANGUN-SINGKUT-PAYO LEBAR-001","Nama Anggota":"Samsul Riduan, S.T.","Jalur":"Ketua DPRD","Alamat":"Desa Payo Lebar, Kecamatan Singkut, Kabupaten Sarolangun","Longitude":102.7239333,"Latitude":-2.4779,"Tanggal Dokumentasi":"09/07/2026","Keterangan":null,"Foto Survey Awal":"D:/011. ESDM/Penerangan Jalan Umum Tenaga Surya 2026/2026/03. Foto/SAROLANGUN-SINGKUT-PAYO LEBAR-001.jpg"},"geometry":{"type":"Point","coordinates":[102.7239333,-2.4779]}},{"type":"Feature","properties":{"fid":"337","Nomor":"SAROLANGUN-SINGKUT-PAYO LEBAR-002","Nama Anggota":"Samsul Riduan, S.T.","Jalur":"Ketua DPRD","Alamat":"Desa Payo Lebar, Kecamatan Singkut, Kabupaten Sarolangun","Longitude":102.7231,"Latitude":-2.476586111,"Tanggal Dokumentasi":"09/07/2026","Keterangan":null,"Foto Survey Awal":"D:/011. ESDM/Penerangan Jalan Umum Tenaga Surya 2026/2026/03. Foto/SAROLANGUN-SINGKUT-PAYO LEBAR-002.jpg"},"geometry":{"type":"Point","coordinates":[102.7231,-2.476586111]}},{"type":"Feature","properties":{"fid":"338","Nomor":"SAROLANGUN-SINGKUT-PAYO LEBAR-003","Nama Anggota":"Samsul Riduan, S.T.","Jalur":"Ketua DPRD","Alamat":"Desa Payo Lebar, Kecamatan Singkut, Kabupaten Sarolangun","Longitude":102.7238306,"Latitude":-2.479888889,"Tanggal Dokumentasi":"09/07/2026","Keterangan":null,"Foto Survey Awal":"D:/011. ESDM/Penerangan Jalan Umum Tenaga Surya 2026/2026/03. Foto/SAROLANGUN-SINGKUT-PAYO LEBAR-003.jpg"},"geometry":{"type":"Point","coordinates":[102.7238306,-2.479888889]}},{"type":"Feature","properties":{"fid":"339","Nomor":"SAROLANGUN-SINGKUT-PAYO LEBAR-004","Nama Anggota":"Samsul Riduan, S.T.","Jalur":"Ketua DPRD","Alamat":"Desa Payo Lebar, Kecamatan Singkut, Kabupaten Sarolangun","Longitude":102.7237417,"Latitude":-2.480313889,"Tanggal Dokumentasi":"09/07/2026","Keterangan":null,"Foto Survey Awal":"D:/011. ESDM/Penerangan Jalan Umum Tenaga Surya 2026/2026/03. Foto/SAROLANGUN-SINGKUT-PAYO LEBAR-004.jpg"},"geometry":{"type":"Point","coordinates":[102.7237417,-2.480313889]}},{"type":"Feature","properties":{"fid":"340","Nomor":"SAROLANGUN-SINGKUT-PAYO LEBAR-005","Nama Anggota":"Samsul Riduan, S.T.","Jalur":"Ketua DPRD","Alamat":"Desa Payo Lebar, Kecamatan Singkut, Kabupaten Sarolangun","Longitude":102.7281694,"Latitude":-2.474361111,"Tanggal Dokumentasi":"09/07/2026","Keterangan":null,"Foto Survey Awal":"D:/011. ESDM/Penerangan Jalan Umum Tenaga Surya 2026/2026/03. Foto/SAROLANGUN-SINGKUT-PAYO LEBAR-005.jpg"},"geometry":{"type":"Point","coordinates":[102.7281694,-2.474361111]}},{"type":"Feature","properties":{"fid":"341","Nomor":"SAROLANGUN-SINGKUT-PAYO LEBAR-006","Nama Anggota":"Samsul Riduan, S.T.","Jalur":"Ketua DPRD","Alamat":"Desa Payo Lebar, Kecamatan Singkut, Kabupaten Sarolangun","Longitude":102.7323556,"Latitude":-2.479138889,"Tanggal Dokumentasi":"09/07/2026","Keterangan":null,"Foto Survey Awal":"D:/011. ESDM/Penerangan Jalan Umum Tenaga Surya 2026/2026/03. Foto/SAROLANGUN-SINGKUT-PAYO LEBAR-006.jpg"},"geometry":{"type":"Point","coordinates":[102.7323556,-2.479138889]}},{"type":"Feature","properties":{"fid":"342","Nomor":"SAROLANGUN-SINGKUT-PAYO LEBAR-007","Nama Anggota":"Samsul Riduan, S.T.","Jalur":"Ketua DPRD","Alamat":"Desa Payo Lebar, Kecamatan Singkut, Kabupaten Sarolangun","Longitude":102.7336861,"Latitude":-2.482405556,"Tanggal Dokumentasi":"09/07/2026","Keterangan":null,"Foto Survey Awal":"D:/011. ESDM/Penerangan Jalan Umum Tenaga Surya 2026/2026/03. Foto/SAROLANGUN-SINGKUT-PAYO LEBAR-007.jpg"},"geometry":{"type":"Point","coordinates":[102.7336861,-2.482405556]}},{"type":"Feature","properties":{"fid":"343","Nomor":"SAROLANGUN-SINGKUT-PAYO LEBAR-008","Nama Anggota":"Samsul Riduan, S.T.","Jalur":"Ketua DPRD","Alamat":"Desa Payo Lebar, Kecamatan Singkut, Kabupaten Sarolangun","Longitude":102.7280917,"Latitude":-2.483188889,"Tanggal Dokumentasi":"09/07/2026","Keterangan":null,"Foto Survey Awal":"D:/011. ESDM/Penerangan Jalan Umum Tenaga Surya 2026/2026/03. Foto/SAROLANGUN-SINGKUT-PAYO LEBAR-008.jpg"},"geometry":{"type":"Point","coordinates":[102.7280917,-2.483188889]}},{"type":"Feature","properties":{"fid":"344","Nomor":"SAROLANGUN-SINGKUT-PAYO LEBAR-009","Nama Anggota":"Samsul Riduan, S.T.","Jalur":"Ketua DPRD","Alamat":"Desa Payo Lebar, Kecamatan Singkut, Kabupaten Sarolangun","Longitude":102.719825,"Latitude":-2.484108,"Tanggal Dokumentasi":"09/07/2026","Keterangan":null,"Foto Survey Awal":"D:/011. ESDM/Penerangan Jalan Umum Tenaga Surya 2026/2026/03. Foto/SAROLANGUN-SINGKUT-PAYO LEBAR-009.jpg"},"geometry":{"type":"Point","coordinates":[102.719825,-2.484108]}},{"type":"Feature","properties":{"fid":"345","Nomor":"SAROLANGUN-SINGKUT-PAYO LEBAR-010","Nama Anggota":"Samsul Riduan, S.T.","Jalur":"Ketua DPRD","Alamat":"Desa Payo Lebar, Kecamatan Singkut, Kabupaten Sarolangun","Longitude":102.727977,"Latitude":-2.488197,"Tanggal Dokumentasi":"09/07/2026","Keterangan":null,"Foto Survey Awal":"D:/011. ESDM/Penerangan Jalan Umum Tenaga Surya 2026/2026/03. Foto/SAROLANGUN-SINGKUT-PAYO LEBAR-010.jpg"},"geometry":{"type":"Point","coordinates":[102.727977,-2.488197]}},{"type":"Feature","properties":{"fid":"346","Nomor":"SAROLANGUN-SINGKUT-PAYO LEBAR-011","Nama Anggota":"Samsul Riduan, S.T.","Jalur":"Ketua DPRD","Alamat":"Desa Payo Lebar, Kecamatan Singkut, Kabupaten Sarolangun","Longitude":102.723907,"Latitude":-2.484185,"Tanggal Dokumentasi":"09/07/2026","Keterangan":null,"Foto Survey Awal":"D:/011. ESDM/Penerangan Jalan Umum Tenaga Surya 2026/2026/03. Foto/SAROLANGUN-SINGKUT-PAYO LEBAR-011.jpg"},"geometry":{"type":"Point","coordinates":[102.723907,-2.484185]}},{"type":"Feature","properties":{"fid":"347","Nomor":"SAROLANGUN-SINGKUT-PAYO LEBAR-012","Nama Anggota":"Samsul Riduan, S.T.","Jalur":"Ketua DPRD","Alamat":"Desa Payo Lebar, Kecamatan Singkut, Kabupaten Sarolangun","Longitude":102.728088,"Latitude":-2.484287,"Tanggal Dokumentasi":"09/07/2026","Keterangan":null,"Foto Survey Awal":"D:/011. ESDM/Penerangan Jalan Umum Tenaga Surya 2026/2026/03. Foto/SAROLANGUN-SINGKUT-PAYO LEBAR-012.jpg"},"geometry":{"type":"Point","coordinates":[102.728088,-2.484287]}},{"type":"Feature","properties":{"fid":"348","Nomor":"SAROLANGUN-SINGKUT-PAYO LEBAR-013","Nama Anggota":"Samsul Riduan, S.T.","Jalur":"Ketua DPRD","Alamat":"Desa Payo Lebar, Kecamatan Singkut, Kabupaten Sarolangun","Longitude":102.721987,"Latitude":-2.488035,"Tanggal Dokumentasi":"09/07/2026","Keterangan":null,"Foto Survey Awal":"D:/011. ESDM/Penerangan Jalan Umum Tenaga Surya 2026/2026/03. Foto/SAROLANGUN-SINGKUT-PAYO LEBAR-013.jpg"},"geometry":{"type":"Point","coordinates":[102.721987,-2.488035]}},{"type":"Feature","properties":{"fid":"349","Nomor":"SAROLANGUN-SINGKUT-PAYO LEBAR-014","Nama Anggota":"Samsul Riduan, S.T.","Jalur":"Ketua DPRD","Alamat":"Desa Payo Lebar, Kecamatan Singkut, Kabupaten Sarolangun","Longitude":102.729903,"Latitude":-2.492074,"Tanggal Dokumentasi":"09/07/2026","Keterangan":null,"Foto Survey Awal":"D:/011. ESDM/Penerangan Jalan Umum Tenaga Surya 2026/2026/03. Foto/SAROLANGUN-SINGKUT-PAYO LEBAR-014.jpg"},"geometry":{"type":"Point","coordinates":[102.729903,-2.492074]}},{"type":"Feature","properties":{"fid":"350","Nomor":"SAROLANGUN-SINGKUT-PAYO LEBAR-015","Nama Anggota":"Samsul Riduan, S.T.","Jalur":"Ketua DPRD","Alamat":"Desa Payo Lebar, Kecamatan Singkut, Kabupaten Sarolangun","Longitude":102.731418,"Latitude":-2.48443,"Tanggal Dokumentasi":"09/07/2026","Keterangan":null,"Foto Survey Awal":"D:/011. ESDM/Penerangan Jalan Umum Tenaga Surya 2026/2026/03. Foto/SAROLANGUN-SINGKUT-PAYO LEBAR-015.jpg"},"geometry":{"type":"Point","coordinates":[102.731418,-2.48443]}},{"type":"Feature","properties":{"fid":"351","Nomor":"SAROLANGUN-SINGKUT-PAYO LEBAR-016","Nama Anggota":"Samsul Riduan, S.T.","Jalur":"Ketua DPRD","Alamat":"Desa Payo Lebar, Kecamatan Singkut, Kabupaten Sarolangun","Longitude":102.719635,"Latitude":-2.486238,"Tanggal Dokumentasi":"09/07/2026","Keterangan":null,"Foto Survey Awal":"D:/011. ESDM/Penerangan Jalan Umum Tenaga Surya 2026/2026/03. Foto/SAROLANGUN-SINGKUT-PAYO LEBAR-016.jpg"},"geometry":{"type":"Point","coordinates":[102.719635,-2.486238]}},{"type":"Feature","properties":{"fid":"352","Nomor":"SAROLANGUN-SINGKUT-PAYO LEBAR-017","Nama Anggota":"Samsul Riduan, S.T.","Jalur":"Ketua DPRD","Alamat":"Desa Payo Lebar, Kecamatan Singkut, Kabupaten Sarolangun","Longitude":102.71961,"Latitude":-2.491088,"Tanggal Dokumentasi":"09/07/2026","Keterangan":null,"Foto Survey Awal":"D:/011. ESDM/Penerangan Jalan Umum Tenaga Surya 2026/2026/03. Foto/SAROLANGUN-SINGKUT-PAYO LEBAR-017.jpg"},"geometry":{"type":"Point","coordinates":[102.71961,-2.491088]}},{"type":"Feature","properties":{"fid":"353","Nomor":"SAROLANGUN-SINGKUT-PAYO LEBAR-018","Nama Anggota":"Samsul Riduan, S.T.","Jalur":"Ketua DPRD","Alamat":"Desa Payo Lebar, Kecamatan Singkut, Kabupaten Sarolangun","Longitude":102.730979,"Latitude":-2.491085,"Tanggal Dokumentasi":"09/07/2026","Keterangan":null,"Foto Survey Awal":"D:/011. ESDM/Penerangan Jalan Umum Tenaga Surya 2026/2026/03. Foto/SAROLANGUN-SINGKUT-PAYO LEBAR-018.jpg"},"geometry":{"type":"Point","coordinates":[102.730979,-2.491085]}},{"type":"Feature","properties":{"fid":"354","Nomor":"SAROLANGUN-SINGKUT-PAYO LEBAR-019","Nama Anggota":"Samsul Riduan, S.T.","Jalur":"Ketua DPRD","Alamat":"Desa Payo Lebar, Kecamatan Singkut, Kabupaten Sarolangun","Longitude":102.731828,"Latitude":-2.488332,"Tanggal Dokumentasi":"09/07/2026","Keterangan":null,"Foto Survey Awal":"D:/011. ESDM/Penerangan Jalan Umum Tenaga Surya 2026/2026/03. Foto/SAROLANGUN-SINGKUT-PAYO LEBAR-019.jpg"},"geometry":{"type":"Point","coordinates":[102.731828,-2.488332]}},{"type":"Feature","properties":{"fid":"355","Nomor":"SAROLANGUN-SINGKUT-PAYO LEBAR-020","Nama Anggota":"Samsul Riduan, S.T.","Jalur":"Ketua DPRD","Alamat":"Desa Payo Lebar, Kecamatan Singkut, Kabupaten Sarolangun","Longitude":102.71766,"Latitude":-2.490843,"Tanggal Dokumentasi":"09/07/2026","Keterangan":null,"Foto Survey Awal":"D:/011. ESDM/Penerangan Jalan Umum Tenaga Surya 2026/2026/03. Foto/SAROLANGUN-SINGKUT-PAYO LEBAR-020.jpg"},"geometry":{"type":"Point","coordinates":[102.71766,-2.490843]}},{"type":"Feature","properties":{"fid":"356","Nomor":"SAROLANGUN-SINGKUT-SILIWANGI-001","Nama Anggota":"Samsul Riduan, S.T.","Jalur":"Ketua DPRD","Alamat":"Desa Siliwangi, Kecamatan Singkut, Kabupaten Sarolangun","Longitude":102.743229,"Latitude":-2.525722,"Tanggal Dokumentasi":"12/07/2026","Keterangan":null,"Foto Survey Awal":"D:/011. ESDM/Penerangan Jalan Umum Tenaga Surya 2026/2026/03. Foto/SAROLANGUN-SINGKUT-SILIWANGI-001.jpg"},"geometry":{"type":"Point","coordinates":[102.743229,-2.525722]}},{"type":"Feature","properties":{"fid":"357","Nomor":"SAROLANGUN-SINGKUT-SILIWANGI-010","Nama Anggota":"Samsul Riduan, S.T.","Jalur":"Ketua DPRD","Alamat":"Desa Siliwangi, Kecamatan Singkut, Kabupaten Sarolangun","Longitude":102.725663,"Latitude":-2.525131,"Tanggal Dokumentasi":"12/07/2026","Keterangan":null,"Foto Survey Awal":"D:/011. ESDM/Penerangan Jalan Umum Tenaga Surya 2026/2026/03. Foto/SAROLANGUN-SINGKUT-SILIWANGI-010.jpg"},"geometry":{"type":"Point","coordinates":[102.725663,-2.525131]}},{"type":"Feature","properties":{"fid":"358","Nomor":"SAROLANGUN-SINGKUT-SILIWANGI-002","Nama Anggota":"Samsul Riduan, S.T.","Jalur":"Ketua DPRD","Alamat":"Desa Siliwangi, Kecamatan Singkut, Kabupaten Sarolangun","Longitude":102.744122,"Latitude":-2.526517,"Tanggal Dokumentasi":"12/07/2026","Keterangan":null,"Foto Survey Awal":"D:/011. ESDM/Penerangan Jalan Umum Tenaga Surya 2026/2026/03. Foto/SAROLANGUN-SINGKUT-SILIWANGI-002.jpg"},"geometry":{"type":"Point","coordinates":[102.744122,-2.526517]}},{"type":"Feature","properties":{"fid":"359","Nomor":"SAROLANGUN-SINGKUT-SILIWANGI-003","Nama Anggota":"Samsul Riduan, S.T.","Jalur":"Ketua DPRD","Alamat":"Desa Siliwangi, Kecamatan Singkut, Kabupaten Sarolangun","Longitude":102.744182,"Latitude":-2.524785,"Tanggal Dokumentasi":"12/07/2026","Keterangan":null,"Foto Survey Awal":"D:/011. ESDM/Penerangan Jalan Umum Tenaga Surya 2026/2026/03. Foto/SAROLANGUN-SINGKUT-SILIWANGI-003.jpg"},"geometry":{"type":"Point","coordinates":[102.744182,-2.524785]}},{"type":"Feature","properties":{"fid":"360","Nomor":"SAROLANGUN-SINGKUT-SILIWANGI-004","Nama Anggota":"Samsul Riduan, S.T.","Jalur":"Ketua DPRD","Alamat":"Desa Siliwangi, Kecamatan Singkut, Kabupaten Sarolangun","Longitude":102.742367,"Latitude":-2.526503,"Tanggal Dokumentasi":"12/07/2026","Keterangan":null,"Foto Survey Awal":"D:/011. ESDM/Penerangan Jalan Umum Tenaga Surya 2026/2026/03. Foto/SAROLANGUN-SINGKUT-SILIWANGI-004.jpg"},"geometry":{"type":"Point","coordinates":[102.742367,-2.526503]}},{"type":"Feature","properties":{"fid":"361","Nomor":"SAROLANGUN-SINGKUT-SILIWANGI-005","Nama Anggota":"Samsul Riduan, S.T.","Jalur":"Ketua DPRD","Alamat":"Desa Siliwangi, Kecamatan Singkut, Kabupaten Sarolangun","Longitude":102.744046,"Latitude":-2.521208,"Tanggal Dokumentasi":"12/07/2026","Keterangan":null,"Foto Survey Awal":"D:/011. ESDM/Penerangan Jalan Umum Tenaga Surya 2026/2026/03. Foto/SAROLANGUN-SINGKUT-SILIWANGI-005.jpg"},"geometry":{"type":"Point","coordinates":[102.744046,-2.521208]}},{"type":"Feature","properties":{"fid":"362","Nomor":"SAROLANGUN-SINGKUT-SILIWANGI-006","Nama Anggota":"Samsul Riduan, S.T.","Jalur":"Ketua DPRD","Alamat":"Desa Siliwangi, Kecamatan Singkut, Kabupaten Sarolangun","Longitude":102.74394,"Latitude":-2.517292,"Tanggal Dokumentasi":"12/07/2026","Keterangan":null,"Foto Survey Awal":"D:/011. ESDM/Penerangan Jalan Umum Tenaga Surya 2026/2026/03. Foto/SAROLANGUN-SINGKUT-SILIWANGI-006.jpg"},"geometry":{"type":"Point","coordinates":[102.74394,-2.517292]}},{"type":"Feature","properties":{"fid":"363","Nomor":"SAROLANGUN-SINGKUT-SILIWANGI-007","Nama Anggota":"Samsul Riduan, S.T.","Jalur":"Ketua DPRD","Alamat":"Desa Siliwangi, Kecamatan Singkut, Kabupaten Sarolangun","Longitude":102.74413,"Latitude":-2.522346,"Tanggal Dokumentasi":"12/07/2026","Keterangan":null,"Foto Survey Awal":"D:/011. ESDM/Penerangan Jalan Umum Tenaga Surya 2026/2026/03. Foto/SAROLANGUN-SINGKUT-SILIWANGI-007.jpg"},"geometry":{"type":"Point","coordinates":[102.74413,-2.522346]}},{"type":"Feature","properties":{"fid":"364","Nomor":"SAROLANGUN-SINGKUT-SILIWANGI-008","Nama Anggota":"Samsul Riduan, S.T.","Jalur":"Ketua DPRD","Alamat":"Desa Siliwangi, Kecamatan Singkut, Kabupaten Sarolangun","Longitude":102.729625,"Latitude":-2.507095,"Tanggal Dokumentasi":"12/07/2026","Keterangan":null,"Foto Survey Awal":"D:/011. ESDM/Penerangan Jalan Umum Tenaga Surya 2026/2026/03. Foto/SAROLANGUN-SINGKUT-SILIWANGI-008.jpg"},"geometry":{"type":"Point","coordinates":[102.729625,-2.507095]}},{"type":"Feature","properties":{"fid":"365","Nomor":"SAROLANGUN-SINGKUT-SILIWANGI-009","Nama Anggota":"Samsul Riduan, S.T.","Jalur":"Ketua DPRD","Alamat":"Desa Siliwangi, Kecamatan Singkut, Kabupaten Sarolangun","Longitude":102.743954,"Latitude":-2.515772,"Tanggal Dokumentasi":"12/07/2026","Keterangan":null,"Foto Survey Awal":"D:/011. ESDM/Penerangan Jalan Umum Tenaga Surya 2026/2026/03. Foto/SAROLANGUN-SINGKUT-SILIWANGI-009.jpg"},"geometry":{"type":"Point","coordinates":[102.743954,-2.515772]}},{"type":"Feature","properties":{"fid":"366","Nomor":"MERANGIN-BATANG MASUMAI-SALAM BUKU-001","Nama Anggota":"Dr. Ir. H. Ahmad Fauzi Ansori, M.T.","Jalur":"Ketua DPRD","Alamat":"Desa Salam Buku, Kecamatan Batang Masumai, Kabupaten Merangin","Longitude":102.262328,"Latitude":-2.063963,"Tanggal Dokumentasi":"09/07/2026","Keterangan":null,"Foto Survey Awal":"D:/011. ESDM/Penerangan Jalan Umum Tenaga Surya 2026/2026/03. Foto/MERANGIN-BATANG MASUMAI-SALAM BUKU-001.jpg"},"geometry":{"type":"Point","coordinates":[102.262328,-2.063963]}},{"type":"Feature","properties":{"fid":"367","Nomor":"MERANGIN-BATANG MASUMAI-SALAM BUKU-002","Nama Anggota":"Dr. Ir. H. Ahmad Fauzi Ansori, M.T.","Jalur":"Ketua DPRD","Alamat":"Desa Salam Buku, Kecamatan Batang Masumai, Kabupaten Merangin","Longitude":102.261625,"Latitude":-2.062885,"Tanggal Dokumentasi":"09/07/2026","Keterangan":null,"Foto Survey Awal":"D:/011. ESDM/Penerangan Jalan Umum Tenaga Surya 2026/2026/03. Foto/MERANGIN-BATANG MASUMAI-SALAM BUKU-002.jpg"},"geometry":{"type":"Point","coordinates":[102.261625,-2.062885]}},{"type":"Feature","properties":{"fid":"368","Nomor":"MERANGIN-BATANG MASUMAI-SALAM BUKU-003","Nama Anggota":"Dr. Ir. H. Ahmad Fauzi Ansori, M.T.","Jalur":"Ketua DPRD","Alamat":"Desa Salam Buku, Kecamatan Batang Masumai, Kabupaten Merangin","Longitude":102.261265,"Latitude":-2.0632,"Tanggal Dokumentasi":"09/07/2026","Keterangan":null,"Foto Survey Awal":"D:/011. ESDM/Penerangan Jalan Umum Tenaga Surya 2026/2026/03. Foto/MERANGIN-BATANG MASUMAI-SALAM BUKU-003.jpg"},"geometry":{"type":"Point","coordinates":[102.261265,-2.0632]}},{"type":"Feature","properties":{"fid":"369","Nomor":"MERANGIN-BATANG MASUMAI-SALAM BUKU-004","Nama Anggota":"Dr. Ir. H. Ahmad Fauzi Ansori, M.T.","Jalur":"Ketua DPRD","Alamat":"Desa Salam Buku, Kecamatan Batang Masumai, Kabupaten Merangin","Longitude":102.261125,"Latitude":-2.062162,"Tanggal Dokumentasi":"09/07/2026","Keterangan":null,"Foto Survey Awal":"D:/011. ESDM/Penerangan Jalan Umum Tenaga Surya 2026/2026/03. Foto/MERANGIN-BATANG MASUMAI-SALAM BUKU-004.jpg"},"geometry":{"type":"Point","coordinates":[102.261125,-2.062162]}},{"type":"Feature","properties":{"fid":"370","Nomor":"MERANGIN-BANGKO-PEMATANG KANDIS-001","Nama Anggota":"Dr. Ir. H. Ahmad Fauzi Ansori, M.T.","Jalur":"Ketua DPRD","Alamat":"Desa Pematang Kandis, Kecamatan Bangko, Kabupaten Merangin","Longitude":102.28498,"Latitude":-2.053708,"Tanggal Dokumentasi":"09/07/2026","Keterangan":null,"Foto Survey Awal":"D:/011. ESDM/Penerangan Jalan Umum Tenaga Surya 2026/2026/03. Foto/MERANGIN-BANGKO-PEMATANG KANDIS-001.jpg"},"geometry":{"type":"Point","coordinates":[102.28498,-2.053708]}},{"type":"Feature","properties":{"fid":"371","Nomor":"MERANGIN-BATANG MASUMAI-SALAM BUKU-005","Nama Anggota":"Dr. Ir. H. Ahmad Fauzi Ansori, M.T.","Jalur":"Ketua DPRD","Alamat":"Desa Salam Buku, Kecamatan Batang Masumai, Kabupaten Merangin","Longitude":102.260833,"Latitude":-2.062028,"Tanggal Dokumentasi":"09/07/2026","Keterangan":null,"Foto Survey Awal":"D:/011. ESDM/Penerangan Jalan Umum Tenaga Surya 2026/2026/03. Foto/MERANGIN-BATANG MASUMAI-SALAM BUKU-005.jpg"},"geometry":{"type":"Point","coordinates":[102.260833,-2.062028]}},{"type":"Feature","properties":{"fid":"372","Nomor":"MERANGIN-BANGKO-PEMATANG KANDIS-002","Nama Anggota":"Dr. Ir. H. Ahmad Fauzi Ansori, M.T.","Jalur":"Ketua DPRD","Alamat":"Desa Pematang Kandis, Kecamatan Bangko, Kabupaten Merangin","Longitude":102.285059,"Latitude":-2.046488,"Tanggal Dokumentasi":"09/07/2026","Keterangan":null,"Foto Survey Awal":"D:/011. ESDM/Penerangan Jalan Umum Tenaga Surya 2026/2026/03. Foto/MERANGIN-BANGKO-PEMATANG KANDIS-002.jpg"},"geometry":{"type":"Point","coordinates":[102.285059,-2.046488]}},{"type":"Feature","properties":{"fid":"373","Nomor":"MERANGIN-BANGKO-PEMATANG KANDIS-003","Nama Anggota":"Dr. Ir. H. Ahmad Fauzi Ansori, M.T.","Jalur":"Ketua DPRD","Alamat":"Desa Pematang Kandis, Kecamatan Bangko, Kabupaten Merangin","Longitude":102.285737,"Latitude":-2.049258,"Tanggal Dokumentasi":"09/07/2026","Keterangan":null,"Foto Survey Awal":"D:/011. ESDM/Penerangan Jalan Umum Tenaga Surya 2026/2026/03. Foto/MERANGIN-BANGKO-PEMATANG KANDIS-003.jpg"},"geometry":{"type":"Point","coordinates":[102.285737,-2.049258]}},{"type":"Feature","properties":{"fid":"374","Nomor":"MERANGIN-BANGKO-DUSUN BANGKO-002","Nama Anggota":"Dr. Ir. H. Ahmad Fauzi Ansori, M.T.","Jalur":"Ketua DPRD","Alamat":"Desa Dusun Bangko, Kecamatan Bangko, Kabupaten Merangin","Longitude":102.288606,"Latitude":-2.072428,"Tanggal Dokumentasi":"09/07/2026","Keterangan":null,"Foto Survey Awal":"D:/011. ESDM/Penerangan Jalan Umum Tenaga Surya 2026/2026/03. Foto/MERANGIN-BANGKO-DUSUN BANGKO-002.jpg"},"geometry":{"type":"Point","coordinates":[102.288606,-2.072428]}},{"type":"Feature","properties":{"fid":"375","Nomor":"MERANGIN-BANGKO-DUSUN BANGKO-003","Nama Anggota":"Dr. Ir. H. Ahmad Fauzi Ansori, M.T.","Jalur":"Ketua DPRD","Alamat":"Desa Dusun Bangko, Kecamatan Bangko, Kabupaten Merangin","Longitude":102.285665,"Latitude":-2.071672,"Tanggal Dokumentasi":"09/07/2026","Keterangan":null,"Foto Survey Awal":"D:/011. ESDM/Penerangan Jalan Umum Tenaga Surya 2026/2026/03. Foto/MERANGIN-BANGKO-DUSUN BANGKO-003.jpg"},"geometry":{"type":"Point","coordinates":[102.285665,-2.071672]}},{"type":"Feature","properties":{"fid":"376","Nomor":"TANJUNG JABUNG TIMUR-MUARA SABAK TIMUR-MUARA SABAK ILIR-001","Nama Anggota":"Yudi Hariyanto, EY","Jalur":"Ketua DPRD","Alamat":"Desa Muara Sabak Ilir, Kecamatan Muara Sabak Timur, Kabupaten Tanjung Jabung Timur","Longitude":103.85089,"Latitude":-1.12494,"Tanggal Dokumentasi":"03/08/2026","Keterangan":"RT 01 RW 03","Foto Survey Awal":"D:/011. ESDM/Penerangan Jalan Umum Tenaga Surya 2026/2026/03. Foto/TANJUNG JABUNG TIMUR-MUARA SABAK TIMUR-MUARA SABAK ILIR-001.jpg"},"geometry":{"type":"Point","coordinates":[103.85089,-1.12494]}},{"type":"Feature","properties":{"fid":"377","Nomor":"TANJUNG JABUNG TIMUR-MUARA SABAK TIMUR-MUARA SABAK ILIR-002","Nama Anggota":"Yudi Hariyanto, EY","Jalur":"Ketua DPRD","Alamat":"Desa Muara Sabak Ilir, Kecamatan Muara Sabak Timur, Kabupaten Tanjung Jabung Timur","Longitude":103.85123,"Latitude":-1.12465,"Tanggal Dokumentasi":"03/08/2026","Keterangan":"RT 01 RW 03","Foto Survey Awal":"D:/011. ESDM/Penerangan Jalan Umum Tenaga Surya 2026/2026/03. Foto/TANJUNG JABUNG TIMUR-MUARA SABAK TIMUR-MUARA SABAK ILIR-002.jpg"},"geometry":{"type":"Point","coordinates":[103.85123,-1.12465]}},{"type":"Feature","properties":{"fid":"378","Nomor":"TANJUNG JABUNG TIMUR-MUARA SABAK TIMUR-MUARA SABAK ILIR-003","Nama Anggota":"Yudi Hariyanto, EY","Jalur":"Ketua DPRD","Alamat":"Desa Muara Sabak Ilir, Kecamatan Muara Sabak Timur, Kabupaten Tanjung Jabung Timur","Longitude":103.88408,"Latitude":-1.12497,"Tanggal Dokumentasi":"03/08/2026","Keterangan":"RT 06 RW 03","Foto Survey Awal":"D:/011. ESDM/Penerangan Jalan Umum Tenaga Surya 2026/2026/03. Foto/TANJUNG JABUNG TIMUR-MUARA SABAK TIMUR-MUARA SABAK ILIR-003.jpg"},"geometry":{"type":"Point","coordinates":[103.88408,-1.12497]}},{"type":"Feature","properties":{"fid":"379","Nomor":"TANJUNG JABUNG TIMUR-MUARA SABAK TIMUR-MUARA SABAK ILIR-004","Nama Anggota":"Yudi Hariyanto, EY","Jalur":"Ketua DPRD","Alamat":"Desa Muara Sabak Ilir, Kecamatan Muara Sabak Timur, Kabupaten Tanjung Jabung Timur","Longitude":103.88416,"Latitude":-1.12494,"Tanggal Dokumentasi":"03/08/2026","Keterangan":"RT 06 RW 03","Foto Survey Awal":"D:/011. ESDM/Penerangan Jalan Umum Tenaga Surya 2026/2026/03. Foto/TANJUNG JABUNG TIMUR-MUARA SABAK TIMUR-MUARA SABAK ILIR-004.jpg"},"geometry":{"type":"Point","coordinates":[103.88416,-1.12494]}},{"type":"Feature","properties":{"fid":"380","Nomor":"TANJUNG JABUNG TIMUR-MUARA SABAK TIMUR-LAMBUR I-001","Nama Anggota":"Yudi Hariyanto, EY","Jalur":"Ketua DPRD","Alamat":"Desa Lambur I, Kecamatan Muara Sabak Timur, Kabupaten Tanjung Jabung Timur","Longitude":103.97462,"Latitude":-1.11112,"Tanggal Dokumentasi":"03/08/2026","Keterangan":"Desa Lambur I","Foto Survey Awal":"D:/011. ESDM/Penerangan Jalan Umum Tenaga Surya 2026/2026/03. Foto/TANJUNG JABUNG TIMUR-MUARA SABAK TIMUR-LAMBUR I-001.jpg"},"geometry":{"type":"Point","coordinates":[103.97462,-1.11112]}},{"type":"Feature","properties":{"fid":"381","Nomor":"TANJUNG JABUNG TIMUR-MUARA SABAK TIMUR-LAMBUR I-002","Nama Anggota":"Yudi Hariyanto, EY","Jalur":"Ketua DPRD","Alamat":"Desa Lambur I, Kecamatan Muara Sabak Timur, Kabupaten Tanjung Jabung Timur","Longitude":103.97482,"Latitude":-1.1108,"Tanggal Dokumentasi":"03/08/2026","Keterangan":"Desa Lambur I","Foto Survey Awal":"D:/011. ESDM/Penerangan Jalan Umum Tenaga Surya 2026/2026/03. Foto/TANJUNG JABUNG TIMUR-MUARA SABAK TIMUR-LAMBUR I-002.jpg"},"geometry":{"type":"Point","coordinates":[103.97482,-1.1108]}},{"type":"Feature","properties":{"fid":"382","Nomor":"TEBO-MUARA TABIR-PINTAS TUO-001","Nama Anggota":"Mazlan, S.Kom., M.E.","Jalur":"Komisi III","Alamat":"Desa Pintas Tuo, Kecamatan Muara Tabir, Kabupaten Tebo","Longitude":102.56526,"Latitude":-1.6412,"Tanggal Dokumentasi":"03/06/2026","Keterangan":"RT 10 Dusun V Lingkar","Foto Survey Awal":"D:/011. ESDM/Penerangan Jalan Umum Tenaga Surya 2026/2026/03. Foto/TEBO-MUARA TABIR-PINTAS TUO-001.jpg"},"geometry":{"type":"Point","coordinates":[102.56526,-1.6412]}},{"type":"Feature","properties":{"fid":"383","Nomor":"TEBO-MUARA TABIR-PINTAS TUO-002","Nama Anggota":"Mazlan, S.Kom., M.E.","Jalur":"Komisi III","Alamat":"Desa Pintas Tuo, Kecamatan Muara Tabir, Kabupaten Tebo","Longitude":102.565292,"Latitude":-1.641196,"Tanggal Dokumentasi":"03/06/2026","Keterangan":"RT 10 Dusun V Lingkar","Foto Survey Awal":"D:/011. ESDM/Penerangan Jalan Umum Tenaga Surya 2026/2026/03. Foto/TEBO-MUARA TABIR-PINTAS TUO-002.jpg"},"geometry":{"type":"Point","coordinates":[102.565292,-1.641196]}},{"type":"Feature","properties":{"fid":"384","Nomor":"TEBO-MUARA TABIR-PINTAS TUO-003","Nama Anggota":"Mazlan, S.Kom., M.E.","Jalur":"Komisi III","Alamat":"Desa Pintas Tuo, Kecamatan Muara Tabir, Kabupaten Tebo","Longitude":102.559908,"Latitude":-1.644417,"Tanggal Dokumentasi":"03/06/2026","Keterangan":"RT 10 Dusun V Lingkar","Foto Survey Awal":"D:/011. ESDM/Penerangan Jalan Umum Tenaga Surya 2026/2026/03. Foto/TEBO-MUARA TABIR-PINTAS TUO-003.jpg"},"geometry":{"type":"Point","coordinates":[102.559908,-1.644417]}},{"type":"Feature","properties":{"fid":"385","Nomor":"TEBO-MUARA TABIR-PINTAS TUO-004","Nama Anggota":"Mazlan, S.Kom., M.E.","Jalur":"Komisi III","Alamat":"Desa Pintas Tuo, Kecamatan Muara Tabir, Kabupaten Tebo","Longitude":102.554909,"Latitude":-1.654033,"Tanggal Dokumentasi":"03/06/2026","Keterangan":"RT 10 Dusun V Lingkar","Foto Survey Awal":"D:/011. ESDM/Penerangan Jalan Umum Tenaga Surya 2026/2026/03. Foto/TEBO-MUARA TABIR-PINTAS TUO-004.jpg"},"geometry":{"type":"Point","coordinates":[102.554909,-1.654033]}},{"type":"Feature","properties":{"fid":"386","Nomor":"TEBO-MUARA TABIR-PINTAS TUO-005","Nama Anggota":"Mazlan, S.Kom., M.E.","Jalur":"Komisi III","Alamat":"Desa Pintas Tuo, Kecamatan Muara Tabir, Kabupaten Tebo","Longitude":102.553443,"Latitude":-1.65573,"Tanggal Dokumentasi":"03/06/2026","Keterangan":"RT 10 Dusun V Lingkar","Foto Survey Awal":"D:/011. ESDM/Penerangan Jalan Umum Tenaga Surya 2026/2026/03. Foto/TEBO-MUARA TABIR-PINTAS TUO-005.jpg"},"geometry":{"type":"Point","coordinates":[102.553443,-1.65573]}},{"type":"Feature","properties":{"fid":"387","Nomor":"TEBO-MUARA TABIR-PINTAS TUO-006","Nama Anggota":"Mazlan, S.Kom., M.E.","Jalur":"Komisi III","Alamat":"Desa Pintas Tuo, Kecamatan Muara Tabir, Kabupaten Tebo","Longitude":102.553443,"Latitude":-1.65573,"Tanggal Dokumentasi":"03/06/2026","Keterangan":"RT 10 Dusun V Lingkar","Foto Survey Awal":"D:/011. ESDM/Penerangan Jalan Umum Tenaga Surya 2026/2026/03. Foto/TEBO-MUARA TABIR-PINTAS TUO-006.jpg"},"geometry":{"type":"Point","coordinates":[102.553443,-1.65573]}},{"type":"Feature","properties":{"fid":"388","Nomor":"TEBO-MUARA TABIR-PINTAS TUO-007","Nama Anggota":"Mazlan, S.Kom., M.E.","Jalur":"Komisi III","Alamat":"Desa Pintas Tuo, Kecamatan Muara Tabir, Kabupaten Tebo","Longitude":102.55072,"Latitude":-1.65495,"Tanggal Dokumentasi":"03/06/2026","Keterangan":"RT 10 Dusun V Lingkar","Foto Survey Awal":"D:/011. ESDM/Penerangan Jalan Umum Tenaga Surya 2026/2026/03. Foto/TEBO-MUARA TABIR-PINTAS TUO-007.jpg"},"geometry":{"type":"Point","coordinates":[102.55072,-1.65495]}},{"type":"Feature","properties":{"fid":"389","Nomor":"TEBO-MUARA TABIR-PINTAS TUO-008","Nama Anggota":"Mazlan, S.Kom., M.E.","Jalur":"Komisi III","Alamat":"Desa Pintas Tuo, Kecamatan Muara Tabir, Kabupaten Tebo","Longitude":102.550372,"Latitude":-1.654677,"Tanggal Dokumentasi":"03/06/2026","Keterangan":"RT 10 Dusun V Lingkar","Foto Survey Awal":"D:/011. ESDM/Penerangan Jalan Umum Tenaga Surya 2026/2026/03. Foto/TEBO-MUARA TABIR-PINTAS TUO-008.jpg"},"geometry":{"type":"Point","coordinates":[102.550372,-1.654677]}},{"type":"Feature","properties":{"fid":"390","Nomor":"TEBO-MUARA TABIR-PINTAS TUO-009","Nama Anggota":"Mazlan, S.Kom., M.E.","Jalur":"Komisi III","Alamat":"Desa Pintas Tuo, Kecamatan Muara Tabir, Kabupaten Tebo","Longitude":102.550344,"Latitude":-1.654082,"Tanggal Dokumentasi":"03/06/2026","Keterangan":"RT 10 Dusun V Lingkar","Foto Survey Awal":"D:/011. ESDM/Penerangan Jalan Umum Tenaga Surya 2026/2026/03. Foto/TEBO-MUARA TABIR-PINTAS TUO-009.jpg"},"geometry":{"type":"Point","coordinates":[102.550344,-1.654082]}},{"type":"Feature","properties":{"fid":"391","Nomor":"TEBO-MUARA TABIR-PINTAS TUO-010","Nama Anggota":"Mazlan, S.Kom., M.E.","Jalur":"Komisi III","Alamat":"Desa Pintas Tuo, Kecamatan Muara Tabir, Kabupaten Tebo","Longitude":102.549722,"Latitude":-1.653668,"Tanggal Dokumentasi":"03/06/2026","Keterangan":"RT 10 Dusun V Lingkar","Foto Survey Awal":"D:/011. ESDM/Penerangan Jalan Umum Tenaga Surya 2026/2026/03. Foto/TEBO-MUARA TABIR-PINTAS TUO-010.jpg"},"geometry":{"type":"Point","coordinates":[102.549722,-1.653668]}},{"type":"Feature","properties":{"fid":"392","Nomor":"TEBO-MUARA TABIR-EMBACANG GEDANG-001","Nama Anggota":"Mazlan, S.Kom., M.E.","Jalur":"Komisi III","Alamat":"Desa Embacang Gedang, Kecamatan Muara Tabir, Kabupaten Tebo","Longitude":102.5195,"Latitude":-1.64932,"Tanggal Dokumentasi":"03/06/2026","Keterangan":null,"Foto Survey Awal":"D:/011. ESDM/Penerangan Jalan Umum Tenaga Surya 2026/2026/03. Foto/TEBO-MUARA TABIR-EMBACANG GEDANG-001.jpg"},"geometry":{"type":"Point","coordinates":[102.5195,-1.64932]}},{"type":"Feature","properties":{"fid":"393","Nomor":"TEBO-MUARA TABIR-EMBACANG GEDANG-002","Nama Anggota":"Mazlan, S.Kom., M.E.","Jalur":"Komisi III","Alamat":"Desa Embacang Gedang, Kecamatan Muara Tabir, Kabupaten Tebo","Longitude":102.51941,"Latitude":-1.64928,"Tanggal Dokumentasi":"03/06/2026","Keterangan":null,"Foto Survey Awal":"D:/011. ESDM/Penerangan Jalan Umum Tenaga Surya 2026/2026/03. Foto/TEBO-MUARA TABIR-EMBACANG GEDANG-002.jpg"},"geometry":{"type":"Point","coordinates":[102.51941,-1.64928]}},{"type":"Feature","properties":{"fid":"394","Nomor":"TEBO-MUARA TABIR-EMBACANG GEDANG-003","Nama Anggota":"Mazlan, S.Kom., M.E.","Jalur":"Komisi III","Alamat":"Desa Embacang Gedang, Kecamatan Muara Tabir, Kabupaten Tebo","Longitude":102.51943,"Latitude":-1.6498,"Tanggal Dokumentasi":"03/06/2026","Keterangan":null,"Foto Survey Awal":"D:/011. ESDM/Penerangan Jalan Umum Tenaga Surya 2026/2026/03. Foto/TEBO-MUARA TABIR-EMBACANG GEDANG-003.jpg"},"geometry":{"type":"Point","coordinates":[102.51943,-1.6498]}},{"type":"Feature","properties":{"fid":"395","Nomor":"TEBO-MUARA TABIR-EMBACANG GEDANG-004","Nama Anggota":"Mazlan, S.Kom., M.E.","Jalur":"Komisi III","Alamat":"Desa Embacang Gedang, Kecamatan Muara Tabir, Kabupaten Tebo","Longitude":102.51929,"Latitude":-1.6499,"Tanggal Dokumentasi":"03/06/2026","Keterangan":null,"Foto Survey Awal":"D:/011. ESDM/Penerangan Jalan Umum Tenaga Surya 2026/2026/03. Foto/TEBO-MUARA TABIR-EMBACANG GEDANG-004.jpg"},"geometry":{"type":"Point","coordinates":[102.51929,-1.6499]}},{"type":"Feature","properties":{"fid":"396","Nomor":"TEBO-MUARA TABIR-EMBACANG GEDANG-005","Nama Anggota":"Mazlan, S.Kom., M.E.","Jalur":"Komisi III","Alamat":"Desa Embacang Gedang, Kecamatan Muara Tabir, Kabupaten Tebo","Longitude":102.519337,"Latitude":-1.650156,"Tanggal Dokumentasi":"03/06/2026","Keterangan":null,"Foto Survey Awal":"D:/011. ESDM/Penerangan Jalan Umum Tenaga Surya 2026/2026/03. Foto/TEBO-MUARA TABIR-EMBACANG GEDANG-005.jpg"},"geometry":{"type":"Point","coordinates":[102.519337,-1.650156]}},{"type":"Feature","properties":{"fid":"397","Nomor":"TEBO-MUARA TABIR-EMBACANG GEDANG-006","Nama Anggota":"Mazlan, S.Kom., M.E.","Jalur":"Komisi III","Alamat":"Desa Embacang Gedang, Kecamatan Muara Tabir, Kabupaten Tebo","Longitude":102.519275,"Latitude":-1.650222,"Tanggal Dokumentasi":"03/06/2026","Keterangan":null,"Foto Survey Awal":"D:/011. ESDM/Penerangan Jalan Umum Tenaga Surya 2026/2026/03. Foto/TEBO-MUARA TABIR-EMBACANG GEDANG-006.jpg"},"geometry":{"type":"Point","coordinates":[102.519275,-1.650222]}},{"type":"Feature","properties":{"fid":"398","Nomor":"TEBO-MUARA TABIR-EMBACANG GEDANG-007","Nama Anggota":"Mazlan, S.Kom., M.E.","Jalur":"Komisi III","Alamat":"Desa Embacang Gedang, Kecamatan Muara Tabir, Kabupaten Tebo","Longitude":102.519275,"Latitude":-1.650222,"Tanggal Dokumentasi":"03/06/2026","Keterangan":null,"Foto Survey Awal":"D:/011. ESDM/Penerangan Jalan Umum Tenaga Surya 2026/2026/03. Foto/TEBO-MUARA TABIR-EMBACANG GEDANG-007.jpg"},"geometry":{"type":"Point","coordinates":[102.519275,-1.650222]}},{"type":"Feature","properties":{"fid":"399","Nomor":"TEBO-MUARA TABIR-EMBACANG GEDANG-008","Nama Anggota":"Mazlan, S.Kom., M.E.","Jalur":"Komisi III","Alamat":"Desa Embacang Gedang, Kecamatan Muara Tabir, Kabupaten Tebo","Longitude":102.519275,"Latitude":-1.650222,"Tanggal Dokumentasi":"03/06/2026","Keterangan":null,"Foto Survey Awal":"D:/011. ESDM/Penerangan Jalan Umum Tenaga Surya 2026/2026/03. Foto/TEBO-MUARA TABIR-EMBACANG GEDANG-008.jpg"},"geometry":{"type":"Point","coordinates":[102.519275,-1.650222]}},{"type":"Feature","properties":{"fid":"400","Nomor":"TEBO-MUARA TABIR-EMBACANG GEDANG-009","Nama Anggota":"Mazlan, S.Kom., M.E.","Jalur":"Komisi III","Alamat":"Desa Embacang Gedang, Kecamatan Muara Tabir, Kabupaten Tebo","Longitude":102.519275,"Latitude":-1.650222,"Tanggal Dokumentasi":"03/06/2026","Keterangan":null,"Foto Survey Awal":"D:/011. ESDM/Penerangan Jalan Umum Tenaga Surya 2026/2026/03. Foto/TEBO-MUARA TABIR-EMBACANG GEDANG-009.jpg"},"geometry":{"type":"Point","coordinates":[102.519275,-1.650222]}},{"type":"Feature","properties":{"fid":"401","Nomor":"TEBO-MUARA TABIR-EMBACANG GEDANG-010","Nama Anggota":"Mazlan, S.Kom., M.E.","Jalur":"Komisi III","Alamat":"Desa Embacang Gedang, Kecamatan Muara Tabir, Kabupaten Tebo","Longitude":102.519275,"Latitude":-1.650222,"Tanggal Dokumentasi":"03/06/2026","Keterangan":null,"Foto Survey Awal":"D:/011. ESDM/Penerangan Jalan Umum Tenaga Surya 2026/2026/03. Foto/TEBO-MUARA TABIR-EMBACANG GEDANG-010.jpg"},"geometry":{"type":"Point","coordinates":[102.519275,-1.650222]}},{"type":"Feature","properties":{"fid":"402","Nomor":"TEBO-MUARA TABIR-EMBACANG GEDANG-011","Nama Anggota":"Mazlan, S.Kom., M.E.","Jalur":"Komisi III","Alamat":"Desa Embacang Gedang, Kecamatan Muara Tabir, Kabupaten Tebo","Longitude":102.52041,"Latitude":-1.64921,"Tanggal Dokumentasi":"03/06/2026","Keterangan":null,"Foto Survey Awal":"D:/011. ESDM/Penerangan Jalan Umum Tenaga Surya 2026/2026/03. Foto/TEBO-MUARA TABIR-EMBACANG GEDANG-011.jpg"},"geometry":{"type":"Point","coordinates":[102.52041,-1.64921]}},{"type":"Feature","properties":{"fid":"403","Nomor":"TEBO-MUARA TABIR-EMBACANG GEDANG-012","Nama Anggota":"Mazlan, S.Kom., M.E.","Jalur":"Komisi III","Alamat":"Desa Embacang Gedang, Kecamatan Muara Tabir, Kabupaten Tebo","Longitude":102.51714,"Latitude":-1.65001,"Tanggal Dokumentasi":"03/06/2026","Keterangan":null,"Foto Survey Awal":"D:/011. ESDM/Penerangan Jalan Umum Tenaga Surya 2026/2026/03. Foto/TEBO-MUARA TABIR-EMBACANG GEDANG-012.jpg"},"geometry":{"type":"Point","coordinates":[102.51714,-1.65001]}},{"type":"Feature","properties":{"fid":"404","Nomor":"TEBO-MUARA TABIR-EMBACANG GEDANG-013","Nama Anggota":"Mazlan, S.Kom., M.E.","Jalur":"Komisi III","Alamat":"Desa Embacang Gedang, Kecamatan Muara Tabir, Kabupaten Tebo","Longitude":102.51655,"Latitude":-1.64993,"Tanggal Dokumentasi":"03/06/2026","Keterangan":null,"Foto Survey Awal":"D:/011. ESDM/Penerangan Jalan Umum Tenaga Surya 2026/2026/03. Foto/TEBO-MUARA TABIR-EMBACANG GEDANG-013.jpg"},"geometry":{"type":"Point","coordinates":[102.51655,-1.64993]}},{"type":"Feature","properties":{"fid":"405","Nomor":"TEBO-MUARA TABIR-EMBACANG GEDANG-014","Nama Anggota":"Mazlan, S.Kom., M.E.","Jalur":"Komisi III","Alamat":"Desa Embacang Gedang, Kecamatan Muara Tabir, Kabupaten Tebo","Longitude":102.51646,"Latitude":-1.64994,"Tanggal Dokumentasi":"03/06/2026","Keterangan":null,"Foto Survey Awal":"D:/011. ESDM/Penerangan Jalan Umum Tenaga Surya 2026/2026/03. Foto/TEBO-MUARA TABIR-EMBACANG GEDANG-014.jpg"},"geometry":{"type":"Point","coordinates":[102.51646,-1.64994]}},{"type":"Feature","properties":{"fid":"406","Nomor":"TEBO-MUARA TABIR-EMBACANG GEDANG-015","Nama Anggota":"Mazlan, S.Kom., M.E.","Jalur":"Komisi III","Alamat":"Desa Embacang Gedang, Kecamatan Muara Tabir, Kabupaten Tebo","Longitude":102.5174,"Latitude":-1.64925,"Tanggal Dokumentasi":"03/06/2026","Keterangan":null,"Foto Survey Awal":"D:/011. ESDM/Penerangan Jalan Umum Tenaga Surya 2026/2026/03. Foto/TEBO-MUARA TABIR-EMBACANG GEDANG-015.jpg"},"geometry":{"type":"Point","coordinates":[102.5174,-1.64925]}},{"type":"Feature","properties":{"fid":"407","Nomor":"KOTA JAMBI-DANAU TELUK-TANJUNG RADEN-001","Nama Anggota":"Ning Hasyim","Jalur":"Gubernur","Alamat":"Kel. Tanjung Raden, Kecamatan Danau Teluk, Kota Jambi","Longitude":103.58653,"Latitude":-1.58544,"Tanggal Dokumentasi":"13/05/2026","Keterangan":"Pesantren Seberang","Foto Survey Awal":"D:/011. ESDM/Penerangan Jalan Umum Tenaga Surya 2026/2026/03. Foto/KOTA JAMBI-DANAU TELUK-TANJUNG RADEN-001.jpg"},"geometry":{"type":"Point","coordinates":[103.58653,-1.58544]}},{"type":"Feature","properties":{"fid":"408","Nomor":"KOTA JAMBI-DANAU TELUK-TANJUNG RADEN-002","Nama Anggota":"Ning Hasyim","Jalur":"Gubernur","Alamat":"Kel. Tanjung Raden, Kecamatan Danau Teluk, Kota Jambi","Longitude":103.58651,"Latitude":-1.5849,"Tanggal Dokumentasi":"13/05/2026","Keterangan":"Pesantren Seberang","Foto Survey Awal":"D:/011. ESDM/Penerangan Jalan Umum Tenaga Surya 2026/2026/03. Foto/KOTA JAMBI-DANAU TELUK-TANJUNG RADEN-002.jpg","Status":"Cadangan"},"geometry":{"type":"Point","coordinates":[103.58651,-1.5849]}},{"type":"Feature","properties":{"fid":"409","Nomor":"KOTA JAMBI-DANAU TELUK-TANJUNG RADEN-003","Nama Anggota":"Ning Hasyim","Jalur":"Gubernur","Alamat":"Kel. Tanjung Raden, Kecamatan Danau Teluk, Kota Jambi","Longitude":103.58645,"Latitude":-1.5854,"Tanggal Dokumentasi":"13/05/2026","Keterangan":"Pesantren Seberang","Foto Survey Awal":"D:/011. ESDM/Penerangan Jalan Umum Tenaga Surya 2026/2026/03. Foto/KOTA JAMBI-DANAU TELUK-TANJUNG RADEN-003.jpg"},"geometry":{"type":"Point","coordinates":[103.58645,-1.5854]}},{"type":"Feature","properties":{"fid":"410","Nomor":"KOTA JAMBI-DANAU TELUK-TANJUNG RADEN-004","Nama Anggota":"Ning Hasyim","Jalur":"Gubernur","Alamat":"Kel. Tanjung Raden, Kecamatan Danau Teluk, Kota Jambi","Longitude":103.58646,"Latitude":-1.58407,"Tanggal Dokumentasi":"13/05/2026","Keterangan":"Pesantren Seberang","Foto Survey Awal":"D:/011. ESDM/Penerangan Jalan Umum Tenaga Surya 2026/2026/03. Foto/KOTA JAMBI-DANAU TELUK-TANJUNG RADEN-004.jpg","Status":"Cadangan"},"geometry":{"type":"Point","coordinates":[103.58646,-1.58407]}},{"type":"Feature","properties":{"fid":"411","Nomor":"KOTA JAMBI-DANAU TELUK-TANJUNG RADEN-005","Nama Anggota":"Ning Hasyim","Jalur":"Gubernur","Alamat":"Kel. Tanjung Raden, Kecamatan Danau Teluk, Kota Jambi","Longitude":103.58649,"Latitude":-1.58462,"Tanggal Dokumentasi":"13/05/2026","Keterangan":"Pesantren Seberang","Foto Survey Awal":"D:/011. ESDM/Penerangan Jalan Umum Tenaga Surya 2026/2026/03. Foto/KOTA JAMBI-DANAU TELUK-TANJUNG RADEN-005.jpg"},"geometry":{"type":"Point","coordinates":[103.58649,-1.58462]}},{"type":"Feature","properties":{"fid":"412","Nomor":"KOTA JAMBI-DANAU TELUK-TANJUNG RADEN-006","Nama Anggota":"Ning Hasyim","Jalur":"Gubernur","Alamat":"Kel. Tanjung Raden, Kecamatan Danau Teluk, Kota Jambi","Longitude":103.58649,"Latitude":-1.58518,"Tanggal Dokumentasi":"13/05/2026","Keterangan":"Pesantren Seberang","Foto Survey Awal":"D:/011. ESDM/Penerangan Jalan Umum Tenaga Surya 2026/2026/03. Foto/KOTA JAMBI-DANAU TELUK-TANJUNG RADEN-006.jpg"},"geometry":{"type":"Point","coordinates":[103.58649,-1.58518]}},{"type":"Feature","properties":{"fid":"413","Nomor":"KOTA JAMBI-DANAU TELUK-TANJUNG RADEN-007","Nama Anggota":"Ning Hasyim","Jalur":"Gubernur","Alamat":"Kel. Tanjung Raden, Kecamatan Danau Teluk, Kota Jambi","Longitude":103.586325,"Latitude":-1.58514,"Tanggal Dokumentasi":"26/05/2026","Keterangan":"RT 04 Tanjung Raden","Foto Survey Awal":"D:/011. ESDM/Penerangan Jalan Umum Tenaga Surya 2026/2026/03. Foto/KOTA JAMBI-DANAU TELUK-TANJUNG RADEN-007.jpg"},"geometry":{"type":"Point","coordinates":[103.586325,-1.58514]}},{"type":"Feature","properties":{"fid":"414","Nomor":"KOTA JAMBI-DANAU TELUK-TANJUNG RADEN-008","Nama Anggota":"Ning Hasyim","Jalur":"Gubernur","Alamat":"Kel. Tanjung Raden, Kecamatan Danau Teluk, Kota Jambi","Longitude":103.586269,"Latitude":-1.58551,"Tanggal Dokumentasi":"26/05/2026","Keterangan":"RT 04 Tanjung Raden","Foto Survey Awal":"D:/011. ESDM/Penerangan Jalan Umum Tenaga Surya 2026/2026/03. Foto/KOTA JAMBI-DANAU TELUK-TANJUNG RADEN-008.jpg"},"geometry":{"type":"Point","coordinates":[103.586269,-1.58551]}},{"type":"Feature","properties":{"fid":"415","Nomor":"KOTA JAMBI-DANAU TELUK-TANJUNG RADEN-009","Nama Anggota":"Ning Hasyim","Jalur":"Gubernur","Alamat":"Kel. Tanjung Raden, Kecamatan Danau Teluk, Kota Jambi","Longitude":103.586326,"Latitude":-1.587275,"Tanggal Dokumentasi":"26/05/2026","Keterangan":"RT 04 Tanjung Raden","Foto Survey Awal":"D:/011. ESDM/Penerangan Jalan Umum Tenaga Surya 2026/2026/03. Foto/KOTA JAMBI-DANAU TELUK-TANJUNG RADEN-009.jpg"},"geometry":{"type":"Point","coordinates":[103.586326,-1.587275]}},{"type":"Feature","properties":{"fid":"416","Nomor":"KOTA JAMBI-DANAU TELUK-TANJUNG RADEN-010","Nama Anggota":"Ning Hasyim","Jalur":"Gubernur","Alamat":"Kel. Tanjung Raden, Kecamatan Danau Teluk, Kota Jambi","Longitude":103.585153,"Latitude":-1.586903,"Tanggal Dokumentasi":"26/05/2026","Keterangan":"RT 04 Tanjung Raden","Foto Survey Awal":"D:/011. ESDM/Penerangan Jalan Umum Tenaga Surya 2026/2026/03. Foto/KOTA JAMBI-DANAU TELUK-TANJUNG RADEN-010.jpg"},"geometry":{"type":"Point","coordinates":[103.585153,-1.586903]}},{"type":"Feature","properties":{"fid":"417","Nomor":"KOTA JAMBI-DANAU TELUK-TANJUNG RADEN-011","Nama Anggota":"Ning Hasyim","Jalur":"Gubernur","Alamat":"Kel. Tanjung Raden, Kecamatan Danau Teluk, Kota Jambi","Longitude":103.588799,"Latitude":-1.585462,"Tanggal Dokumentasi":"26/05/2026","Keterangan":"RT 04 Tanjung Raden","Foto Survey Awal":"D:/011. ESDM/Penerangan Jalan Umum Tenaga Surya 2026/2026/03. Foto/KOTA JAMBI-DANAU TELUK-TANJUNG RADEN-011.jpg","Status":"Cadangan"},"geometry":{"type":"Point","coordinates":[103.588799,-1.585462]}},{"type":"Feature","properties":{"fid":"418","Nomor":"KOTA JAMBI-DANAU TELUK-TANJUNG RADEN-012","Nama Anggota":"Ning Hasyim","Jalur":"Gubernur","Alamat":"Kel. Tanjung Raden, Kecamatan Danau Teluk, Kota Jambi","Longitude":103.588074,"Latitude":-1.585442,"Tanggal Dokumentasi":"26/05/2026","Keterangan":"RT 04 Tanjung Raden","Foto Survey Awal":"D:/011. ESDM/Penerangan Jalan Umum Tenaga Surya 2026/2026/03. Foto/KOTA JAMBI-DANAU TELUK-TANJUNG RADEN-012.jpg"},"geometry":{"type":"Point","coordinates":[103.588074,-1.585442]}},{"type":"Feature","properties":{"fid":"419","Nomor":"KOTA JAMBI-DANAU TELUK-TANJUNG RADEN-013","Nama Anggota":"Ning Hasyim","Jalur":"Gubernur","Alamat":"Kel. Tanjung Raden, Kecamatan Danau Teluk, Kota Jambi","Longitude":103.586622,"Latitude":-1.58521,"Tanggal Dokumentasi":"26/05/2026","Keterangan":"RT 04 Tanjung Raden","Foto Survey Awal":"D:/011. ESDM/Penerangan Jalan Umum Tenaga Surya 2026/2026/03. Foto/KOTA JAMBI-DANAU TELUK-TANJUNG RADEN-013.jpg"},"geometry":{"type":"Point","coordinates":[103.586622,-1.58521]}},{"type":"Feature","properties":{"fid":"420","Nomor":"MERANGIN-TIANG PUMPUNG-SEKANCING-001","Nama Anggota":"Roni Paslah, SE, MM","Jalur":"Gubernur","Alamat":"Desa Sekancing, Kecamatan Tiang Pumpung, Kabupaten Merangin","Longitude":102.187706,"Latitude":-2.255436,"Tanggal Dokumentasi":"28/06/2026","Keterangan":null,"Foto Survey Awal":"D:/011. ESDM/Penerangan Jalan Umum Tenaga Surya 2026/2026/03. Foto/MERANGIN-TIANG PUMPUNG-SEKANCING-001.jpg","Status":"Cadangan"},"geometry":{"type":"Point","coordinates":[102.187706,-2.255436]}},{"type":"Feature","properties":{"fid":"421","Nomor":"MERANGIN-TIANG PUMPUNG-SEKANCING-002","Nama Anggota":"Roni Paslah, SE, MM","Jalur":"Gubernur","Alamat":"Desa Sekancing, Kecamatan Tiang Pumpung, Kabupaten Merangin","Longitude":102.187755,"Latitude":-2.255063,"Tanggal Dokumentasi":"28/06/2026","Keterangan":null,"Foto Survey Awal":"D:/011. ESDM/Penerangan Jalan Umum Tenaga Surya 2026/2026/03. Foto/MERANGIN-TIANG PUMPUNG-SEKANCING-002.jpg"},"geometry":{"type":"Point","coordinates":[102.187755,-2.255063]}},{"type":"Feature","properties":{"fid":"422","Nomor":"MERANGIN-TIANG PUMPUNG-SEKANCING-003","Nama Anggota":"Roni Paslah, SE, MM","Jalur":"Gubernur","Alamat":"Desa Sekancing, Kecamatan Tiang Pumpung, Kabupaten Merangin","Longitude":102.18785,"Latitude":-2.255818,"Tanggal Dokumentasi":"28/06/2026","Keterangan":null,"Foto Survey Awal":"D:/011. ESDM/Penerangan Jalan Umum Tenaga Surya 2026/2026/03. Foto/MERANGIN-TIANG PUMPUNG-SEKANCING-003.jpg"},"geometry":{"type":"Point","coordinates":[102.18785,-2.255818]}},{"type":"Feature","properties":{"fid":"423","Nomor":"MERANGIN-TIANG PUMPUNG-SEKANCING-004","Nama Anggota":"Roni Paslah, SE, MM","Jalur":"Gubernur","Alamat":"Desa Sekancing, Kecamatan Tiang Pumpung, Kabupaten Merangin","Longitude":102.188539,"Latitude":-2.256166,"Tanggal Dokumentasi":"28/06/2026","Keterangan":null,"Foto Survey Awal":"D:/011. ESDM/Penerangan Jalan Umum Tenaga Surya 2026/2026/03. Foto/MERANGIN-TIANG PUMPUNG-SEKANCING-004.jpg"},"geometry":{"type":"Point","coordinates":[102.188539,-2.256166]}},{"type":"Feature","properties":{"fid":"424","Nomor":"MERANGIN-TIANG PUMPUNG-SEKANCING-005","Nama Anggota":"Roni Paslah, SE, MM","Jalur":"Gubernur","Alamat":"Desa Sekancing, Kecamatan Tiang Pumpung, Kabupaten Merangin","Longitude":102.189418,"Latitude":-2.256727,"Tanggal Dokumentasi":"28/06/2026","Keterangan":null,"Foto Survey Awal":"D:/011. ESDM/Penerangan Jalan Umum Tenaga Surya 2026/2026/03. Foto/MERANGIN-TIANG PUMPUNG-SEKANCING-005.jpg"},"geometry":{"type":"Point","coordinates":[102.189418,-2.256727]}},{"type":"Feature","properties":{"fid":"425","Nomor":"MERANGIN-TIANG PUMPUNG-SEKANCING-006","Nama Anggota":"Roni Paslah, SE, MM","Jalur":"Gubernur","Alamat":"Desa Sekancing, Kecamatan Tiang Pumpung, Kabupaten Merangin","Longitude":102.189105,"Latitude":-2.257079,"Tanggal Dokumentasi":"28/06/2026","Keterangan":null,"Foto Survey Awal":"D:/011. ESDM/Penerangan Jalan Umum Tenaga Surya 2026/2026/03. Foto/MERANGIN-TIANG PUMPUNG-SEKANCING-006.jpg"},"geometry":{"type":"Point","coordinates":[102.189105,-2.257079]}},{"type":"Feature","properties":{"fid":"426","Nomor":"MERANGIN-TIANG PUMPUNG-SEKANCING-007","Nama Anggota":"Roni Paslah, SE, MM","Jalur":"Gubernur","Alamat":"Desa Sekancing, Kecamatan Tiang Pumpung, Kabupaten Merangin","Longitude":102.188745,"Latitude":-2.257435,"Tanggal Dokumentasi":"28/06/2026","Keterangan":null,"Foto Survey Awal":"D:/011. ESDM/Penerangan Jalan Umum Tenaga Surya 2026/2026/03. Foto/MERANGIN-TIANG PUMPUNG-SEKANCING-007.jpg"},"geometry":{"type":"Point","coordinates":[102.188745,-2.257435]}},{"type":"Feature","properties":{"fid":"427","Nomor":"MERANGIN-TIANG PUMPUNG-SEKANCING-008","Nama Anggota":"Roni Paslah, SE, MM","Jalur":"Gubernur","Alamat":"Desa Sekancing, Kecamatan Tiang Pumpung, Kabupaten Merangin","Longitude":102.189135,"Latitude":-2.258007,"Tanggal Dokumentasi":"28/06/2026","Keterangan":null,"Foto Survey Awal":"D:/011. ESDM/Penerangan Jalan Umum Tenaga Surya 2026/2026/03. Foto/MERANGIN-TIANG PUMPUNG-SEKANCING-008.jpg"},"geometry":{"type":"Point","coordinates":[102.189135,-2.258007]}},{"type":"Feature","properties":{"fid":"428","Nomor":"MERANGIN-TIANG PUMPUNG-SEKANCING-009","Nama Anggota":"Roni Paslah, SE, MM","Jalur":"Gubernur","Alamat":"Desa Sekancing, Kecamatan Tiang Pumpung, Kabupaten Merangin","Longitude":102.1886,"Latitude":-2.257902,"Tanggal Dokumentasi":"28/06/2026","Keterangan":null,"Foto Survey Awal":"D:/011. ESDM/Penerangan Jalan Umum Tenaga Surya 2026/2026/03. Foto/MERANGIN-TIANG PUMPUNG-SEKANCING-009.jpg"},"geometry":{"type":"Point","coordinates":[102.1886,-2.257902]}},{"type":"Feature","properties":{"fid":"429","Nomor":"MERANGIN-TIANG PUMPUNG-SEKANCING-010","Nama Anggota":"Roni Paslah, SE, MM","Jalur":"Gubernur","Alamat":"Desa Sekancing, Kecamatan Tiang Pumpung, Kabupaten Merangin","Longitude":102.189298,"Latitude":-2.259457,"Tanggal Dokumentasi":"28/06/2026","Keterangan":null,"Foto Survey Awal":"D:/011. ESDM/Penerangan Jalan Umum Tenaga Surya 2026/2026/03. Foto/MERANGIN-TIANG PUMPUNG-SEKANCING-010.jpg","Status":"Cadangan"},"geometry":{"type":"Point","coordinates":[102.189298,-2.259457]}},{"type":"Feature","properties":{"fid":"430","Nomor":"MERANGIN-TIANG PUMPUNG-SEKANCING-011","Nama Anggota":"Roni Paslah, SE, MM","Jalur":"Gubernur","Alamat":"Desa Sekancing, Kecamatan Tiang Pumpung, Kabupaten Merangin","Longitude":102.187093,"Latitude":-2.257883,"Tanggal Dokumentasi":"28/06/2026","Keterangan":null,"Foto Survey Awal":"D:/011. ESDM/Penerangan Jalan Umum Tenaga Surya 2026/2026/03. Foto/MERANGIN-TIANG PUMPUNG-SEKANCING-011.jpg","Status":"Cadangan"},"geometry":{"type":"Point","coordinates":[102.187093,-2.257883]}},{"type":"Feature","properties":{"fid":"431","Nomor":"MERANGIN-TIANG PUMPUNG-SEKANCING-012","Nama Anggota":"Roni Paslah, SE, MM","Jalur":"Gubernur","Alamat":"Desa Sekancing, Kecamatan Tiang Pumpung, Kabupaten Merangin","Longitude":102.186687,"Latitude":-2.25728,"Tanggal Dokumentasi":"28/06/2026","Keterangan":null,"Foto Survey Awal":"D:/011. ESDM/Penerangan Jalan Umum Tenaga Surya 2026/2026/03. Foto/MERANGIN-TIANG PUMPUNG-SEKANCING-012.jpg","Status":"Cadangan"},"geometry":{"type":"Point","coordinates":[102.186687,-2.25728]}},{"type":"Feature","properties":{"fid":"432","Nomor":"MERANGIN-TIANG PUMPUNG-SEKANCING-013","Nama Anggota":"Roni Paslah, SE, MM","Jalur":"Gubernur","Alamat":"Desa Sekancing, Kecamatan Tiang Pumpung, Kabupaten Merangin","Longitude":102.186595,"Latitude":-2.256975,"Tanggal Dokumentasi":"28/06/2026","Keterangan":null,"Foto Survey Awal":"D:/011. ESDM/Penerangan Jalan Umum Tenaga Surya 2026/2026/03. Foto/MERANGIN-TIANG PUMPUNG-SEKANCING-013.jpg"},"geometry":{"type":"Point","coordinates":[102.186595,-2.256975]}},{"type":"Feature","properties":{"fid":"433","Nomor":"MERANGIN-TIANG PUMPUNG-SEKANCING-014","Nama Anggota":"Roni Paslah, SE, MM","Jalur":"Gubernur","Alamat":"Desa Sekancing, Kecamatan Tiang Pumpung, Kabupaten Merangin","Longitude":102.18649,"Latitude":-2.256537,"Tanggal Dokumentasi":"28/06/2026","Keterangan":null,"Foto Survey Awal":"D:/011. ESDM/Penerangan Jalan Umum Tenaga Surya 2026/2026/03. Foto/MERANGIN-TIANG PUMPUNG-SEKANCING-014.jpg"},"geometry":{"type":"Point","coordinates":[102.18649,-2.256537]}},{"type":"Feature","properties":{"fid":"434","Nomor":"MERANGIN-TIANG PUMPUNG-SEKANCING-015","Nama Anggota":"Roni Paslah, SE, MM","Jalur":"Gubernur","Alamat":"Desa Sekancing, Kecamatan Tiang Pumpung, Kabupaten Merangin","Longitude":102.18659,"Latitude":-2.256035,"Tanggal Dokumentasi":"28/06/2026","Keterangan":null,"Foto Survey Awal":"D:/011. ESDM/Penerangan Jalan Umum Tenaga Surya 2026/2026/03. Foto/MERANGIN-TIANG PUMPUNG-SEKANCING-015.jpg","Status":"Cadangan"},"geometry":{"type":"Point","coordinates":[102.18659,-2.256035]}},{"type":"Feature","properties":{"fid":"435","Nomor":"MERANGIN-TIANG PUMPUNG-SEKANCING-016","Nama Anggota":"Roni Paslah, SE, MM","Jalur":"Gubernur","Alamat":"Desa Sekancing, Kecamatan Tiang Pumpung, Kabupaten Merangin","Longitude":102.18656,"Latitude":-2.256217,"Tanggal Dokumentasi":"28/06/2026","Keterangan":null,"Foto Survey Awal":"D:/011. ESDM/Penerangan Jalan Umum Tenaga Surya 2026/2026/03. Foto/MERANGIN-TIANG PUMPUNG-SEKANCING-016.jpg","Status":"Cadangan"},"geometry":{"type":"Point","coordinates":[102.18656,-2.256217]}},{"type":"Feature","properties":{"fid":"436","Nomor":"MERANGIN-TIANG PUMPUNG-SEKANCING-017","Nama Anggota":"Roni Paslah, SE, MM","Jalur":"Gubernur","Alamat":"Desa Sekancing, Kecamatan Tiang Pumpung, Kabupaten Merangin","Longitude":102.186375,"Latitude":-2.254832,"Tanggal Dokumentasi":"28/06/2026","Keterangan":null,"Foto Survey Awal":"D:/011. ESDM/Penerangan Jalan Umum Tenaga Surya 2026/2026/03. Foto/MERANGIN-TIANG PUMPUNG-SEKANCING-017.jpg"},"geometry":{"type":"Point","coordinates":[102.186375,-2.254832]}},{"type":"Feature","properties":{"fid":"437","Nomor":"MERANGIN-TIANG PUMPUNG-SEKANCING-018","Nama Anggota":"Roni Paslah, SE, MM","Jalur":"Gubernur","Alamat":"Desa Sekancing, Kecamatan Tiang Pumpung, Kabupaten Merangin","Longitude":102.185638,"Latitude":-2.255417,"Tanggal Dokumentasi":"28/06/2026","Keterangan":null,"Foto Survey Awal":"D:/011. ESDM/Penerangan Jalan Umum Tenaga Surya 2026/2026/03. Foto/MERANGIN-TIANG PUMPUNG-SEKANCING-018.jpg","Status":"Cadangan"},"geometry":{"type":"Point","coordinates":[102.185638,-2.255417]}},{"type":"Feature","properties":{"fid":"438","Nomor":"MERANGIN-TIANG PUMPUNG-SEKANCING-019","Nama Anggota":"Roni Paslah, SE, MM","Jalur":"Gubernur","Alamat":"Desa Sekancing, Kecamatan Tiang Pumpung, Kabupaten Merangin","Longitude":102.185288,"Latitude":-2.256433,"Tanggal Dokumentasi":"28/06/2026","Keterangan":null,"Foto Survey Awal":"D:/011. ESDM/Penerangan Jalan Umum Tenaga Surya 2026/2026/03. Foto/MERANGIN-TIANG PUMPUNG-SEKANCING-019.jpg","Status":"Cadangan"},"geometry":{"type":"Point","coordinates":[102.185288,-2.256433]}},{"type":"Feature","properties":{"fid":"439","Nomor":"MERANGIN-TIANG PUMPUNG-SEKANCING-020","Nama Anggota":"Roni Paslah, SE, MM","Jalur":"Gubernur","Alamat":"Desa Sekancing, Kecamatan Tiang Pumpung, Kabupaten Merangin","Longitude":102.185517,"Latitude":-2.256713,"Tanggal Dokumentasi":"28/06/2026","Keterangan":null,"Foto Survey Awal":"D:/011. ESDM/Penerangan Jalan Umum Tenaga Surya 2026/2026/03. Foto/MERANGIN-TIANG PUMPUNG-SEKANCING-020.jpg"},"geometry":{"type":"Point","coordinates":[102.185517,-2.256713]}},{"type":"Feature","properties":{"fid":"440","Nomor":"MERANGIN-TIANG PUMPUNG-SEKANCING-021","Nama Anggota":"Roni Paslah, SE, MM","Jalur":"Gubernur","Alamat":"Desa Sekancing, Kecamatan Tiang Pumpung, Kabupaten Merangin","Longitude":102.18428,"Latitude":-2.254143,"Tanggal Dokumentasi":"28/06/2026","Keterangan":null,"Foto Survey Awal":"D:/011. ESDM/Penerangan Jalan Umum Tenaga Surya 2026/2026/03. Foto/MERANGIN-TIANG PUMPUNG-SEKANCING-021.jpg"},"geometry":{"type":"Point","coordinates":[102.18428,-2.254143]}},{"type":"Feature","properties":{"fid":"441","Nomor":"MERANGIN-TIANG PUMPUNG-SEKANCING-022","Nama Anggota":"Roni Paslah, SE, MM","Jalur":"Gubernur","Alamat":"Desa Sekancing, Kecamatan Tiang Pumpung, Kabupaten Merangin","Longitude":102.180588,"Latitude":-2.253273,"Tanggal Dokumentasi":"28/06/2026","Keterangan":null,"Foto Survey Awal":"D:/011. ESDM/Penerangan Jalan Umum Tenaga Surya 2026/2026/03. Foto/MERANGIN-TIANG PUMPUNG-SEKANCING-022.jpg"},"geometry":{"type":"Point","coordinates":[102.180588,-2.253273]}},{"type":"Feature","properties":{"fid":"442","Nomor":"MERANGIN-TIANG PUMPUNG-SEKANCING-023","Nama Anggota":"Roni Paslah, SE, MM","Jalur":"Gubernur","Alamat":"Desa Sekancing, Kecamatan Tiang Pumpung, Kabupaten Merangin","Longitude":102.180487,"Latitude":-2.252843,"Tanggal Dokumentasi":"28/06/2026","Keterangan":null,"Foto Survey Awal":"D:/011. ESDM/Penerangan Jalan Umum Tenaga Surya 2026/2026/03. Foto/MERANGIN-TIANG PUMPUNG-SEKANCING-023.jpg","Status":"Cadangan"},"geometry":{"type":"Point","coordinates":[102.180487,-2.252843]}},{"type":"Feature","properties":{"fid":"443","Nomor":"MERANGIN-TIANG PUMPUNG-SEKANCING-024","Nama Anggota":"Roni Paslah, SE, MM","Jalur":"Gubernur","Alamat":"Desa Sekancing, Kecamatan Tiang Pumpung, Kabupaten Merangin","Longitude":102.178402,"Latitude":-2.25552,"Tanggal Dokumentasi":"28/06/2026","Keterangan":null,"Foto Survey Awal":"D:/011. ESDM/Penerangan Jalan Umum Tenaga Surya 2026/2026/03. Foto/MERANGIN-TIANG PUMPUNG-SEKANCING-024.jpg","Status":"Cadangan"},"geometry":{"type":"Point","coordinates":[102.178402,-2.25552]}},{"type":"Feature","properties":{"fid":"444","Nomor":"MERANGIN-TIANG PUMPUNG-SEKANCING-025","Nama Anggota":"Roni Paslah, SE, MM","Jalur":"Gubernur","Alamat":"Desa Sekancing, Kecamatan Tiang Pumpung, Kabupaten Merangin","Longitude":102.17551,"Latitude":-2.25349,"Tanggal Dokumentasi":"28/06/2026","Keterangan":null,"Foto Survey Awal":"D:/011. ESDM/Penerangan Jalan Umum Tenaga Surya 2026/2026/03. Foto/MERANGIN-TIANG PUMPUNG-SEKANCING-025.jpg","Status":"Cadangan"},"geometry":{"type":"Point","coordinates":[102.17551,-2.25349]}},{"type":"Feature","properties":{"fid":"445","Nomor":"MERANGIN-TIANG PUMPUNG-SEKANCING-026","Nama Anggota":"Roni Paslah, SE, MM","Jalur":"Gubernur","Alamat":"Desa Sekancing, Kecamatan Tiang Pumpung, Kabupaten Merangin","Longitude":102.184843,"Latitude":-2.25454,"Tanggal Dokumentasi":"28/06/2026","Keterangan":null,"Foto Survey Awal":"D:/011. ESDM/Penerangan Jalan Umum Tenaga Surya 2026/2026/03. Foto/MERANGIN-TIANG PUMPUNG-SEKANCING-026.jpg","Status":"Cadangan"},"geometry":{"type":"Point","coordinates":[102.184843,-2.25454]}},{"type":"Feature","properties":{"fid":"446","Nomor":"MERANGIN-TIANG PUMPUNG-SEKANCING-027","Nama Anggota":"Roni Paslah, SE, MM","Jalur":"Gubernur","Alamat":"Desa Sekancing, Kecamatan Tiang Pumpung, Kabupaten Merangin","Longitude":102.187938,"Latitude":-2.258177,"Tanggal Dokumentasi":"28/06/2026","Keterangan":null,"Foto Survey Awal":"D:/011. ESDM/Penerangan Jalan Umum Tenaga Surya 2026/2026/03. Foto/MERANGIN-TIANG PUMPUNG-SEKANCING-027.jpg","Status":"Cadangan"},"geometry":{"type":"Point","coordinates":[102.187938,-2.258177]}},{"type":"Feature","properties":{"fid":"447","Nomor":"MERANGIN-TIANG PUMPUNG-SEKANCING-028","Nama Anggota":"Roni Paslah, SE, MM","Jalur":"Gubernur","Alamat":"Desa Sekancing, Kecamatan Tiang Pumpung, Kabupaten Merangin","Longitude":102.17782,"Latitude":-2.253356,"Tanggal Dokumentasi":"29/06/2026","Keterangan":null,"Foto Survey Awal":"D:/011. ESDM/Penerangan Jalan Umum Tenaga Surya 2026/2026/03. Foto/MERANGIN-TIANG PUMPUNG-SEKANCING-028.jpg","Status":"Cadangan"},"geometry":{"type":"Point","coordinates":[102.17782,-2.253356]}},{"type":"Feature","properties":{"fid":"448","Nomor":"MERANGIN-TIANG PUMPUNG-SEKANCING-029","Nama Anggota":"Roni Paslah, SE, MM","Jalur":"Gubernur","Alamat":"Desa Sekancing, Kecamatan Tiang Pumpung, Kabupaten Merangin","Longitude":102.185592,"Latitude":-2.256757,"Tanggal Dokumentasi":"29/06/2026","Keterangan":null,"Foto Survey Awal":"D:/011. ESDM/Penerangan Jalan Umum Tenaga Surya 2026/2026/03. Foto/MERANGIN-TIANG PUMPUNG-SEKANCING-029.jpg","Status":"Cadangan"},"geometry":{"type":"Point","coordinates":[102.185592,-2.256757]}},{"type":"Feature","properties":{"fid":"449","Nomor":"MERANGIN-TIANG PUMPUNG-SEKANCING-030","Nama Anggota":"Roni Paslah, SE, MM","Jalur":"Gubernur","Alamat":"Desa Sekancing, Kecamatan Tiang Pumpung, Kabupaten Merangin","Longitude":102.184288,"Latitude":-2.257807,"Tanggal Dokumentasi":"29/06/2026","Keterangan":null,"Foto Survey Awal":"D:/011. ESDM/Penerangan Jalan Umum Tenaga Surya 2026/2026/03. Foto/MERANGIN-TIANG PUMPUNG-SEKANCING-030.jpg"},"geometry":{"type":"Point","coordinates":[102.184288,-2.257807]}},{"type":"Feature","properties":{"fid":"450","Nomor":"KOTA JAMBI-KOTA BARU-RAWA SARI-001","Nama Anggota":"Ketua RT 21","Jalur":"Gubernur","Alamat":"Kel. Rawa Sari, Kecamatan Kota Baru, Kota Jambi","Longitude":103.568173,"Latitude":-1.620498,"Tanggal Dokumentasi":"26/06/2026","Keterangan":null,"Foto Survey Awal":"D:/011. ESDM/Penerangan Jalan Umum Tenaga Surya 2026/2026/03. Foto/KOTA JAMBI-KOTA BARU-RAWA SARI-001.jpg"},"geometry":{"type":"Point","coordinates":[103.568173,-1.620498]}},{"type":"Feature","properties":{"fid":"451","Nomor":"KOTA JAMBI-KOTA BARU-RAWA SARI-002","Nama Anggota":"Ketua RT 21","Jalur":"Gubernur","Alamat":"Kel. Rawa Sari, Kecamatan Kota Baru, Kota Jambi","Longitude":103.56845,"Latitude":-1.620695,"Tanggal Dokumentasi":"26/06/2026","Keterangan":null,"Foto Survey Awal":"D:/011. ESDM/Penerangan Jalan Umum Tenaga Surya 2026/2026/03. Foto/KOTA JAMBI-KOTA BARU-RAWA SARI-002.jpg"},"geometry":{"type":"Point","coordinates":[103.56845,-1.620695]}},{"type":"Feature","properties":{"fid":"452","Nomor":"KOTA JAMBI-KOTA BARU-RAWA SARI-003","Nama Anggota":"Ketua RT 21","Jalur":"Gubernur","Alamat":"Kel. Rawa Sari, Kecamatan Kota Baru, Kota Jambi","Longitude":103.568193,"Latitude":-1.622755,"Tanggal Dokumentasi":"26/06/2026","Keterangan":null,"Foto Survey Awal":"D:/011. ESDM/Penerangan Jalan Umum Tenaga Surya 2026/2026/03. Foto/KOTA JAMBI-KOTA BARU-RAWA SARI-003.jpg"},"geometry":{"type":"Point","coordinates":[103.568193,-1.622755]}},{"type":"Feature","properties":{"fid":"453","Nomor":"KOTA JAMBI-KOTA BARU-RAWA SARI-004","Nama Anggota":"Ketua RT 21","Jalur":"Gubernur","Alamat":"Kel. Rawa Sari, Kecamatan Kota Baru, Kota Jambi","Longitude":103.568305,"Latitude":-1.62358,"Tanggal Dokumentasi":"26/06/2026","Keterangan":null,"Foto Survey Awal":"D:/011. ESDM/Penerangan Jalan Umum Tenaga Surya 2026/2026/03. Foto/KOTA JAMBI-KOTA BARU-RAWA SARI-004.jpg"},"geometry":{"type":"Point","coordinates":[103.568305,-1.62358]}},{"type":"Feature","properties":{"fid":"454","Nomor":"KOTA JAMBI-KOTA BARU-RAWA SARI-005","Nama Anggota":"Ketua RT 21","Jalur":"Gubernur","Alamat":"Kel. Rawa Sari, Kecamatan Kota Baru, Kota Jambi","Longitude":103.568467,"Latitude":-1.624077,"Tanggal Dokumentasi":"26/06/2026","Keterangan":null,"Foto Survey Awal":"D:/011. ESDM/Penerangan Jalan Umum Tenaga Surya 2026/2026/03. Foto/KOTA JAMBI-KOTA BARU-RAWA SARI-005.jpg"},"geometry":{"type":"Point","coordinates":[103.568467,-1.624077]}},{"type":"Feature","properties":{"fid":"455","Nomor":"KOTA JAMBI-KOTA BARU-RAWA SARI-006","Nama Anggota":"Ketua RT 21","Jalur":"Gubernur","Alamat":"Kel. Rawa Sari, Kecamatan Kota Baru, Kota Jambi","Longitude":103.567632,"Latitude":-1.624435,"Tanggal Dokumentasi":"26/06/2026","Keterangan":null,"Foto Survey Awal":"D:/011. ESDM/Penerangan Jalan Umum Tenaga Surya 2026/2026/03. Foto/KOTA JAMBI-KOTA BARU-RAWA SARI-006.jpg"},"geometry":{"type":"Point","coordinates":[103.567632,-1.624435]}},{"type":"Feature","properties":{"fid":"456","Nomor":"KOTA JAMBI-KOTA BARU-RAWA SARI-007","Nama Anggota":"Ketua RT 21","Jalur":"Gubernur","Alamat":"Kel. Rawa Sari, Kecamatan Kota Baru, Kota Jambi","Longitude":103.56707,"Latitude":-1.624822,"Tanggal Dokumentasi":"26/06/2026","Keterangan":null,"Foto Survey Awal":"D:/011. ESDM/Penerangan Jalan Umum Tenaga Surya 2026/2026/03. Foto/KOTA JAMBI-KOTA BARU-RAWA SARI-007.jpg"},"geometry":{"type":"Point","coordinates":[103.56707,-1.624822]}},{"type":"Feature","properties":{"fid":"457","Nomor":"KOTA JAMBI-KOTA BARU-RAWA SARI-008","Nama Anggota":"Ketua RT 21","Jalur":"Gubernur","Alamat":"Kel. Rawa Sari, Kecamatan Kota Baru, Kota Jambi","Longitude":103.567165,"Latitude":-1.62167,"Tanggal Dokumentasi":"26/06/2026","Keterangan":null,"Foto Survey Awal":"D:/011. ESDM/Penerangan Jalan Umum Tenaga Surya 2026/2026/03. Foto/KOTA JAMBI-KOTA BARU-RAWA SARI-008.jpg"},"geometry":{"type":"Point","coordinates":[103.567165,-1.62167]}},{"type":"Feature","properties":{"fid":"458","Nomor":"KOTA JAMBI-KOTA BARU-RAWA SARI-009","Nama Anggota":"Ketua RT 21","Jalur":"Gubernur","Alamat":"Kel. Rawa Sari, Kecamatan Kota Baru, Kota Jambi","Longitude":103.565935,"Latitude":-1.621085,"Tanggal Dokumentasi":"26/06/2026","Keterangan":null,"Foto Survey Awal":"D:/011. ESDM/Penerangan Jalan Umum Tenaga Surya 2026/2026/03. Foto/KOTA JAMBI-KOTA BARU-RAWA SARI-009.jpg","Status":"Cadangan"},"geometry":{"type":"Point","coordinates":[103.565935,-1.621085]}},{"type":"Feature","properties":{"fid":"459","Nomor":"KOTA JAMBI-KOTA BARU-RAWA SARI-010","Nama Anggota":"Ketua RT 21","Jalur":"Gubernur","Alamat":"Kel. Rawa Sari, Kecamatan Kota Baru, Kota Jambi","Longitude":103.566805,"Latitude":-1.621357,"Tanggal Dokumentasi":"26/06/2026","Keterangan":null,"Foto Survey Awal":"D:/011. ESDM/Penerangan Jalan Umum Tenaga Surya 2026/2026/03. Foto/KOTA JAMBI-KOTA BARU-RAWA SARI-010.jpg"},"geometry":{"type":"Point","coordinates":[103.566805,-1.621357]}},{"type":"Feature","properties":{"fid":"460","Nomor":"KOTA JAMBI-KOTA BARU-KENALI BESAR-006","Nama Anggota":"Amin ADC","Jalur":"Gubernur","Alamat":"Kel. Kenali Besar, Kecamatan Kota Baru, Kota Jambi","Longitude":103.542243,"Latitude":-1.630748,"Tanggal Dokumentasi":"26/06/2026","Keterangan":null,"Foto Survey Awal":"D:/011. ESDM/Penerangan Jalan Umum Tenaga Surya 2026/2026/03. Foto/KOTA JAMBI-KOTA BARU-KENALI BESAR-006.jpg"},"geometry":{"type":"Point","coordinates":[103.542243,-1.630748]}},{"type":"Feature","properties":{"fid":"461","Nomor":"KOTA JAMBI-KOTA BARU-KENALI BESAR-007","Nama Anggota":"Amin ADC","Jalur":"Gubernur","Alamat":"Kel. Kenali Besar, Kecamatan Kota Baru, Kota Jambi","Longitude":103.542318,"Latitude":-1.630238,"Tanggal Dokumentasi":"26/06/2026","Keterangan":null,"Foto Survey Awal":"D:/011. ESDM/Penerangan Jalan Umum Tenaga Surya 2026/2026/03. Foto/KOTA JAMBI-KOTA BARU-KENALI BESAR-007.jpg","Status":"Cadangan"},"geometry":{"type":"Point","coordinates":[103.542318,-1.630238]}},{"type":"Feature","properties":{"fid":"462","Nomor":"KOTA JAMBI-KOTA BARU-KENALI BESAR-008","Nama Anggota":"Amin ADC","Jalur":"Gubernur","Alamat":"Kel. Kenali Besar, Kecamatan Kota Baru, Kota Jambi","Longitude":103.542007,"Latitude":-1.631125,"Tanggal Dokumentasi":"26/06/2026","Keterangan":null,"Foto Survey Awal":"D:/011. ESDM/Penerangan Jalan Umum Tenaga Surya 2026/2026/03. Foto/KOTA JAMBI-KOTA BARU-KENALI BESAR-008.jpg"},"geometry":{"type":"Point","coordinates":[103.542007,-1.631125]}},{"type":"Feature","properties":{"fid":"463","Nomor":"KOTA JAMBI-KOTA BARU-KENALI BESAR-009","Nama Anggota":"Amin ADC","Jalur":"Gubernur","Alamat":"Kel. Kenali Besar, Kecamatan Kota Baru, Kota Jambi","Longitude":103.542006,"Latitude":-1.631492,"Tanggal Dokumentasi":"26/06/2026","Keterangan":null,"Foto Survey Awal":"D:/011. ESDM/Penerangan Jalan Umum Tenaga Surya 2026/2026/03. Foto/KOTA JAMBI-KOTA BARU-KENALI BESAR-009.jpg","Status":"Cadangan"},"geometry":{"type":"Point","coordinates":[103.542006,-1.631492]}},{"type":"Feature","properties":{"fid":"464","Nomor":"KOTA JAMBI-TELANAIPURA-TELANAIPURA-001","Nama Anggota":"RT 09 Telanaipura","Jalur":"Gubernur","Alamat":"Kel. Telanaipura, Kecamatan Telanaipura, Kota Jambi","Longitude":103.57719,"Latitude":-1.60632,"Tanggal Dokumentasi":"26/06/2026","Keterangan":null,"Foto Survey Awal":"D:/011. ESDM/Penerangan Jalan Umum Tenaga Surya 2026/2026/03. Foto/KOTA JAMBI-TELANAIPURA-TELANAIPURA-001.png","Status":"Cadangan"},"geometry":{"type":"Point","coordinates":[103.57719,-1.60632]}},{"type":"Feature","properties":{"fid":"465","Nomor":"KOTA JAMBI-TELANAIPURA-TELANAIPURA-002","Nama Anggota":"RT 09 Telanaipura","Jalur":"Gubernur","Alamat":"Kel. Telanaipura, Kecamatan Telanaipura, Kota Jambi","Longitude":103.57677,"Latitude":-1.60533,"Tanggal Dokumentasi":"26/06/2026","Keterangan":null,"Foto Survey Awal":"D:/011. ESDM/Penerangan Jalan Umum Tenaga Surya 2026/2026/03. Foto/KOTA JAMBI-TELANAIPURA-TELANAIPURA-002.png","Status":"Cadangan"},"geometry":{"type":"Point","coordinates":[103.57677,-1.60533]}},{"type":"Feature","properties":{"fid":"466","Nomor":"KOTA JAMBI-TELANAIPURA-TELANAIPURA-003","Nama Anggota":"RT 09 Telanaipura","Jalur":"Gubernur","Alamat":"Kel. Telanaipura, Kecamatan Telanaipura, Kota Jambi","Longitude":103.57683,"Latitude":-1.60463,"Tanggal Dokumentasi":"26/06/2026","Keterangan":null,"Foto Survey Awal":"D:/011. ESDM/Penerangan Jalan Umum Tenaga Surya 2026/2026/03. Foto/KOTA JAMBI-TELANAIPURA-TELANAIPURA-003.png"},"geometry":{"type":"Point","coordinates":[103.57683,-1.60463]}},{"type":"Feature","properties":{"fid":"467","Nomor":"KOTA JAMBI-TELANAIPURA-TELANAIPURA-004","Nama Anggota":"RT 09 Telanaipura","Jalur":"Gubernur","Alamat":"Kel. Telanaipura, Kecamatan Telanaipura, Kota Jambi","Longitude":103.57667,"Latitude":-1.60474,"Tanggal Dokumentasi":"26/06/2026","Keterangan":null,"Foto Survey Awal":"D:/011. ESDM/Penerangan Jalan Umum Tenaga Surya 2026/2026/03. Foto/KOTA JAMBI-TELANAIPURA-TELANAIPURA-004.png"},"geometry":{"type":"Point","coordinates":[103.57667,-1.60474]}},{"type":"Feature","properties":{"fid":"468","Nomor":"KOTA JAMBI-TELANAIPURA-TELANAIPURA-005","Nama Anggota":"RT 09 Telanaipura","Jalur":"Gubernur","Alamat":"Kel. Telanaipura, Kecamatan Telanaipura, Kota Jambi","Longitude":103.57637,"Latitude":-1.60553,"Tanggal Dokumentasi":"26/06/2026","Keterangan":null,"Foto Survey Awal":"D:/011. ESDM/Penerangan Jalan Umum Tenaga Surya 2026/2026/03. Foto/KOTA JAMBI-TELANAIPURA-TELANAIPURA-005.png"},"geometry":{"type":"Point","coordinates":[103.57637,-1.60553]}},{"type":"Feature","properties":{"fid":"469","Nomor":"KOTA JAMBI-TELANAIPURA-TELANAIPURA-006","Nama Anggota":"RT 09 Telanaipura","Jalur":"Gubernur","Alamat":"Kel. Telanaipura, Kecamatan Telanaipura, Kota Jambi","Longitude":103.57692,"Latitude":-1.60599,"Tanggal Dokumentasi":"26/06/2026","Keterangan":null,"Foto Survey Awal":"D:/011. ESDM/Penerangan Jalan Umum Tenaga Surya 2026/2026/03. Foto/KOTA JAMBI-TELANAIPURA-TELANAIPURA-006.png"},"geometry":{"type":"Point","coordinates":[103.57692,-1.60599]}},{"type":"Feature","properties":{"fid":"470","Nomor":"KOTA JAMBI-KOTA BARU-RAWA SARI-011","Nama Anggota":"Ketua RT 21","Jalur":"Gubernur","Alamat":"Kel. Rawa Sari, Kecamatan Kota Baru, Kota Jambi","Longitude":103.56784,"Latitude":-1.62021,"Tanggal Dokumentasi":"25/06/2026","Keterangan":null,"Foto Survey Awal":"D:/011. ESDM/Penerangan Jalan Umum Tenaga Surya 2026/2026/03. Foto/KOTA JAMBI-KOTA BARU-RAWA SARI-011.png","Status":"Cadangan"},"geometry":{"type":"Point","coordinates":[103.56784,-1.62021]}},{"type":"Feature","properties":{"fid":"471","Nomor":"KOTA JAMBI-KOTA BARU-RAWA SARI-012","Nama Anggota":"Ketua RT 21","Jalur":"Gubernur","Alamat":"Kel. Rawa Sari, Kecamatan Kota Baru, Kota Jambi","Longitude":103.56772,"Latitude":-1.6202,"Tanggal Dokumentasi":"25/06/2026","Keterangan":null,"Foto Survey Awal":"D:/011. ESDM/Penerangan Jalan Umum Tenaga Surya 2026/2026/03. Foto/KOTA JAMBI-KOTA BARU-RAWA SARI-012.png"},"geometry":{"type":"Point","coordinates":[103.56772,-1.6202]}},{"type":"Feature","properties":{"fid":"472","Nomor":"MERANGIN-LEMBAH MASURAI-TUO-001","Nama Anggota":"GM Geopark Merangin","Jalur":"Gubernur","Alamat":"Desa Tuo, Kecamatan Lembah Masurai, Kabupaten Merangin","Longitude":101.9068,"Latitude":-2.3762,"Tanggal Dokumentasi":"26/06/2026","Keterangan":null,"Foto Survey Awal":"D:/011. ESDM/Penerangan Jalan Umum Tenaga Surya 2026/2026/03. Foto/MERANGIN-LEMBAH MASURAI-TUO-001.jpg"},"geometry":{"type":"Point","coordinates":[101.9068,-2.3762]}},{"type":"Feature","properties":{"fid":"473","Nomor":"MERANGIN-LEMBAH MASURAI-TUO-002","Nama Anggota":"GM Geopark Merangin","Jalur":"Gubernur","Alamat":"Desa Tuo, Kecamatan Lembah Masurai, Kabupaten Merangin","Longitude":101.90847,"Latitude":-2.37623,"Tanggal Dokumentasi":"26/06/2026","Keterangan":null,"Foto Survey Awal":"D:/011. ESDM/Penerangan Jalan Umum Tenaga Surya 2026/2026/03. Foto/MERANGIN-LEMBAH MASURAI-TUO-002.jpg"},"geometry":{"type":"Point","coordinates":[101.90847,-2.37623]}},{"type":"Feature","properties":{"fid":"474","Nomor":"MERANGIN-LEMBAH MASURAI-TUO-003","Nama Anggota":"GM Geopark Merangin","Jalur":"Gubernur","Alamat":"Desa Tuo, Kecamatan Lembah Masurai, Kabupaten Merangin","Longitude":101.90877,"Latitude":-2.37629,"Tanggal Dokumentasi":"26/06/2026","Keterangan":null,"Foto Survey Awal":"D:/011. ESDM/Penerangan Jalan Umum Tenaga Surya 2026/2026/03. Foto/MERANGIN-LEMBAH MASURAI-TUO-003.jpg"},"geometry":{"type":"Point","coordinates":[101.90877,-2.37629]}},{"type":"Feature","properties":{"fid":"475","Nomor":"MERANGIN-LEMBAH MASURAI-TUO-004","Nama Anggota":"GM Geopark Merangin","Jalur":"Gubernur","Alamat":"Desa Tuo, Kecamatan Lembah Masurai, Kabupaten Merangin","Longitude":101.90854,"Latitude":-2.37627,"Tanggal Dokumentasi":"26/06/2026","Keterangan":null,"Foto Survey Awal":"D:/011. ESDM/Penerangan Jalan Umum Tenaga Surya 2026/2026/03. Foto/MERANGIN-LEMBAH MASURAI-TUO-004.jpg"},"geometry":{"type":"Point","coordinates":[101.90854,-2.37627]}},{"type":"Feature","properties":{"fid":"476","Nomor":"MERANGIN-LEMBAH MASURAI-TALANG PARUH-001","Nama Anggota":"GM Geopark Merangin","Jalur":"Gubernur","Alamat":"Desa Talang Paruh, Kecamatan Lembah Masurai, Kabupaten Merangin","Longitude":101.998998,"Latitude":-2.353398,"Tanggal Dokumentasi":"29/06/2026","Keterangan":null,"Foto Survey Awal":"D:/011. ESDM/Penerangan Jalan Umum Tenaga Surya 2026/2026/03. Foto/MERANGIN-LEMBAH MASURAI-TALANG PARUH-001.jpg"},"geometry":{"type":"Point","coordinates":[101.998998,-2.353398]}},{"type":"Feature","properties":{"fid":"477","Nomor":"MERANGIN-LEMBAH MASURAI-TALANG PARUH-002","Nama Anggota":"GM Geopark Merangin","Jalur":"Gubernur","Alamat":"Desa Talang Paruh, Kecamatan Lembah Masurai, Kabupaten Merangin","Longitude":101.998859,"Latitude":-2.352598,"Tanggal Dokumentasi":"29/06/2026","Keterangan":null,"Foto Survey Awal":"D:/011. ESDM/Penerangan Jalan Umum Tenaga Surya 2026/2026/03. Foto/MERANGIN-LEMBAH MASURAI-TALANG PARUH-002.jpg"},"geometry":{"type":"Point","coordinates":[101.998859,-2.352598]}},{"type":"Feature","properties":{"fid":"478","Nomor":"MERANGIN-LEMBAH MASURAI-TALANG PARUH-003","Nama Anggota":"GM Geopark Merangin","Jalur":"Gubernur","Alamat":"Desa Talang Paruh, Kecamatan Lembah Masurai, Kabupaten Merangin","Longitude":102.000718,"Latitude":-2.352534,"Tanggal Dokumentasi":"29/06/2026","Keterangan":null,"Foto Survey Awal":"D:/011. ESDM/Penerangan Jalan Umum Tenaga Surya 2026/2026/03. Foto/MERANGIN-LEMBAH MASURAI-TALANG PARUH-003.jpg"},"geometry":{"type":"Point","coordinates":[102.000718,-2.352534]}},{"type":"Feature","properties":{"fid":"479","Nomor":"MERANGIN-LEMBAH MASURAI-TALANG PARUH-004","Nama Anggota":"GM Geopark Merangin","Jalur":"Gubernur","Alamat":"Desa Talang Paruh, Kecamatan Lembah Masurai, Kabupaten Merangin","Longitude":102.000901,"Latitude":-2.352374,"Tanggal Dokumentasi":"29/06/2026","Keterangan":null,"Foto Survey Awal":"D:/011. ESDM/Penerangan Jalan Umum Tenaga Surya 2026/2026/03. Foto/MERANGIN-LEMBAH MASURAI-TALANG PARUH-004.jpg"},"geometry":{"type":"Point","coordinates":[102.000901,-2.352374]}},{"type":"Feature","properties":{"fid":"480","Nomor":"MERANGIN-LEMBAH MASURAI-TALANG PARUH-005","Nama Anggota":"GM Geopark Merangin","Jalur":"Gubernur","Alamat":"Desa Talang Paruh, Kecamatan Lembah Masurai, Kabupaten Merangin","Longitude":102.000794,"Latitude":-2.352135,"Tanggal Dokumentasi":"29/06/2026","Keterangan":null,"Foto Survey Awal":"D:/011. ESDM/Penerangan Jalan Umum Tenaga Surya 2026/2026/03. Foto/MERANGIN-LEMBAH MASURAI-TALANG PARUH-005.jpg"},"geometry":{"type":"Point","coordinates":[102.000794,-2.352135]}},{"type":"Feature","properties":{"fid":"481","Nomor":"TANJUNG JABUNG BARAT-SENYERANG-SUNGAI LANDAK-001","Nama Anggota":"Dr. Faizal Riza, S.T., M.M.","Jalur":"Ketua DPRD","Alamat":"Desa Sungai Landak, Kecamatan Senyerang, Kabupaten Tanjung Jabung Barat","Longitude":103.163187,"Latitude":-0.849732,"Tanggal Dokumentasi":"14/07/2026","Keterangan":null,"Foto Survey Awal":"D:/011. ESDM/Penerangan Jalan Umum Tenaga Surya 2026/2026/03. Foto/TANJUNG JABUNG BARAT-SENYERANG-SUNGAI LANDAK-001.jpg"},"geometry":{"type":"Point","coordinates":[103.163187,-0.849732]}},{"type":"Feature","properties":{"fid":"482","Nomor":"TANJUNG JABUNG BARAT-SENYERANG-SUNGAI LANDAK-002","Nama Anggota":"Dr. Faizal Riza, S.T., M.M.","Jalur":"Ketua DPRD","Alamat":"Desa Sungai Landak, Kecamatan Senyerang, Kabupaten Tanjung Jabung Barat","Longitude":103.163872,"Latitude":-0.846768,"Tanggal Dokumentasi":"14/07/2026","Keterangan":null,"Foto Survey Awal":"D:/011. ESDM/Penerangan Jalan Umum Tenaga Surya 2026/2026/03. Foto/TANJUNG JABUNG BARAT-SENYERANG-SUNGAI LANDAK-002.jpg"},"geometry":{"type":"Point","coordinates":[103.163872,-0.846768]}},{"type":"Feature","properties":{"fid":"483","Nomor":"TANJUNG JABUNG BARAT-SENYERANG-SUNGAI LANDAK-003","Nama Anggota":"Dr. Faizal Riza, S.T., M.M.","Jalur":"Ketua DPRD","Alamat":"Desa Sungai Landak, Kecamatan Senyerang, Kabupaten Tanjung Jabung Barat","Longitude":103.162977,"Latitude":-0.850667,"Tanggal Dokumentasi":"14/07/2026","Keterangan":null,"Foto Survey Awal":"D:/011. ESDM/Penerangan Jalan Umum Tenaga Surya 2026/2026/03. Foto/TANJUNG JABUNG BARAT-SENYERANG-SUNGAI LANDAK-003.jpg"},"geometry":{"type":"Point","coordinates":[103.162977,-0.850667]}},{"type":"Feature","properties":{"fid":"484","Nomor":"TANJUNG JABUNG BARAT-SENYERANG-SUNGAI LANDAK-004","Nama Anggota":"Dr. Faizal Riza, S.T., M.M.","Jalur":"Ketua DPRD","Alamat":"Desa Sungai Landak, Kecamatan Senyerang, Kabupaten Tanjung Jabung Barat","Longitude":103.162412,"Latitude":-0.85302,"Tanggal Dokumentasi":"14/07/2026","Keterangan":null,"Foto Survey Awal":"D:/011. ESDM/Penerangan Jalan Umum Tenaga Surya 2026/2026/03. Foto/TANJUNG JABUNG BARAT-SENYERANG-SUNGAI LANDAK-004.jpg"},"geometry":{"type":"Point","coordinates":[103.162412,-0.85302]}},{"type":"Feature","properties":{"fid":"485","Nomor":"TANJUNG JABUNG BARAT-SENYERANG-SUNGAI LANDAK-005","Nama Anggota":"Dr. Faizal Riza, S.T., M.M.","Jalur":"Ketua DPRD","Alamat":"Desa Sungai Landak, Kecamatan Senyerang, Kabupaten Tanjung Jabung Barat","Longitude":103.161435,"Latitude":-0.85828,"Tanggal Dokumentasi":"14/07/2026","Keterangan":null,"Foto Survey Awal":"D:/011. ESDM/Penerangan Jalan Umum Tenaga Surya 2026/2026/03. Foto/TANJUNG JABUNG BARAT-SENYERANG-SUNGAI LANDAK-005.jpg"},"geometry":{"type":"Point","coordinates":[103.161435,-0.85828]}},{"type":"Feature","properties":{"fid":"486","Nomor":"TANJUNG JABUNG BARAT-SENYERANG-SUNGAI LANDAK-006","Nama Anggota":"Dr. Faizal Riza, S.T., M.M.","Jalur":"Ketua DPRD","Alamat":"Desa Sungai Landak, Kecamatan Senyerang, Kabupaten Tanjung Jabung Barat","Longitude":103.17781,"Latitude":-0.81844,"Tanggal Dokumentasi":"14/07/2026","Keterangan":null,"Foto Survey Awal":"D:/011. ESDM/Penerangan Jalan Umum Tenaga Surya 2026/2026/03. Foto/TANJUNG JABUNG BARAT-SENYERANG-SUNGAI LANDAK-006.jpg"},"geometry":{"type":"Point","coordinates":[103.17781,-0.81844]}},{"type":"Feature","properties":{"fid":"487","Nomor":"TANJUNG JABUNG BARAT-SENYERANG-SUNGAI LANDAK-007","Nama Anggota":"Dr. Faizal Riza, S.T., M.M.","Jalur":"Ketua DPRD","Alamat":"Desa Sungai Landak, Kecamatan Senyerang, Kabupaten Tanjung Jabung Barat","Longitude":103.178252,"Latitude":-0.818244,"Tanggal Dokumentasi":"14/07/2026","Keterangan":null,"Foto Survey Awal":"D:/011. ESDM/Penerangan Jalan Umum Tenaga Surya 2026/2026/03. Foto/TANJUNG JABUNG BARAT-SENYERANG-SUNGAI LANDAK-007.jpg"},"geometry":{"type":"Point","coordinates":[103.178252,-0.818244]}},{"type":"Feature","properties":{"fid":"488","Nomor":"TANJUNG JABUNG BARAT-SENYERANG-SUNGAI LANDAK-008","Nama Anggota":"Dr. Faizal Riza, S.T., M.M.","Jalur":"Ketua DPRD","Alamat":"Desa Sungai Landak, Kecamatan Senyerang, Kabupaten Tanjung Jabung Barat","Longitude":103.177412,"Latitude":-0.815707,"Tanggal Dokumentasi":"14/07/2026","Keterangan":null,"Foto Survey Awal":"D:/011. ESDM/Penerangan Jalan Umum Tenaga Surya 2026/2026/03. Foto/TANJUNG JABUNG BARAT-SENYERANG-SUNGAI LANDAK-008.jpg"},"geometry":{"type":"Point","coordinates":[103.177412,-0.815707]}},{"type":"Feature","properties":{"fid":"489","Nomor":"TANJUNG JABUNG BARAT-SENYERANG-SUNGAI LANDAK-009","Nama Anggota":"Dr. Faizal Riza, S.T., M.M.","Jalur":"Ketua DPRD","Alamat":"Desa Sungai Landak, Kecamatan Senyerang, Kabupaten Tanjung Jabung Barat","Longitude":103.17762,"Latitude":-0.816093,"Tanggal Dokumentasi":"14/07/2026","Keterangan":null,"Foto Survey Awal":"D:/011. ESDM/Penerangan Jalan Umum Tenaga Surya 2026/2026/03. Foto/TANJUNG JABUNG BARAT-SENYERANG-SUNGAI LANDAK-009.jpg"},"geometry":{"type":"Point","coordinates":[103.17762,-0.816093]}},{"type":"Feature","properties":{"fid":"490","Nomor":"TANJUNG JABUNG BARAT-SENYERANG-SUNGAI LANDAK-010","Nama Anggota":"Dr. Faizal Riza, S.T., M.M.","Jalur":"Ketua DPRD","Alamat":"Desa Sungai Landak, Kecamatan Senyerang, Kabupaten Tanjung Jabung Barat","Longitude":103.178008,"Latitude":-0.817352,"Tanggal Dokumentasi":"14/07/2026","Keterangan":null,"Foto Survey Awal":"D:/011. ESDM/Penerangan Jalan Umum Tenaga Surya 2026/2026/03. Foto/TANJUNG JABUNG BARAT-SENYERANG-SUNGAI LANDAK-010.jpg"},"geometry":{"type":"Point","coordinates":[103.178008,-0.817352]}},{"type":"Feature","properties":{"fid":"491","Nomor":"TANJUNG JABUNG BARAT-BRAM ITAM-KEMUNING-001","Nama Anggota":"Dr. Faizal Riza, S.T., M.M.","Jalur":"Ketua DPRD","Alamat":"Desa Kemuning, Kecamatan Bram Itam, Kabupaten Tanjung Jabung Barat","Longitude":103.368957,"Latitude":-0.855123,"Tanggal Dokumentasi":"14/07/2026","Keterangan":null,"Foto Survey Awal":"D:/011. ESDM/Penerangan Jalan Umum Tenaga Surya 2026/2026/03. Foto/TANJUNG JABUNG BARAT-BRAM ITAM-KEMUNING-001.jpg"},"geometry":{"type":"Point","coordinates":[103.368957,-0.855123]}},{"type":"Feature","properties":{"fid":"492","Nomor":"TANJUNG JABUNG BARAT-BRAM ITAM-KEMUNING-002","Nama Anggota":"Dr. Faizal Riza, S.T., M.M.","Jalur":"Ketua DPRD","Alamat":"Desa Kemuning, Kecamatan Bram Itam, Kabupaten Tanjung Jabung Barat","Longitude":103.3694,"Latitude":-0.855472,"Tanggal Dokumentasi":"14/07/2026","Keterangan":null,"Foto Survey Awal":"D:/011. ESDM/Penerangan Jalan Umum Tenaga Surya 2026/2026/03. Foto/TANJUNG JABUNG BARAT-BRAM ITAM-KEMUNING-002.jpg"},"geometry":{"type":"Point","coordinates":[103.3694,-0.855472]}},{"type":"Feature","properties":{"fid":"493","Nomor":"TANJUNG JABUNG BARAT-BRAM ITAM-KEMUNING-003","Nama Anggota":"Dr. Faizal Riza, S.T., M.M.","Jalur":"Ketua DPRD","Alamat":"Desa Kemuning, Kecamatan Bram Itam, Kabupaten Tanjung Jabung Barat","Longitude":103.369968,"Latitude":-0.856032,"Tanggal Dokumentasi":"14/07/2026","Keterangan":null,"Foto Survey Awal":"D:/011. ESDM/Penerangan Jalan Umum Tenaga Surya 2026/2026/03. Foto/TANJUNG JABUNG BARAT-BRAM ITAM-KEMUNING-003.jpg"},"geometry":{"type":"Point","coordinates":[103.369968,-0.856032]}},{"type":"Feature","properties":{"fid":"494","Nomor":"TANJUNG JABUNG BARAT-BRAM ITAM-KEMUNING-004","Nama Anggota":"Dr. Faizal Riza, S.T., M.M.","Jalur":"Ketua DPRD","Alamat":"Desa Kemuning, Kecamatan Bram Itam, Kabupaten Tanjung Jabung Barat","Longitude":103.370925,"Latitude":-0.857027,"Tanggal Dokumentasi":"14/07/2026","Keterangan":null,"Foto Survey Awal":"D:/011. ESDM/Penerangan Jalan Umum Tenaga Surya 2026/2026/03. Foto/TANJUNG JABUNG BARAT-BRAM ITAM-KEMUNING-004.jpg"},"geometry":{"type":"Point","coordinates":[103.370925,-0.857027]}},{"type":"Feature","properties":{"fid":"495","Nomor":"TANJUNG JABUNG BARAT-BRAM ITAM-KEMUNING-005","Nama Anggota":"Dr. Faizal Riza, S.T., M.M.","Jalur":"Ketua DPRD","Alamat":"Desa Kemuning, Kecamatan Bram Itam, Kabupaten Tanjung Jabung Barat","Longitude":103.371408,"Latitude":-0.857057,"Tanggal Dokumentasi":"14/07/2026","Keterangan":null,"Foto Survey Awal":"D:/011. ESDM/Penerangan Jalan Umum Tenaga Surya 2026/2026/03. Foto/TANJUNG JABUNG BARAT-BRAM ITAM-KEMUNING-005.jpg"},"geometry":{"type":"Point","coordinates":[103.371408,-0.857057]}},{"type":"Feature","properties":{"fid":"496","Nomor":"TANJUNG JABUNG BARAT-BRAM ITAM-KEMUNING-006","Nama Anggota":"Dr. Faizal Riza, S.T., M.M.","Jalur":"Ketua DPRD","Alamat":"Desa Kemuning, Kecamatan Bram Itam, Kabupaten Tanjung Jabung Barat","Longitude":103.371924,"Latitude":-0.85804,"Tanggal Dokumentasi":"14/07/2026","Keterangan":null,"Foto Survey Awal":"D:/011. ESDM/Penerangan Jalan Umum Tenaga Surya 2026/2026/03. Foto/TANJUNG JABUNG BARAT-BRAM ITAM-KEMUNING-006.jpg"},"geometry":{"type":"Point","coordinates":[103.371924,-0.85804]}},{"type":"Feature","properties":{"fid":"497","Nomor":"TANJUNG JABUNG BARAT-BRAM ITAM-KEMUNING-007","Nama Anggota":"Dr. Faizal Riza, S.T., M.M.","Jalur":"Ketua DPRD","Alamat":"Desa Kemuning, Kecamatan Bram Itam, Kabupaten Tanjung Jabung Barat","Longitude":103.372457,"Latitude":-0.85857,"Tanggal Dokumentasi":"14/07/2026","Keterangan":null,"Foto Survey Awal":"D:/011. ESDM/Penerangan Jalan Umum Tenaga Surya 2026/2026/03. Foto/TANJUNG JABUNG BARAT-BRAM ITAM-KEMUNING-007.jpg"},"geometry":{"type":"Point","coordinates":[103.372457,-0.85857]}},{"type":"Feature","properties":{"fid":"498","Nomor":"TANJUNG JABUNG BARAT-BRAM ITAM-KEMUNING-008","Nama Anggota":"Dr. Faizal Riza, S.T., M.M.","Jalur":"Ketua DPRD","Alamat":"Desa Kemuning, Kecamatan Bram Itam, Kabupaten Tanjung Jabung Barat","Longitude":103.373097,"Latitude":-0.859225,"Tanggal Dokumentasi":"14/07/2026","Keterangan":null,"Foto Survey Awal":"D:/011. ESDM/Penerangan Jalan Umum Tenaga Surya 2026/2026/03. Foto/TANJUNG JABUNG BARAT-BRAM ITAM-KEMUNING-008.jpg"},"geometry":{"type":"Point","coordinates":[103.373097,-0.859225]}},{"type":"Feature","properties":{"fid":"499","Nomor":"TANJUNG JABUNG BARAT-BRAM ITAM-KEMUNING-009","Nama Anggota":"Dr. Faizal Riza, S.T., M.M.","Jalur":"Ketua DPRD","Alamat":"Desa Kemuning, Kecamatan Bram Itam, Kabupaten Tanjung Jabung Barat","Longitude":103.37355,"Latitude":-0.859688,"Tanggal Dokumentasi":"14/07/2026","Keterangan":null,"Foto Survey Awal":"D:/011. ESDM/Penerangan Jalan Umum Tenaga Surya 2026/2026/03. Foto/TANJUNG JABUNG BARAT-BRAM ITAM-KEMUNING-009.jpg"},"geometry":{"type":"Point","coordinates":[103.37355,-0.859688]}},{"type":"Feature","properties":{"fid":"500","Nomor":"TANJUNG JABUNG BARAT-BRAM ITAM-KEMUNING-010","Nama Anggota":"Dr. Faizal Riza, S.T., M.M.","Jalur":"Ketua DPRD","Alamat":"Desa Kemuning, Kecamatan Bram Itam, Kabupaten Tanjung Jabung Barat","Longitude":103.37385,"Latitude":-0.859988,"Tanggal Dokumentasi":"14/07/2026","Keterangan":null,"Foto Survey Awal":"D:/011. ESDM/Penerangan Jalan Umum Tenaga Surya 2026/2026/03. Foto/TANJUNG JABUNG BARAT-BRAM ITAM-KEMUNING-010.jpg"},"geometry":{"type":"Point","coordinates":[103.37385,-0.859988]}},{"type":"Feature","properties":{"fid":"501","Nomor":"TANJUNG JABUNG BARAT-BRAM ITAM-KEMUNING-011","Nama Anggota":"Dr. Faizal Riza, S.T., M.M.","Jalur":"Ketua DPRD","Alamat":"Desa Kemuning, Kecamatan Bram Itam, Kabupaten Tanjung Jabung Barat","Longitude":103.374215,"Latitude":-0.860345,"Tanggal Dokumentasi":"14/07/2026","Keterangan":null,"Foto Survey Awal":"D:/011. ESDM/Penerangan Jalan Umum Tenaga Surya 2026/2026/03. Foto/TANJUNG JABUNG BARAT-BRAM ITAM-KEMUNING-011.jpg"},"geometry":{"type":"Point","coordinates":[103.374215,-0.860345]}},{"type":"Feature","properties":{"fid":"502","Nomor":"TANJUNG JABUNG BARAT-BRAM ITAM-KEMUNING-012","Nama Anggota":"Dr. Faizal Riza, S.T., M.M.","Jalur":"Ketua DPRD","Alamat":"Desa Kemuning, Kecamatan Bram Itam, Kabupaten Tanjung Jabung Barat","Longitude":103.374581,"Latitude":-0.860737,"Tanggal Dokumentasi":"14/07/2026","Keterangan":null,"Foto Survey Awal":"D:/011. ESDM/Penerangan Jalan Umum Tenaga Surya 2026/2026/03. Foto/TANJUNG JABUNG BARAT-BRAM ITAM-KEMUNING-012.jpg"},"geometry":{"type":"Point","coordinates":[103.374581,-0.860737]}},{"type":"Feature","properties":{"fid":"503","Nomor":"TANJUNG JABUNG BARAT-BRAM ITAM-KEMUNING-013","Nama Anggota":"Dr. Faizal Riza, S.T., M.M.","Jalur":"Ketua DPRD","Alamat":"Desa Kemuning, Kecamatan Bram Itam, Kabupaten Tanjung Jabung Barat","Longitude":103.375133,"Latitude":-0.861163,"Tanggal Dokumentasi":"14/07/2026","Keterangan":null,"Foto Survey Awal":"D:/011. ESDM/Penerangan Jalan Umum Tenaga Surya 2026/2026/03. Foto/TANJUNG JABUNG BARAT-BRAM ITAM-KEMUNING-013.jpg"},"geometry":{"type":"Point","coordinates":[103.375133,-0.861163]}},{"type":"Feature","properties":{"fid":"504","Nomor":"TANJUNG JABUNG BARAT-BRAM ITAM-KEMUNING-014","Nama Anggota":"Dr. Faizal Riza, S.T., M.M.","Jalur":"Ketua DPRD","Alamat":"Desa Kemuning, Kecamatan Bram Itam, Kabupaten Tanjung Jabung Barat","Longitude":103.375687,"Latitude":-0.861772,"Tanggal Dokumentasi":"14/07/2026","Keterangan":null,"Foto Survey Awal":"D:/011. ESDM/Penerangan Jalan Umum Tenaga Surya 2026/2026/03. Foto/TANJUNG JABUNG BARAT-BRAM ITAM-KEMUNING-014.jpg"},"geometry":{"type":"Point","coordinates":[103.375687,-0.861772]}},{"type":"Feature","properties":{"fid":"505","Nomor":"TANJUNG JABUNG BARAT-BRAM ITAM-KEMUNING-015","Nama Anggota":"Dr. Faizal Riza, S.T., M.M.","Jalur":"Ketua DPRD","Alamat":"Desa Kemuning, Kecamatan Bram Itam, Kabupaten Tanjung Jabung Barat","Longitude":103.376003,"Latitude":-0.862158,"Tanggal Dokumentasi":"14/07/2026","Keterangan":null,"Foto Survey Awal":"D:/011. ESDM/Penerangan Jalan Umum Tenaga Surya 2026/2026/03. Foto/TANJUNG JABUNG BARAT-BRAM ITAM-KEMUNING-015.jpg"},"geometry":{"type":"Point","coordinates":[103.376003,-0.862158]}},{"type":"Feature","properties":{"fid":"506","Nomor":"TANJUNG JABUNG BARAT-BRAM ITAM-KEMUNING-016","Nama Anggota":"Dr. Faizal Riza, S.T., M.M.","Jalur":"Ketua DPRD","Alamat":"Desa Kemuning, Kecamatan Bram Itam, Kabupaten Tanjung Jabung Barat","Longitude":103.376398,"Latitude":-0.86254,"Tanggal Dokumentasi":"14/07/2026","Keterangan":null,"Foto Survey Awal":"D:/011. ESDM/Penerangan Jalan Umum Tenaga Surya 2026/2026/03. Foto/TANJUNG JABUNG BARAT-BRAM ITAM-KEMUNING-016.jpg"},"geometry":{"type":"Point","coordinates":[103.376398,-0.86254]}},{"type":"Feature","properties":{"fid":"507","Nomor":"TANJUNG JABUNG BARAT-BRAM ITAM-KEMUNING-017","Nama Anggota":"Dr. Faizal Riza, S.T., M.M.","Jalur":"Ketua DPRD","Alamat":"Desa Kemuning, Kecamatan Bram Itam, Kabupaten Tanjung Jabung Barat","Longitude":103.376433,"Latitude":-0.862618,"Tanggal Dokumentasi":"14/07/2026","Keterangan":null,"Foto Survey Awal":"D:/011. ESDM/Penerangan Jalan Umum Tenaga Surya 2026/2026/03. Foto/TANJUNG JABUNG BARAT-BRAM ITAM-KEMUNING-017.jpg"},"geometry":{"type":"Point","coordinates":[103.376433,-0.862618]}},{"type":"Feature","properties":{"fid":"508","Nomor":"TANJUNG JABUNG BARAT-BRAM ITAM-KEMUNING-018","Nama Anggota":"Dr. Faizal Riza, S.T., M.M.","Jalur":"Ketua DPRD","Alamat":"Desa Kemuning, Kecamatan Bram Itam, Kabupaten Tanjung Jabung Barat","Longitude":103.377063,"Latitude":-0.863273,"Tanggal Dokumentasi":"14/07/2026","Keterangan":null,"Foto Survey Awal":"D:/011. ESDM/Penerangan Jalan Umum Tenaga Surya 2026/2026/03. Foto/TANJUNG JABUNG BARAT-BRAM ITAM-KEMUNING-018.jpg"},"geometry":{"type":"Point","coordinates":[103.377063,-0.863273]}},{"type":"Feature","properties":{"fid":"509","Nomor":"TANJUNG JABUNG BARAT-BRAM ITAM-KEMUNING-019","Nama Anggota":"Dr. Faizal Riza, S.T., M.M.","Jalur":"Ketua DPRD","Alamat":"Desa Kemuning, Kecamatan Bram Itam, Kabupaten Tanjung Jabung Barat","Longitude":103.37753,"Latitude":-0.863745,"Tanggal Dokumentasi":"14/07/2026","Keterangan":null,"Foto Survey Awal":"D:/011. ESDM/Penerangan Jalan Umum Tenaga Surya 2026/2026/03. Foto/TANJUNG JABUNG BARAT-BRAM ITAM-KEMUNING-019.jpg"},"geometry":{"type":"Point","coordinates":[103.37753,-0.863745]}},{"type":"Feature","properties":{"fid":"510","Nomor":"TANJUNG JABUNG BARAT-BRAM ITAM-KEMUNING-020","Nama Anggota":"Dr. Faizal Riza, S.T., M.M.","Jalur":"Ketua DPRD","Alamat":"Desa Kemuning, Kecamatan Bram Itam, Kabupaten Tanjung Jabung Barat","Longitude":103.37924,"Latitude":-0.865525,"Tanggal Dokumentasi":"14/07/2026","Keterangan":null,"Foto Survey Awal":"D:/011. ESDM/Penerangan Jalan Umum Tenaga Surya 2026/2026/03. Foto/TANJUNG JABUNG BARAT-BRAM ITAM-KEMUNING-020.jpg"},"geometry":{"type":"Point","coordinates":[103.37924,-0.865525]}},{"type":"Feature","properties":{"fid":"511","Nomor":"TEBO-TEBO TENGAH-MANGUN JAYO-011","Nama Anggota":"ANSORI, S.Fil.i","Jalur":"Komisi III","Alamat":"Desa Mangun Jayo, Kecamatan Tebo Tengah, Kabupaten Tebo","Longitude":102.44043,"Latitude":-1.560111,"Tanggal Dokumentasi":"03/06/2026","Keterangan":null,"Foto Survey Awal":"D:/011. ESDM/Penerangan Jalan Umum Tenaga Surya 2026/2026/03. Foto/TEBO-TEBO TENGAH-MANGUN JAYO-011.jpg"},"geometry":{"type":"Point","coordinates":[102.44043,-1.560111]}},{"type":"Feature","properties":{"fid":"512","Nomor":"TEBO-TEBO TENGAH-MANGUN JAYO-012","Nama Anggota":"ANSORI, S.Fil.i","Jalur":"Komisi III","Alamat":"Desa Mangun Jayo, Kecamatan Tebo Tengah, Kabupaten Tebo","Longitude":102.440255,"Latitude":-1.560447,"Tanggal Dokumentasi":"03/06/2026","Keterangan":null,"Foto Survey Awal":"D:/011. ESDM/Penerangan Jalan Umum Tenaga Surya 2026/2026/03. Foto/TEBO-TEBO TENGAH-MANGUN JAYO-012.jpg"},"geometry":{"type":"Point","coordinates":[102.440255,-1.560447]}},{"type":"Feature","properties":{"fid":"513","Nomor":"TEBO-TEBO TENGAH-MANGUN JAYO-013","Nama Anggota":"ANSORI, S.Fil.i","Jalur":"Komisi III","Alamat":"Desa Mangun Jayo, Kecamatan Tebo Tengah, Kabupaten Tebo","Longitude":102.440284,"Latitude":-1.560438,"Tanggal Dokumentasi":"03/06/2026","Keterangan":null,"Foto Survey Awal":"D:/011. ESDM/Penerangan Jalan Umum Tenaga Surya 2026/2026/03. Foto/TEBO-TEBO TENGAH-MANGUN JAYO-013.jpg"},"geometry":{"type":"Point","coordinates":[102.440284,-1.560438]}},{"type":"Feature","properties":{"fid":"514","Nomor":"TEBO-TEBO TENGAH-MANGUN JAYO-014","Nama Anggota":"ANSORI, S.Fil.i","Jalur":"Komisi III","Alamat":"Desa Mangun Jayo, Kecamatan Tebo Tengah, Kabupaten Tebo","Longitude":102.440307,"Latitude":-1.560376,"Tanggal Dokumentasi":"03/06/2026","Keterangan":null,"Foto Survey Awal":"D:/011. ESDM/Penerangan Jalan Umum Tenaga Surya 2026/2026/03. Foto/TEBO-TEBO TENGAH-MANGUN JAYO-014.jpg"},"geometry":{"type":"Point","coordinates":[102.440307,-1.560376]}},{"type":"Feature","properties":{"fid":"515","Nomor":"TEBO-TEBO TENGAH-MANGUN JAYO-015","Nama Anggota":"ANSORI, S.Fil.i","Jalur":"Komisi III","Alamat":"Desa Mangun Jayo, Kecamatan Tebo Tengah, Kabupaten Tebo","Longitude":102.440418,"Latitude":-1.5602,"Tanggal Dokumentasi":"03/06/2026","Keterangan":null,"Foto Survey Awal":"D:/011. ESDM/Penerangan Jalan Umum Tenaga Surya 2026/2026/03. Foto/TEBO-TEBO TENGAH-MANGUN JAYO-015.jpg"},"geometry":{"type":"Point","coordinates":[102.440418,-1.5602]}},{"type":"Feature","properties":{"fid":"95","Nomor":"MERANGIN-PAMENANG BARAT-LIMBUR-002","Nama Anggota":"Syafaruddin","Jalur":"Komisi III","Alamat":"Desa Limbur Merangin, Kecamatan Pamenang Barat, Kabupaten Merangin","Longitude":102.4238,"Latitude":-2.0441,"Tanggal Dokumentasi":"27/02/2026","Keterangan":null,"Foto Survey Awal":"D:/011. ESDM/Penerangan Jalan Umum Tenaga Surya 2026/2026/03. Foto/MERANGIN-PAMENANG BARAT-LIMBUR-002.jpg"},"geometry":{"type":"Point","coordinates":[102.4238,-2.0441]}},{"type":"Feature","properties":{"fid":"115","Nomor":"MERANGIN-PAMENANG BARAT-TANJUNG GEDANG-001","Nama Anggota":"Syafaruddin","Jalur":"Komisi III","Alamat":"Desa Tanjung Gedang, Kecamatan Pamenang Barat, Kabupaten Merangin","Longitude":102.58431,"Latitude":-2.13027,"Tanggal Dokumentasi":"27/02/2026","Keterangan":null,"Foto Survey Awal":"D:/011. ESDM/Penerangan Jalan Umum Tenaga Surya 2026/2026/03. Foto/MERANGIN-PAMENANG BARAT-TANJUNG GEDANG-001.jpg"},"geometry":{"type":"Point","coordinates":[102.58431,-2.13027]}},{"type":"Feature","properties":{"fid":"105","Nomor":"MERANGIN-PAMENANG-KEROYA-001","Nama Anggota":"Syafaruddin","Jalur":"Komisi III","Alamat":"Desa Keroya, Kecamatan Pamenang, Kabupaten Merangin","Longitude":102.55871,"Latitude":-2.12291,"Tanggal Dokumentasi":"27/02/2026","Keterangan":null,"Foto Survey Awal":"D:/011. ESDM/Penerangan Jalan Umum Tenaga Surya 2026/2026/03. Foto/MERANGIN-PAMENANG-KEROYA-001.jpg"},"geometry":{"type":"Point","coordinates":[102.55871,-2.12291]}},{"type":"Feature","properties":{"fid":"104","Nomor":"MERANGIN-PAMENANG-KEROYA-002","Nama Anggota":"Syafaruddin","Jalur":"Komisi III","Alamat":"Desa Keroya, Kecamatan Pamenang, Kabupaten Merangin","Longitude":102.55954,"Latitude":-2.12363,"Tanggal Dokumentasi":"27/02/2026","Keterangan":"Jl. Simpang Raya No.1","Foto Survey Awal":"D:/011. ESDM/Penerangan Jalan Umum Tenaga Surya 2026/2026/03. Foto/MERANGIN-PAMENANG-KEROYA-002.jpg"},"geometry":{"type":"Point","coordinates":[102.55954,-2.12363]}},{"type":"Feature","properties":{"fid":"103","Nomor":"MERANGIN-PAMENANG-KEROYA-003","Nama Anggota":"Syafaruddin","Jalur":"Komisi III","Alamat":"Desa Keroya, Kecamatan Pamenang, Kabupaten Merangin","Longitude":102.56009,"Latitude":-2.12338,"Tanggal Dokumentasi":"27/02/2026","Keterangan":"Jl. Simpang Raya No.1","Foto Survey Awal":"D:/011. ESDM/Penerangan Jalan Umum Tenaga Surya 2026/2026/03. Foto/MERANGIN-PAMENANG-KEROYA-003.jpg"},"geometry":{"type":"Point","coordinates":[102.56009,-2.12338]}},{"type":"Feature","properties":{"fid":"102","Nomor":"MERANGIN-PAMENANG-KEROYA-004","Nama Anggota":"Syafaruddin","Jalur":"Komisi III","Alamat":"Desa Keroya, Kecamatan Pamenang, Kabupaten Merangin","Longitude":102.56003,"Latitude":-2.12475,"Tanggal Dokumentasi":"27/02/2026","Keterangan":null,"Foto Survey Awal":"D:/011. ESDM/Penerangan Jalan Umum Tenaga Surya 2026/2026/03. Foto/MERANGIN-PAMENANG-KEROYA-004.jpg"},"geometry":{"type":"Point","coordinates":[102.56003,-2.12475]}},{"type":"Feature","properties":{"fid":"101","Nomor":"MERANGIN-PAMENANG-KEROYA-005","Nama Anggota":"Syafaruddin","Jalur":"Komisi III","Alamat":"Desa Keroya, Kecamatan Pamenang, Kabupaten Merangin","Longitude":102.56029,"Latitude":-2.12642,"Tanggal Dokumentasi":"27/02/2026","Keterangan":null,"Foto Survey Awal":"D:/011. ESDM/Penerangan Jalan Umum Tenaga Surya 2026/2026/03. Foto/MERANGIN-PAMENANG-KEROYA-005.jpg"},"geometry":{"type":"Point","coordinates":[102.56029,-2.12642]}},{"type":"Feature","properties":{"fid":"516","Nomor":"MUARO BUNGO-TANAH TUMBUH-LUBUK NIUR-001","Nama Anggota":"Hambali","Jalur":"Komisi III","Alamat":"Desa Lubuk Niur, Kecamatan Tanah Tumbuh, Kabupaten Bungo","Longitude":101.881126,"Latitude":-1.431015,"Tanggal Dokumentasi":"02/06/2026","Keterangan":"Jembatan Gantung Desa Lubuk Niur","Foto Survey Awal":"D:/011. ESDM/Penerangan Jalan Umum Tenaga Surya 2026/2026/03. Foto/MUARO BUNGO-TANAH TUMBUH-LUBUK NIUR-001.jpg"},"geometry":{"type":"Point","coordinates":[101.881126,-1.431015]}},{"type":"Feature","properties":{"fid":"517","Nomor":"MUARO BUNGO-TANAH TUMBUH-TANAH TUMBUH-001","Nama Anggota":"Hambali","Jalur":"Komisi III","Alamat":"Desa Tanah Tumbuh, Kecamatan Tanah Tumbuh, Kabupaten Bungo","Longitude":101.872973,"Latitude":-1.43602,"Tanggal Dokumentasi":"02/06/2026","Keterangan":"Warung Tanah Tumbuh","Foto Survey Awal":"D:/011. ESDM/Penerangan Jalan Umum Tenaga Surya 2026/2026/03. Foto/MUARO BUNGO-TANAH TUMBUH-TANAH TUMBUH-001.jpg"},"geometry":{"type":"Point","coordinates":[101.872973,-1.43602]}},{"type":"Feature","properties":{"fid":"518","Nomor":"MUARO BUNGO-TANAH TUMBUH-TANAH TUMBUH-002","Nama Anggota":"Hambali","Jalur":"Komisi III","Alamat":"Desa Tanah Tumbuh, Kecamatan Tanah Tumbuh, Kabupaten Bungo","Longitude":101.875135,"Latitude":-1.436322,"Tanggal Dokumentasi":"02/06/2026","Keterangan":"SMP N 1 Tanah Tumbuh","Foto Survey Awal":"D:/011. ESDM/Penerangan Jalan Umum Tenaga Surya 2026/2026/03. Foto/MUARO BUNGO-TANAH TUMBUH-TANAH TUMBUH-002.jpg"},"geometry":{"type":"Point","coordinates":[101.875135,-1.436322]}},{"type":"Feature","properties":{"fid":"519","Nomor":"MUARO BUNGO-TANAH TUMBUH-TANAH TUMBUH-003","Nama Anggota":"Hambali","Jalur":"Komisi III","Alamat":"Desa Tanah Tumbuh, Kecamatan Tanah Tumbuh, Kabupaten Bungo","Longitude":101.870884,"Latitude":-1.438434,"Tanggal Dokumentasi":"02/06/2026","Keterangan":"Jl. Tanah Tumbuh","Foto Survey Awal":"D:/011. ESDM/Penerangan Jalan Umum Tenaga Surya 2026/2026/03. Foto/MUARO BUNGO-TANAH TUMBUH-TANAH TUMBUH-003.jpg"},"geometry":{"type":"Point","coordinates":[101.870884,-1.438434]}},{"type":"Feature","properties":{"fid":"520","Nomor":"MUARO BUNGO-TANAH TUMBUH-TANAH TUMBUH-004","Nama Anggota":"Hambali","Jalur":"Komisi III","Alamat":"Desa Tanah Tumbuh, Kecamatan Tanah Tumbuh, Kabupaten Bungo","Longitude":101.872052,"Latitude":-1.44065,"Tanggal Dokumentasi":"02/06/2026","Keterangan":"Tanah Tumbuh selatan","Foto Survey Awal":"D:/011. ESDM/Penerangan Jalan Umum Tenaga Surya 2026/2026/03. Foto/MUARO BUNGO-TANAH TUMBUH-TANAH TUMBUH-004.jpg"},"geometry":{"type":"Point","coordinates":[101.872052,-1.44065]}},{"type":"Feature","properties":{"fid":"521","Nomor":"MUARO BUNGO-TANAH TUMBUH-TANAH TUMBUH-005","Nama Anggota":"Hambali","Jalur":"Komisi III","Alamat":"Desa Tanah Tumbuh, Kecamatan Tanah Tumbuh, Kabupaten Bungo","Longitude":101.874125,"Latitude":-1.436904,"Tanggal Dokumentasi":"02/06/2026","Keterangan":"Pasar Tanah Tumbuh","Foto Survey Awal":"D:/011. ESDM/Penerangan Jalan Umum Tenaga Surya 2026/2026/03. Foto/MUARO BUNGO-TANAH TUMBUH-TANAH TUMBUH-005.jpg","Status":"Cadangan"},"geometry":{"type":"Point","coordinates":[101.874125,-1.436904]}},{"type":"Feature","properties":{"fid":"522","Nomor":"MUARO BUNGO-TANAH TUMBUH-TANAH TUMBUH-006","Nama Anggota":"Hambali","Jalur":"Komisi III","Alamat":"Desa Tanah Tumbuh, Kecamatan Tanah Tumbuh, Kabupaten Bungo","Longitude":101.872237,"Latitude":-1.437434,"Tanggal Dokumentasi":"02/06/2026","Keterangan":"Tanah Tumbuh (Hv7c+2vm)","Foto Survey Awal":"D:/011. ESDM/Penerangan Jalan Umum Tenaga Surya 2026/2026/03. Foto/MUARO BUNGO-TANAH TUMBUH-TANAH TUMBUH-006.jpg","Status":"Cadangan"},"geometry":{"type":"Point","coordinates":[101.872237,-1.437434]}},{"type":"Feature","properties":{"fid":"523","Nomor":"MERANGIN-MUARA SIAU-MUARA SIAU-001","Nama Anggota":"GM Geopark Merangin","Jalur":"Gubernur","Alamat":"Desa Muara Siau, Kecamatan Muara Siau, Kabupaten Merangin","Longitude":102.084256,"Latitude":-2.288207,"Tanggal Dokumentasi":"25/06/2026","Keterangan":"Jalan Ps. Muara Siau","Foto Survey Awal":"D:/011. ESDM/Penerangan Jalan Umum Tenaga Surya 2026/2026/03. Foto/MERANGIN-MUARA SIAU-MUARA SIAU-001.jpg"},"geometry":{"type":"Point","coordinates":[102.084256,-2.288207]}},{"type":"Feature","properties":{"fid":"524","Nomor":"MERANGIN-MUARA SIAU-SUNGAI ULAS-001","Nama Anggota":"Agus Zainuddin","Jalur":"Gubernur","Alamat":"Desa Sungai Ulas, Kecamatan Muara Siau, Kabupaten Merangin","Longitude":102.070022,"Latitude":-2.297347,"Tanggal Dokumentasi":"25/06/2026","Keterangan":"Sungai Ulas, halaman rumah","Foto Survey Awal":"D:/011. ESDM/Penerangan Jalan Umum Tenaga Surya 2026/2026/03. Foto/MERANGIN-MUARA SIAU-SUNGAI ULAS-001.jpg","Duplikat":true},"geometry":{"type":"Point","coordinates":[102.070022,-2.297347]}},{"type":"Feature","properties":{"fid":"525","Nomor":"MERANGIN-MUARA SIAU-SUNGAI ULAS-002","Nama Anggota":"Agus Zainuddin","Jalur":"Gubernur","Alamat":"Desa Sungai Ulas, Kecamatan Muara Siau, Kabupaten Merangin","Longitude":102.070022,"Latitude":-2.297347,"Tanggal Dokumentasi":"25/06/2026","Keterangan":"Sungai Ulas, dekat jembatan papan","Foto Survey Awal":"D:/011. ESDM/Penerangan Jalan Umum Tenaga Surya 2026/2026/03. Foto/MERANGIN-MUARA SIAU-SUNGAI ULAS-002.jpg","Duplikat":true},"geometry":{"type":"Point","coordinates":[102.070022,-2.297347]}},{"type":"Feature","properties":{"fid":"526","Nomor":"MERANGIN-MUARA SIAU-SUNGAI ULAS-003","Nama Anggota":"Agus Zainuddin","Jalur":"Gubernur","Alamat":"Desa Sungai Ulas, Kecamatan Muara Siau, Kabupaten Merangin","Longitude":102.070378,"Latitude":-2.296945,"Tanggal Dokumentasi":"25/06/2026","Keterangan":"Sungai Ulas, tepi jalan","Foto Survey Awal":"D:/011. ESDM/Penerangan Jalan Umum Tenaga Surya 2026/2026/03. Foto/MERANGIN-MUARA SIAU-SUNGAI ULAS-003.jpg"},"geometry":{"type":"Point","coordinates":[102.070378,-2.296945]}},{"type":"Feature","properties":{"fid":"527","Nomor":"MERANGIN-MUARA SIAU-SUNGAI ULAS-004","Nama Anggota":"Agus Zainuddin","Jalur":"Gubernur","Alamat":"Desa Sungai Ulas, Kecamatan Muara Siau, Kabupaten Merangin","Longitude":102.068002,"Latitude":-2.296699,"Tanggal Dokumentasi":"25/06/2026","Keterangan":"Sungai Ulas, pondok tepi jalan","Foto Survey Awal":"D:/011. ESDM/Penerangan Jalan Umum Tenaga Surya 2026/2026/03. Foto/MERANGIN-MUARA SIAU-SUNGAI ULAS-004.jpg"},"geometry":{"type":"Point","coordinates":[102.068002,-2.296699]}},{"type":"Feature","properties":{"fid":"528","Nomor":"MERANGIN-MUARA SIAU-MUARA SIAU-002","Nama Anggota":"Agus Zainuddin","Jalur":"Gubernur","Alamat":"Desa Muara Siau, Kecamatan Muara Siau, Kabupaten Merangin","Longitude":102.081443,"Latitude":-2.288775,"Tanggal Dokumentasi":"25/06/2026","Keterangan":"Toko Aneka Ladang Panjang","Foto Survey Awal":"D:/011. ESDM/Penerangan Jalan Umum Tenaga Surya 2026/2026/03. Foto/MERANGIN-MUARA SIAU-MUARA SIAU-002.jpg"},"geometry":{"type":"Point","coordinates":[102.081443,-2.288775]}},{"type":"Feature","properties":{"fid":"529","Nomor":"MERANGIN-MUARA SIAU-MUARA SIAU-003","Nama Anggota":"Agus Zainuddin","Jalur":"Gubernur","Alamat":"Desa Muara Siau, Kecamatan Muara Siau, Kabupaten Merangin","Longitude":102.083588,"Latitude":-2.288625,"Tanggal Dokumentasi":"25/06/2026","Keterangan":"SD N 161/VI Muara Siau III","Foto Survey Awal":"D:/011. ESDM/Penerangan Jalan Umum Tenaga Surya 2026/2026/03. Foto/MERANGIN-MUARA SIAU-MUARA SIAU-003.jpg"},"geometry":{"type":"Point","coordinates":[102.083588,-2.288625]}},{"type":"Feature","properties":{"fid":"530","Nomor":"MERANGIN-MUARA SIAU-MUARA SIAU-004","Nama Anggota":"Agus Zainuddin","Jalur":"Gubernur","Alamat":"Desa Muara Siau, Kecamatan Muara Siau, Kabupaten Merangin","Longitude":102.082582,"Latitude":-2.288803,"Tanggal Dokumentasi":"25/06/2026","Keterangan":"Ps. Muara Siau","Foto Survey Awal":"D:/011. ESDM/Penerangan Jalan Umum Tenaga Surya 2026/2026/03. Foto/MERANGIN-MUARA SIAU-MUARA SIAU-004.jpg"},"geometry":{"type":"Point","coordinates":[102.082582,-2.288803]}},{"type":"Feature","properties":{"fid":"531","Nomor":"MERANGIN-MUARA SIAU-MUARA SIAU-005","Nama Anggota":"Agus Zainuddin","Jalur":"Gubernur","Alamat":"Desa Muara Siau, Kecamatan Muara Siau, Kabupaten Merangin","Longitude":102.084082,"Latitude":-2.28832,"Tanggal Dokumentasi":"25/06/2026","Keterangan":"Ps. Muara Siau","Foto Survey Awal":"D:/011. ESDM/Penerangan Jalan Umum Tenaga Surya 2026/2026/03. Foto/MERANGIN-MUARA SIAU-MUARA SIAU-005.jpg"},"geometry":{"type":"Point","coordinates":[102.084082,-2.28832]}},{"type":"Feature","properties":{"fid":"532","Nomor":"BATANG HARI-MUARA BULIAN-SIMPANG TERUSAN-001","Nama Anggota":"M. Hafiz","Jalur":"Ketua DPRD","Alamat":"Desa Simpang Terusan, Kecamatan Muara Bulian, Kabupaten Batang Hari","Longitude":103.1789,"Latitude":-1.73276,"Tanggal Dokumentasi":"30/07/2026","Keterangan":"Pesantren Al-Muhajirin","Foto Survey Awal":"D:/011. ESDM/Penerangan Jalan Umum Tenaga Surya 2026/2026/03. Foto/BATANG HARI-MUARA BULIAN-SIMPANG TERUSAN-001.jpg"},"geometry":{"type":"Point","coordinates":[103.1789,-1.73276]}},{"type":"Feature","properties":{"fid":"533","Nomor":"BATANG HARI-MUARA BULIAN-SIMPANG TERUSAN-002","Nama Anggota":"M. Hafiz","Jalur":"Ketua DPRD","Alamat":"Desa Simpang Terusan, Kecamatan Muara Bulian, Kabupaten Batang Hari","Longitude":103.1723,"Latitude":-1.73301,"Tanggal Dokumentasi":"30/07/2026","Keterangan":"Pesantren Al-Muhajirin","Foto Survey Awal":"D:/011. ESDM/Penerangan Jalan Umum Tenaga Surya 2026/2026/03. Foto/BATANG HARI-MUARA BULIAN-SIMPANG TERUSAN-002.jpg"},"geometry":{"type":"Point","coordinates":[103.1723,-1.73301]}},{"type":"Feature","properties":{"fid":"534","Nomor":"BATANG HARI-MUARA BULIAN-SIMPANG TERUSAN-003","Nama Anggota":"M. Hafiz","Jalur":"Ketua DPRD","Alamat":"Desa Simpang Terusan, Kecamatan Muara Bulian, Kabupaten Batang Hari","Longitude":103.17231,"Latitude":-1.73267,"Tanggal Dokumentasi":"30/07/2026","Keterangan":"Pesantren Al-Muhajirin","Foto Survey Awal":"D:/011. ESDM/Penerangan Jalan Umum Tenaga Surya 2026/2026/03. Foto/BATANG HARI-MUARA BULIAN-SIMPANG TERUSAN-003.jpg"},"geometry":{"type":"Point","coordinates":[103.17231,-1.73267]}},{"type":"Feature","properties":{"fid":"535","Nomor":"BATANG HARI-MUARA BULIAN-SIMPANG TERUSAN-004","Nama Anggota":"M. Hafiz","Jalur":"Ketua DPRD","Alamat":"Desa Simpang Terusan, Kecamatan Muara Bulian, Kabupaten Batang Hari","Longitude":103.17494,"Latitude":-1.72893,"Tanggal Dokumentasi":"30/07/2026","Keterangan":"Pesantren Al-Muhajirin","Foto Survey Awal":"D:/011. ESDM/Penerangan Jalan Umum Tenaga Surya 2026/2026/03. Foto/BATANG HARI-MUARA BULIAN-SIMPANG TERUSAN-004.jpg"},"geometry":{"type":"Point","coordinates":[103.17494,-1.72893]}},{"type":"Feature","properties":{"fid":"536","Nomor":"BATANG HARI-MUARA BULIAN-MALAPARI-001","Nama Anggota":"M. Hafiz","Jalur":"Ketua DPRD","Alamat":"Desa Malapari, Kecamatan Muara Bulian, Kabupaten Batang Hari","Longitude":103.18676,"Latitude":-1.69765,"Tanggal Dokumentasi":"30/07/2026","Keterangan":"Desa Malapari","Foto Survey Awal":"D:/011. ESDM/Penerangan Jalan Umum Tenaga Surya 2026/2026/03. Foto/BATANG HARI-MUARA BULIAN-MALAPARI-001.jpg"},"geometry":{"type":"Point","coordinates":[103.18676,-1.69765]}},{"type":"Feature","properties":{"fid":"537","Nomor":"BATANG HARI-MUARA BULIAN-MALAPARI-002","Nama Anggota":"M. Hafiz","Jalur":"Ketua DPRD","Alamat":"Desa Malapari, Kecamatan Muara Bulian, Kabupaten Batang Hari","Longitude":103.18239,"Latitude":-1.68894,"Tanggal Dokumentasi":"30/07/2026","Keterangan":"Desa Malapari","Foto Survey Awal":"D:/011. ESDM/Penerangan Jalan Umum Tenaga Surya 2026/2026/03. Foto/BATANG HARI-MUARA BULIAN-MALAPARI-002.jpg"},"geometry":{"type":"Point","coordinates":[103.18239,-1.68894]}},{"type":"Feature","properties":{"fid":"538","Nomor":"BATANG HARI-MUARA BULIAN-MALAPARI-003","Nama Anggota":"M. Hafiz","Jalur":"Ketua DPRD","Alamat":"Desa Malapari, Kecamatan Muara Bulian, Kabupaten Batang Hari","Longitude":103.1876,"Latitude":-1.70113,"Tanggal Dokumentasi":"30/07/2026","Keterangan":"Desa Malapari","Foto Survey Awal":"D:/011. ESDM/Penerangan Jalan Umum Tenaga Surya 2026/2026/03. Foto/BATANG HARI-MUARA BULIAN-MALAPARI-003.jpg"},"geometry":{"type":"Point","coordinates":[103.1876,-1.70113]}},{"type":"Feature","properties":{"fid":"539","Nomor":"BATANG HARI-MUARA BULIAN-MALAPARI-004","Nama Anggota":"M. Hafiz","Jalur":"Ketua DPRD","Alamat":"Desa Malapari, Kecamatan Muara Bulian, Kabupaten Batang Hari","Longitude":103.1891,"Latitude":-1.7026,"Tanggal Dokumentasi":"30/07/2026","Keterangan":"Desa Malapari","Foto Survey Awal":"D:/011. ESDM/Penerangan Jalan Umum Tenaga Surya 2026/2026/03. Foto/BATANG HARI-MUARA BULIAN-MALAPARI-004.jpg"},"geometry":{"type":"Point","coordinates":[103.1891,-1.7026]}},{"type":"Feature","properties":{"fid":"540","Nomor":"BATANG HARI-MUARA BULIAN-MUARA BULIAN-001","Nama Anggota":"M. Hafiz","Jalur":"Ketua DPRD","Alamat":"Kel. Muara Bulian, Kecamatan Muara Bulian, Kabupaten Batang Hari","Longitude":103.26006,"Latitude":-1.7194,"Tanggal Dokumentasi":"30/07/2026","Keterangan":"Perumnas","Foto Survey Awal":"D:/011. ESDM/Penerangan Jalan Umum Tenaga Surya 2026/2026/03. Foto/BATANG HARI-MUARA BULIAN-MUARA BULIAN-001.jpg"},"geometry":{"type":"Point","coordinates":[103.26006,-1.7194]}},{"type":"Feature","properties":{"fid":"541","Nomor":"BATANG HARI-MUARA BULIAN-MUARA BULIAN-002","Nama Anggota":"M. Hafiz","Jalur":"Ketua DPRD","Alamat":"Kel. Muara Bulian, Kecamatan Muara Bulian, Kabupaten Batang Hari","Longitude":103.2601,"Latitude":-1.72084,"Tanggal Dokumentasi":"30/07/2026","Keterangan":"Perumnas","Foto Survey Awal":"D:/011. ESDM/Penerangan Jalan Umum Tenaga Surya 2026/2026/03. Foto/BATANG HARI-MUARA BULIAN-MUARA BULIAN-002.jpg"},"geometry":{"type":"Point","coordinates":[103.2601,-1.72084]}},{"type":"Feature","properties":{"fid":"542","Nomor":"BATANG HARI-MUARA BULIAN-MUARA BULIAN-003","Nama Anggota":"M. Hafiz","Jalur":"Ketua DPRD","Alamat":"Kel. Muara Bulian, Kecamatan Muara Bulian, Kabupaten Batang Hari","Longitude":103.26343,"Latitude":-1.72208,"Tanggal Dokumentasi":"30/07/2026","Keterangan":"Perumahan Pondok Berlian Indah","Foto Survey Awal":"D:/011. ESDM/Penerangan Jalan Umum Tenaga Surya 2026/2026/03. Foto/BATANG HARI-MUARA BULIAN-MUARA BULIAN-003.jpg"},"geometry":{"type":"Point","coordinates":[103.26343,-1.72208]}},{"type":"Feature","properties":{"fid":"543","Nomor":"BATANG HARI-MUARA BULIAN-MUARA BULIAN-004","Nama Anggota":"M. Hafiz","Jalur":"Ketua DPRD","Alamat":"Kel. Muara Bulian, Kecamatan Muara Bulian, Kabupaten Batang Hari","Longitude":103.26343,"Latitude":-1.72237,"Tanggal Dokumentasi":"30/07/2026","Keterangan":"Perumahan Pondok Berlian Indah","Foto Survey Awal":"D:/011. ESDM/Penerangan Jalan Umum Tenaga Surya 2026/2026/03. Foto/BATANG HARI-MUARA BULIAN-MUARA BULIAN-004.jpg"},"geometry":{"type":"Point","coordinates":[103.26343,-1.72237]}},{"type":"Feature","properties":{"fid":"544","Nomor":"BATANG HARI-MUARA BULIAN-RENGAS CONDONG-001","Nama Anggota":"M. Hafiz","Jalur":"Ketua DPRD","Alamat":"Kel. Rengas Condong, Kecamatan Muara Bulian, Kabupaten Batang Hari","Longitude":103.27758,"Latitude":-1.73306,"Tanggal Dokumentasi":"30/07/2026","Keterangan":"RT 21 Rengas Condong","Foto Survey Awal":"D:/011. ESDM/Penerangan Jalan Umum Tenaga Surya 2026/2026/03. Foto/BATANG HARI-MUARA BULIAN-RENGAS CONDONG-001.jpg"},"geometry":{"type":"Point","coordinates":[103.27758,-1.73306]}},{"type":"Feature","properties":{"fid":"545","Nomor":"BATANG HARI-MUARA BULIAN-RENGAS CONDONG-002","Nama Anggota":"M. Hafiz","Jalur":"Ketua DPRD","Alamat":"Kel. Rengas Condong, Kecamatan Muara Bulian, Kabupaten Batang Hari","Longitude":103.27781,"Latitude":-1.73245,"Tanggal Dokumentasi":"30/07/2026","Keterangan":"RT 21 Rengas Condong","Foto Survey Awal":"D:/011. ESDM/Penerangan Jalan Umum Tenaga Surya 2026/2026/03. Foto/BATANG HARI-MUARA BULIAN-RENGAS CONDONG-002.jpg"},"geometry":{"type":"Point","coordinates":[103.27781,-1.73245]}},{"type":"Feature","properties":{"fid":"546","Nomor":"BATANG HARI-MUARA BULIAN-RENGAS CONDONG-004","Nama Anggota":"M. Hafiz","Jalur":"Ketua DPRD","Alamat":"Kel. Rengas Condong, Kecamatan Muara Bulian, Kabupaten Batang Hari","Longitude":103.27442,"Latitude":-1.70198,"Tanggal Dokumentasi":"30/07/2026","Keterangan":"RT 14 Rengas Condong","Foto Survey Awal":"D:/011. ESDM/Penerangan Jalan Umum Tenaga Surya 2026/2026/03. Foto/BATANG HARI-MUARA BULIAN-RENGAS CONDONG-004.jpg"},"geometry":{"type":"Point","coordinates":[103.27442,-1.70198]}},{"type":"Feature","properties":{"fid":"547","Nomor":"BATANG HARI-MUARA BULIAN-RENGAS CONDONG-005","Nama Anggota":"M. Hafiz","Jalur":"Ketua DPRD","Alamat":"Kel. Rengas Condong, Kecamatan Muara Bulian, Kabupaten Batang Hari","Longitude":103.27559,"Latitude":-1.70301,"Tanggal Dokumentasi":"30/07/2026","Keterangan":"RT 14 Rengas Condong","Foto Survey Awal":"D:/011. ESDM/Penerangan Jalan Umum Tenaga Surya 2026/2026/03. Foto/BATANG HARI-MUARA BULIAN-RENGAS CONDONG-005.jpg"},"geometry":{"type":"Point","coordinates":[103.27559,-1.70301]}},{"type":"Feature","properties":{"fid":"548","Nomor":"BATANG HARI-MUARA BULIAN-TERATAI-001","Nama Anggota":"M. Hafiz","Jalur":"Ketua DPRD","Alamat":"Kel. Teratai, Kecamatan Muara Bulian, Kabupaten Batang Hari","Longitude":103.28644,"Latitude":-1.69049,"Tanggal Dokumentasi":"30/07/2026","Keterangan":"RT 15 Teratai","Foto Survey Awal":"D:/011. ESDM/Penerangan Jalan Umum Tenaga Surya 2026/2026/03. Foto/BATANG HARI-MUARA BULIAN-TERATAI-001.jpg"},"geometry":{"type":"Point","coordinates":[103.28644,-1.69049]}},{"type":"Feature","properties":{"fid":"549","Nomor":"BATANG HARI-MUARA BULIAN-TERATAI-002","Nama Anggota":"M. Hafiz","Jalur":"Ketua DPRD","Alamat":"Kel. Teratai, Kecamatan Muara Bulian, Kabupaten Batang Hari","Longitude":103.28647,"Latitude":-1.69002,"Tanggal Dokumentasi":"30/07/2026","Keterangan":"RT 15 Teratai","Foto Survey Awal":"D:/011. ESDM/Penerangan Jalan Umum Tenaga Surya 2026/2026/03. Foto/BATANG HARI-MUARA BULIAN-TERATAI-002.jpg"},"geometry":{"type":"Point","coordinates":[103.28647,-1.69002]}},{"type":"Feature","properties":{"fid":"550","Nomor":"BATANG HARI-MUARA BULIAN-TERATAI-003","Nama Anggota":"M. Hafiz","Jalur":"Ketua DPRD","Alamat":"Kel. Teratai, Kecamatan Muara Bulian, Kabupaten Batang Hari","Longitude":103.28641,"Latitude":-1.69107,"Tanggal Dokumentasi":"30/07/2026","Keterangan":"RT 15 Teratai","Foto Survey Awal":"D:/011. ESDM/Penerangan Jalan Umum Tenaga Surya 2026/2026/03. Foto/BATANG HARI-MUARA BULIAN-TERATAI-003.jpg","Status":"Cadangan"},"geometry":{"type":"Point","coordinates":[103.28641,-1.69107]}},{"type":"Feature","properties":{"fid":"551","Nomor":"BATANG HARI-MUARA BULIAN-TERATAI-004","Nama Anggota":"M. Hafiz","Jalur":"Ketua DPRD","Alamat":"Kel. Teratai, Kecamatan Muara Bulian, Kabupaten Batang Hari","Longitude":103.27631,"Latitude":-1.68653,"Tanggal Dokumentasi":"30/07/2026","Keterangan":"Mayang Mangurai","Foto Survey Awal":"D:/011. ESDM/Penerangan Jalan Umum Tenaga Surya 2026/2026/03. Foto/BATANG HARI-MUARA BULIAN-TERATAI-004.jpg"},"geometry":{"type":"Point","coordinates":[103.27631,-1.68653]}},{"type":"Feature","properties":{"fid":"552","Nomor":"BATANG HARI-MUARA BULIAN-TERATAI-005","Nama Anggota":"M. Hafiz","Jalur":"Ketua DPRD","Alamat":"Kel. Teratai, Kecamatan Muara Bulian, Kabupaten Batang Hari","Longitude":103.27572,"Latitude":-1.68717,"Tanggal Dokumentasi":"30/07/2026","Keterangan":"Mayang Mangurai","Foto Survey Awal":"D:/011. ESDM/Penerangan Jalan Umum Tenaga Surya 2026/2026/03. Foto/BATANG HARI-MUARA BULIAN-TERATAI-005.jpg"},"geometry":{"type":"Point","coordinates":[103.27572,-1.68717]}},{"type":"Feature","properties":{"fid":"553","Nomor":"BATANG HARI-MUARA BULIAN-TERATAI-006","Nama Anggota":"M. Hafiz","Jalur":"Ketua DPRD","Alamat":"Kel. Teratai, Kecamatan Muara Bulian, Kabupaten Batang Hari","Longitude":103.27617,"Latitude":-1.68787,"Tanggal Dokumentasi":"30/07/2026","Keterangan":"Mayang Mangurai","Foto Survey Awal":"D:/011. ESDM/Penerangan Jalan Umum Tenaga Surya 2026/2026/03. Foto/BATANG HARI-MUARA BULIAN-TERATAI-006.jpg"},"geometry":{"type":"Point","coordinates":[103.27617,-1.68787]}},{"type":"Feature","properties":{"fid":"554","Nomor":"BATANG HARI-PEMAYUNG-TURE-011","Nama Anggota":"M. Hafiz","Jalur":"Ketua DPRD","Alamat":"Desa Ture, Kecamatan Pemayung, Kabupaten Batang Hari","Longitude":103.41694,"Latitude":-1.56121,"Tanggal Dokumentasi":"30/07/2026","Keterangan":"Desa Ture","Foto Survey Awal":"D:/011. ESDM/Penerangan Jalan Umum Tenaga Surya 2026/2026/03. Foto/BATANG HARI-PEMAYUNG-TURE-011.jpg"},"geometry":{"type":"Point","coordinates":[103.41694,-1.56121]}},{"type":"Feature","properties":{"fid":"555","Nomor":"BATANG HARI-PEMAYUNG-TURE-012","Nama Anggota":"M. Hafiz","Jalur":"Ketua DPRD","Alamat":"Desa Ture, Kecamatan Pemayung, Kabupaten Batang Hari","Longitude":103.41671,"Latitude":-1.56205,"Tanggal Dokumentasi":"30/07/2026","Keterangan":"Desa Ture","Foto Survey Awal":"D:/011. ESDM/Penerangan Jalan Umum Tenaga Surya 2026/2026/03. Foto/BATANG HARI-PEMAYUNG-TURE-012.jpg"},"geometry":{"type":"Point","coordinates":[103.41671,-1.56205]}},{"type":"Feature","properties":{"fid":"556","Nomor":"BATANG HARI-MUARA BULIAN-RENGAS CONDONG-003","Nama Anggota":"M. Hafiz","Jalur":"Ketua DPRD","Alamat":"Kel. Rengas Condong, Kecamatan Muara Bulian, Kabupaten Batang Hari","Longitude":103.277695,"Latitude":-1.732755,"Tanggal Dokumentasi":null,"Keterangan":"RT 21 Rengas Condong","Foto Survey Awal":null,"Status":"Belum Ditetapkan","Catatan":"RT 21 mendapat 3 unit; 2 sudah disurvei. Titik ketiga ini belum ada lokasi pastinya, koordinasikan dengan Ketua RT 21."},"geometry":{"type":"Point","coordinates":[103.277695,-1.732755]}},{"type":"Feature","properties":{"fid":"557","Nomor":"KERINCI-SIULAK MUKAI-TALANG TINGGI-007","Nama Anggota":"Bupati Kerinci","Jalur":"Gubernur","Alamat":"Desa Talang Tinggi, Kecamatan Siulak Mukai, Kabupaten Kerinci","Longitude":101.351618,"Latitude":-1.947803,"Tanggal Dokumentasi":null,"Keterangan":"Desa Talang Tinggi","Foto Survey Awal":null,"Status":"Belum Ditetapkan","Catatan":"Talang Tinggi mendapat 7 unit; 6 sudah disurvei. Titik ketujuh ini belum ada lokasi pastinya, koordinasikan dengan pemerintah Desa Talang Tinggi."},"geometry":{"type":"Point","coordinates":[101.351618,-1.947803]}},{"type":"Feature","properties":{"fid":"558","Nomor":"KERINCI-SIULAK-SIULAK GEDANG-001","Nama Anggota":"Arwiyanto, S.E.","Jalur":"Komisi III","Alamat":"Desa Siulak Gedang, Kecamatan Siulak, Kabupaten Kerinci","Longitude":101.351643,"Latitude":-1.968337,"Tanggal Dokumentasi":null,"Keterangan":"Desa Siulak Gedang","Foto Survey Awal":null,"Status":"Belum Ditetapkan","Catatan":"Siulak Gedang mendapat 2 unit, belum disurvei. Lokasi titik ini belum ada, koordinasikan dengan pemerintah Desa Siulak Gedang."},"geometry":{"type":"Point","coordinates":[101.351643,-1.968337]}},{"type":"Feature","properties":{"fid":"559","Nomor":"KERINCI-SIULAK-SIULAK GEDANG-002","Nama Anggota":"Arwiyanto, S.E.","Jalur":"Komisi III","Alamat":"Desa Siulak Gedang, Kecamatan Siulak, Kabupaten Kerinci","Longitude":101.352043,"Latitude":-1.968337,"Tanggal Dokumentasi":null,"Keterangan":"Desa Siulak Gedang","Foto Survey Awal":null,"Status":"Belum Ditetapkan","Catatan":"Siulak Gedang mendapat 2 unit, belum disurvei. Lokasi titik ini belum ada, koordinasikan dengan pemerintah Desa Siulak Gedang."},"geometry":{"type":"Point","coordinates":[101.352043,-1.968337]}},{"type":"Feature","properties":{"fid":"560","Nomor":"BATANG HARI-BATIN XXIV-OLAK BESAR-001","Nama Anggota":"M. Hafiz","Jalur":"Ketua DPRD","Alamat":"Desa Olak Besar, Kecamatan Batin XXIV, Kabupaten Batang Hari","Longitude":102.98038,"Latitude":-1.89282,"Tanggal Dokumentasi":"30/07/2026","Keterangan":"RT 02 Olak Besar","Foto Survey Awal":"D:/011. ESDM/Penerangan Jalan Umum Tenaga Surya 2026/2026/03. Foto/BATANG HARI-BATIN XXIV-OLAK BESAR-001.jpg"},"geometry":{"type":"Point","coordinates":[102.98038,-1.89282]}},{"type":"Feature","properties":{"fid":"561","Nomor":"BATANG HARI-BATIN XXIV-OLAK BESAR-002","Nama Anggota":"M. Hafiz","Jalur":"Ketua DPRD","Alamat":"Desa Olak Besar, Kecamatan Batin XXIV, Kabupaten Batang Hari","Longitude":102.98061,"Latitude":-1.89603,"Tanggal Dokumentasi":"30/07/2026","Keterangan":"Desa Olak Besar","Foto Survey Awal":"D:/011. ESDM/Penerangan Jalan Umum Tenaga Surya 2026/2026/03. Foto/BATANG HARI-BATIN XXIV-OLAK BESAR-002.jpg"},"geometry":{"type":"Point","coordinates":[102.98061,-1.89603]}},{"type":"Feature","properties":{"fid":"562","Nomor":"BATANG HARI-BATIN XXIV-OLAK BESAR-003","Nama Anggota":"M. Hafiz","Jalur":"Ketua DPRD","Alamat":"Desa Olak Besar, Kecamatan Batin XXIV, Kabupaten Batang Hari","Longitude":102.98033,"Latitude":-1.89677,"Tanggal Dokumentasi":"30/07/2026","Keterangan":"Desa Olak Besar","Foto Survey Awal":"D:/011. ESDM/Penerangan Jalan Umum Tenaga Surya 2026/2026/03. Foto/BATANG HARI-BATIN XXIV-OLAK BESAR-003.jpg","Duplikat":true},"geometry":{"type":"Point","coordinates":[102.98033,-1.89677]}},{"type":"Feature","properties":{"fid":"563","Nomor":"BATANG HARI-BATIN XXIV-OLAK BESAR-004","Nama Anggota":"M. Hafiz","Jalur":"Ketua DPRD","Alamat":"Desa Olak Besar, Kecamatan Batin XXIV, Kabupaten Batang Hari","Longitude":102.98033,"Latitude":-1.89677,"Tanggal Dokumentasi":"30/07/2026","Keterangan":"Desa Olak Besar","Foto Survey Awal":"D:/011. ESDM/Penerangan Jalan Umum Tenaga Surya 2026/2026/03. Foto/BATANG HARI-BATIN XXIV-OLAK BESAR-004.jpg","Duplikat":true},"geometry":{"type":"Point","coordinates":[102.98033,-1.89677]}},{"type":"Feature","properties":{"fid":"564","Nomor":"BATANG HARI-BATIN XXIV-DURIAN LUNCUK-001","Nama Anggota":"M. Hafiz","Jalur":"Ketua DPRD","Alamat":"Desa Durian Luncuk, Kecamatan Batin XXIV, Kabupaten Batang Hari","Longitude":102.99458,"Latitude":-1.88266,"Tanggal Dokumentasi":"30/07/2026","Keterangan":"Desa Durian Luncuk","Foto Survey Awal":"D:/011. ESDM/Penerangan Jalan Umum Tenaga Surya 2026/2026/03. Foto/BATANG HARI-BATIN XXIV-DURIAN LUNCUK-001.jpg"},"geometry":{"type":"Point","coordinates":[102.99458,-1.88266]}},{"type":"Feature","properties":{"fid":"565","Nomor":"BATANG HARI-BATIN XXIV-DURIAN LUNCUK-002","Nama Anggota":"M. Hafiz","Jalur":"Ketua DPRD","Alamat":"Desa Durian Luncuk, Kecamatan Batin XXIV, Kabupaten Batang Hari","Longitude":102.99496,"Latitude":-1.88204,"Tanggal Dokumentasi":"30/07/2026","Keterangan":"Desa Durian Luncuk","Foto Survey Awal":"D:/011. ESDM/Penerangan Jalan Umum Tenaga Surya 2026/2026/03. Foto/BATANG HARI-BATIN XXIV-DURIAN LUNCUK-002.jpg"},"geometry":{"type":"Point","coordinates":[102.99496,-1.88204]}},{"type":"Feature","properties":{"fid":"566","Nomor":"BATANG HARI-BATIN XXIV-DURIAN LUNCUK-003","Nama Anggota":"M. Hafiz","Jalur":"Ketua DPRD","Alamat":"Desa Durian Luncuk, Kecamatan Batin XXIV, Kabupaten Batang Hari","Longitude":102.99538,"Latitude":-1.87898,"Tanggal Dokumentasi":"30/07/2026","Keterangan":"Desa Durian Luncuk","Foto Survey Awal":"D:/011. ESDM/Penerangan Jalan Umum Tenaga Surya 2026/2026/03. Foto/BATANG HARI-BATIN XXIV-DURIAN LUNCUK-003.jpg"},"geometry":{"type":"Point","coordinates":[102.99538,-1.87898]}},{"type":"Feature","properties":{"fid":"567","Nomor":"BATANG HARI-BATIN XXIV-DURIAN LUNCUK-004","Nama Anggota":"M. Hafiz","Jalur":"Ketua DPRD","Alamat":"Desa Durian Luncuk, Kecamatan Batin XXIV, Kabupaten Batang Hari","Longitude":102.99468,"Latitude":-1.87813,"Tanggal Dokumentasi":"30/07/2026","Keterangan":"Desa Durian Luncuk","Foto Survey Awal":"D:/011. ESDM/Penerangan Jalan Umum Tenaga Surya 2026/2026/03. Foto/BATANG HARI-BATIN XXIV-DURIAN LUNCUK-004.jpg"},"geometry":{"type":"Point","coordinates":[102.99468,-1.87813]}},{"type":"Feature","properties":{"fid":"568","Nomor":"BATANG HARI-BATIN XXIV-DURIAN LUNCUK-005","Nama Anggota":"M. Hafiz","Jalur":"Ketua DPRD","Alamat":"Desa Durian Luncuk, Kecamatan Batin XXIV, Kabupaten Batang Hari","Longitude":102.99525,"Latitude":-1.87922,"Tanggal Dokumentasi":"30/07/2026","Keterangan":"Desa Durian Luncuk","Foto Survey Awal":"D:/011. ESDM/Penerangan Jalan Umum Tenaga Surya 2026/2026/03. Foto/BATANG HARI-BATIN XXIV-DURIAN LUNCUK-005.jpg"},"geometry":{"type":"Point","coordinates":[102.99525,-1.87922]}},{"type":"Feature","properties":{"fid":"569","Nomor":"BATANG HARI-BATIN XXIV-SIMPANG AUR GADING-001","Nama Anggota":"M. Hafiz","Jalur":"Ketua DPRD","Alamat":"Desa Simpang Aur Gading, Kecamatan Batin XXIV, Kabupaten Batang Hari","Longitude":103.01141,"Latitude":-1.86448,"Tanggal Dokumentasi":"30/07/2026","Keterangan":"Desa Simpang Aur Gading","Foto Survey Awal":"D:/011. ESDM/Penerangan Jalan Umum Tenaga Surya 2026/2026/03. Foto/BATANG HARI-BATIN XXIV-SIMPANG AUR GADING-001.jpg"},"geometry":{"type":"Point","coordinates":[103.01141,-1.86448]}},{"type":"Feature","properties":{"fid":"570","Nomor":"BATANG HARI-BATIN XXIV-SIMPANG AUR GADING-002","Nama Anggota":"M. Hafiz","Jalur":"Ketua DPRD","Alamat":"Desa Simpang Aur Gading, Kecamatan Batin XXIV, Kabupaten Batang Hari","Longitude":103.01125,"Latitude":-1.8644,"Tanggal Dokumentasi":"30/07/2026","Keterangan":"Desa Simpang Aur Gading","Foto Survey Awal":"D:/011. ESDM/Penerangan Jalan Umum Tenaga Surya 2026/2026/03. Foto/BATANG HARI-BATIN XXIV-SIMPANG AUR GADING-002.jpg"},"geometry":{"type":"Point","coordinates":[103.01125,-1.8644]}},{"type":"Feature","properties":{"fid":"571","Nomor":"BATANG HARI-BATIN XXIV-KARMEO-001","Nama Anggota":"M. Hafiz","Jalur":"Ketua DPRD","Alamat":"Desa Karmeo, Kecamatan Batin XXIV, Kabupaten Batang Hari","Longitude":103.03426,"Latitude":-1.79036,"Tanggal Dokumentasi":"30/07/2026","Keterangan":"Desa Karmeo","Foto Survey Awal":"D:/011. ESDM/Penerangan Jalan Umum Tenaga Surya 2026/2026/03. Foto/BATANG HARI-BATIN XXIV-KARMEO-001.jpg"},"geometry":{"type":"Point","coordinates":[103.03426,-1.79036]}},{"type":"Feature","properties":{"fid":"572","Nomor":"BATANG HARI-BATIN XXIV-KARMEO-002","Nama Anggota":"M. Hafiz","Jalur":"Ketua DPRD","Alamat":"Desa Karmeo, Kecamatan Batin XXIV, Kabupaten Batang Hari","Longitude":103.03351,"Latitude":-1.78997,"Tanggal Dokumentasi":"30/07/2026","Keterangan":"Desa Karmeo","Foto Survey Awal":"D:/011. ESDM/Penerangan Jalan Umum Tenaga Surya 2026/2026/03. Foto/BATANG HARI-BATIN XXIV-KARMEO-002.jpg"},"geometry":{"type":"Point","coordinates":[103.03351,-1.78997]}},{"type":"Feature","properties":{"fid":"573","Nomor":"BATANG HARI-BATIN XXIV-KARMEO-003","Nama Anggota":"M. Hafiz","Jalur":"Ketua DPRD","Alamat":"Desa Karmeo, Kecamatan Batin XXIV, Kabupaten Batang Hari","Longitude":103.03568,"Latitude":-1.79058,"Tanggal Dokumentasi":"30/07/2026","Keterangan":"Desa Karmeo","Foto Survey Awal":"D:/011. ESDM/Penerangan Jalan Umum Tenaga Surya 2026/2026/03. Foto/BATANG HARI-BATIN XXIV-KARMEO-003.jpg"},"geometry":{"type":"Point","coordinates":[103.03568,-1.79058]}},{"type":"Feature","properties":{"fid":"574","Nomor":"BATANG HARI-BATIN XXIV-KARMEO-004","Nama Anggota":"M. Hafiz","Jalur":"Ketua DPRD","Alamat":"Desa Karmeo, Kecamatan Batin XXIV, Kabupaten Batang Hari","Longitude":103.0395,"Latitude":-1.79203,"Tanggal Dokumentasi":"30/07/2026","Keterangan":"RT 08 Karmeo","Foto Survey Awal":"D:/011. ESDM/Penerangan Jalan Umum Tenaga Surya 2026/2026/03. Foto/BATANG HARI-BATIN XXIV-KARMEO-004.jpg"},"geometry":{"type":"Point","coordinates":[103.0395,-1.79203]}},{"type":"Feature","properties":{"fid":"575","Nomor":"BATANG HARI-BATIN XXIV-JANGGA BARU-001","Nama Anggota":"M. Hafiz","Jalur":"Ketua DPRD","Alamat":"Desa Jangga Baru, Kecamatan Batin XXIV, Kabupaten Batang Hari","Longitude":103.13658,"Latitude":-1.92101,"Tanggal Dokumentasi":"30/07/2026","Keterangan":"Desa Jangga Baru","Foto Survey Awal":"D:/011. ESDM/Penerangan Jalan Umum Tenaga Surya 2026/2026/03. Foto/BATANG HARI-BATIN XXIV-JANGGA BARU-001.jpg"},"geometry":{"type":"Point","coordinates":[103.13658,-1.92101]}},{"type":"Feature","properties":{"fid":"576","Nomor":"BATANG HARI-BATIN XXIV-JANGGA BARU-002","Nama Anggota":"M. Hafiz","Jalur":"Ketua DPRD","Alamat":"Desa Jangga Baru, Kecamatan Batin XXIV, Kabupaten Batang Hari","Longitude":103.12962,"Latitude":-1.9251,"Tanggal Dokumentasi":"30/07/2026","Keterangan":"Desa Jangga Baru","Foto Survey Awal":"D:/011. ESDM/Penerangan Jalan Umum Tenaga Surya 2026/2026/03. Foto/BATANG HARI-BATIN XXIV-JANGGA BARU-002.jpg"},"geometry":{"type":"Point","coordinates":[103.12962,-1.9251]}},{"type":"Feature","properties":{"fid":"577","Nomor":"BATANG HARI-BATIN XXIV-JANGGA BARU-003","Nama Anggota":"M. Hafiz","Jalur":"Ketua DPRD","Alamat":"Desa Jangga Baru, Kecamatan Batin XXIV, Kabupaten Batang Hari","Longitude":103.13949,"Latitude":-1.92493,"Tanggal Dokumentasi":"30/07/2026","Keterangan":"Desa Jangga Baru","Foto Survey Awal":"D:/011. ESDM/Penerangan Jalan Umum Tenaga Surya 2026/2026/03. Foto/BATANG HARI-BATIN XXIV-JANGGA BARU-003.jpg"},"geometry":{"type":"Point","coordinates":[103.13949,-1.92493]}},{"type":"Feature","properties":{"fid":"578","Nomor":"BATANG HARI-BATIN XXIV-JANGGA BARU-004","Nama Anggota":"M. Hafiz","Jalur":"Ketua DPRD","Alamat":"Desa Jangga Baru, Kecamatan Batin XXIV, Kabupaten Batang Hari","Longitude":103.1406,"Latitude":-1.91204,"Tanggal Dokumentasi":"30/07/2026","Keterangan":"Desa Jangga Baru","Foto Survey Awal":"D:/011. ESDM/Penerangan Jalan Umum Tenaga Surya 2026/2026/03. Foto/BATANG HARI-BATIN XXIV-JANGGA BARU-004.jpg"},"geometry":{"type":"Point","coordinates":[103.1406,-1.91204]}},{"type":"Feature","properties":{"fid":"579","Nomor":"BATANG HARI-BATIN XXIV-JANGGA BARU-005","Nama Anggota":"M. Hafiz","Jalur":"Ketua DPRD","Alamat":"Desa Jangga Baru, Kecamatan Batin XXIV, Kabupaten Batang Hari","Longitude":103.13694,"Latitude":-1.91869,"Tanggal Dokumentasi":"30/07/2026","Keterangan":"Desa Jangga Baru","Foto Survey Awal":"D:/011. ESDM/Penerangan Jalan Umum Tenaga Surya 2026/2026/03. Foto/BATANG HARI-BATIN XXIV-JANGGA BARU-005.jpg"},"geometry":{"type":"Point","coordinates":[103.13694,-1.91869]}},{"type":"Feature","properties":{"fid":"580","Nomor":"BATANG HARI-MUARA BULIAN-SUNGAI BULUH-001","Nama Anggota":"M. Hafiz","Jalur":"Ketua DPRD","Alamat":"Desa Sungai Buluh, Kecamatan Muara Bulian, Kabupaten Batang Hari","Longitude":103.308481,"Latitude":-1.711169,"Tanggal Dokumentasi":"14/08/2026","Keterangan":"RT 19 Sungai Buluh","Foto Survey Awal":"D:/011. ESDM/Penerangan Jalan Umum Tenaga Surya 2026/2026/03. Foto/BATANG HARI-MUARA BULIAN-SUNGAI BULUH-001.jpg"},"geometry":{"type":"Point","coordinates":[103.308481,-1.711169]}},{"type":"Feature","properties":{"fid":"581","Nomor":"BATANG HARI-MUARA BULIAN-SUNGAI BULUH-002","Nama Anggota":"M. Hafiz","Jalur":"Ketua DPRD","Alamat":"Desa Sungai Buluh, Kecamatan Muara Bulian, Kabupaten Batang Hari","Longitude":103.311435,"Latitude":-1.711628,"Tanggal Dokumentasi":"14/08/2026","Keterangan":"RT 19 Sungai Buluh","Foto Survey Awal":"D:/011. ESDM/Penerangan Jalan Umum Tenaga Surya 2026/2026/03. Foto/BATANG HARI-MUARA BULIAN-SUNGAI BULUH-002.jpg"},"geometry":{"type":"Point","coordinates":[103.311435,-1.711628]}},{"type":"Feature","properties":{"fid":"582","Nomor":"BATANG HARI-MUARA BULIAN-SUNGAI BULUH-003","Nama Anggota":"M. Hafiz","Jalur":"Ketua DPRD","Alamat":"Desa Sungai Buluh, Kecamatan Muara Bulian, Kabupaten Batang Hari","Longitude":103.312623,"Latitude":-1.711284,"Tanggal Dokumentasi":"14/08/2026","Keterangan":"RT 19 Sungai Buluh","Foto Survey Awal":"D:/011. ESDM/Penerangan Jalan Umum Tenaga Surya 2026/2026/03. Foto/BATANG HARI-MUARA BULIAN-SUNGAI BULUH-003.jpg"},"geometry":{"type":"Point","coordinates":[103.312623,-1.711284]}},{"type":"Feature","properties":{"fid":"583","Nomor":"BATANG HARI-MUARA BULIAN-SUNGAI BULUH-004","Nama Anggota":"M. Hafiz","Jalur":"Ketua DPRD","Alamat":"Desa Sungai Buluh, Kecamatan Muara Bulian, Kabupaten Batang Hari","Longitude":103.313859,"Latitude":-1.708921,"Tanggal Dokumentasi":"14/08/2026","Keterangan":"RT 19 Sungai Buluh","Foto Survey Awal":"D:/011. ESDM/Penerangan Jalan Umum Tenaga Surya 2026/2026/03. Foto/BATANG HARI-MUARA BULIAN-SUNGAI BULUH-004.jpg"},"geometry":{"type":"Point","coordinates":[103.313859,-1.708921]}}]}